-- Digital Marketing Portal SQL Export
-- Database: digital_marketing_portal
-- Generated: 2026-04-25 12:11:53 UTC

SET NAMES utf8mb4;
SET FOREIGN_KEY_CHECKS=0;

-- ----------------------------------------
-- Table structure for `academic_years`
-- ----------------------------------------

DROP TABLE IF EXISTS `academic_years`;
CREATE TABLE `academic_years` (
  `academic_year_id` bigint(20) unsigned NOT NULL AUTO_INCREMENT,
  `label` varchar(50) NOT NULL,
  `status` enum('active','closed') NOT NULL DEFAULT 'closed',
  `start_date` date DEFAULT NULL,
  `end_date` date DEFAULT NULL,
  `created_at` timestamp NOT NULL DEFAULT current_timestamp(),
  PRIMARY KEY (`academic_year_id`),
  UNIQUE KEY `uq_academic_year_label` (`label`),
  KEY `idx_academic_year_status` (`status`)
) ENGINE=InnoDB AUTO_INCREMENT=2 DEFAULT CHARSET=utf8mb4 COLLATE=utf8mb4_unicode_ci;

-- Dumping data for `academic_years`
INSERT INTO `academic_years` (`academic_year_id`, `label`, `status`, `start_date`, `end_date`, `created_at`) VALUES
(1, '2025-2026', 'active', NULL, NULL, '2026-02-16 12:34:43');

-- ----------------------------------------
-- Table structure for `admins`
-- ----------------------------------------

DROP TABLE IF EXISTS `admins`;
CREATE TABLE `admins` (
  `admin_id` bigint(20) unsigned NOT NULL AUTO_INCREMENT,
  `full_name` varchar(200) NOT NULL,
  `email` varchar(254) NOT NULL,
  `role` varchar(100) NOT NULL,
  `created_at` timestamp NOT NULL DEFAULT current_timestamp(),
  PRIMARY KEY (`admin_id`),
  UNIQUE KEY `uq_admins_email` (`email`)
) ENGINE=InnoDB AUTO_INCREMENT=2 DEFAULT CHARSET=utf8mb4 COLLATE=utf8mb4_unicode_ci;

-- Dumping data for `admins`
INSERT INTO `admins` (`admin_id`, `full_name`, `email`, `role`, `created_at`) VALUES
(1, 'Rostom', 'Rostom@gmail.com', 'admin', '2026-01-11 10:51:03');

-- ----------------------------------------
-- Table structure for `attendance_records`
-- ----------------------------------------

DROP TABLE IF EXISTS `attendance_records`;
CREATE TABLE `attendance_records` (
  `attendance_id` bigint(20) unsigned NOT NULL AUTO_INCREMENT,
  `term_id` bigint(20) unsigned NOT NULL DEFAULT 1,
  `schedule_id` bigint(20) unsigned NOT NULL,
  `student_id` bigint(20) unsigned NOT NULL,
  `status` enum('PRESENT','ABSENT') NOT NULL,
  `created_at` timestamp NOT NULL DEFAULT current_timestamp(),
  `updated_at` timestamp NOT NULL DEFAULT current_timestamp() ON UPDATE current_timestamp(),
  PRIMARY KEY (`attendance_id`),
  UNIQUE KEY `uq_attendance_term_schedule_student` (`term_id`,`schedule_id`,`student_id`),
  KEY `idx_attendance_term` (`term_id`,`schedule_id`),
  KEY `idx_attendance_student` (`student_id`),
  KEY `idx_attendance_schedule` (`schedule_id`),
  CONSTRAINT `fk_attendance_schedule` FOREIGN KEY (`schedule_id`) REFERENCES `doctor_schedules` (`schedule_id`) ON DELETE CASCADE ON UPDATE CASCADE,
  CONSTRAINT `fk_attendance_student` FOREIGN KEY (`student_id`) REFERENCES `students` (`student_id`) ON DELETE CASCADE ON UPDATE CASCADE
) ENGINE=InnoDB AUTO_INCREMENT=4336 DEFAULT CHARSET=utf8mb4 COLLATE=utf8mb4_unicode_ci;

-- Dumping data for `attendance_records`
INSERT INTO `attendance_records` (`attendance_id`, `term_id`, `schedule_id`, `student_id`, `status`, `created_at`, `updated_at`) VALUES
(1, 1, 59, 1, 'ABSENT', '2026-01-15 12:18:05', '2026-01-15 22:39:18'),
(2, 1, 59, 2, 'ABSENT', '2026-01-15 12:18:05', '2026-01-15 22:39:18'),
(3, 1, 59, 3, 'ABSENT', '2026-01-15 12:18:05', '2026-01-15 22:39:18'),
(4, 1, 59, 4, 'ABSENT', '2026-01-15 12:18:05', '2026-01-15 22:39:18'),
(5, 1, 59, 5, 'ABSENT', '2026-01-15 12:18:05', '2026-01-15 22:39:18'),
(6, 1, 59, 6, 'ABSENT', '2026-01-15 12:18:05', '2026-01-15 22:39:18'),
(7, 1, 59, 7, 'ABSENT', '2026-01-15 12:18:05', '2026-01-15 22:39:18'),
(8, 1, 59, 8, 'ABSENT', '2026-01-15 12:18:05', '2026-01-15 22:39:18'),
(9, 1, 59, 9, 'ABSENT', '2026-01-15 12:18:05', '2026-01-15 22:39:18'),
(10, 1, 59, 10, 'ABSENT', '2026-01-15 12:18:05', '2026-01-15 22:39:18'),
(11, 1, 59, 11, 'ABSENT', '2026-01-15 12:18:05', '2026-01-15 22:39:18'),
(12, 1, 59, 12, 'ABSENT', '2026-01-15 12:18:05', '2026-01-15 22:39:18'),
(13, 1, 59, 13, 'ABSENT', '2026-01-15 12:18:05', '2026-01-15 22:39:19'),
(14, 1, 59, 14, 'ABSENT', '2026-01-15 12:18:06', '2026-01-15 22:39:19'),
(15, 1, 59, 15, 'ABSENT', '2026-01-15 12:18:06', '2026-01-15 22:39:19'),
(16, 1, 59, 16, 'ABSENT', '2026-01-15 12:18:06', '2026-01-15 22:39:19'),
(17, 1, 59, 17, 'ABSENT', '2026-01-15 12:18:06', '2026-01-15 22:39:19'),
(18, 1, 59, 18, 'ABSENT', '2026-01-15 12:18:06', '2026-01-15 22:39:19'),
(19, 1, 59, 19, 'ABSENT', '2026-01-15 12:18:06', '2026-01-15 22:39:19'),
(20, 1, 59, 20, 'ABSENT', '2026-01-15 12:18:06', '2026-01-15 22:39:19'),
(21, 1, 59, 21, 'ABSENT', '2026-01-15 12:18:06', '2026-01-15 22:39:19'),
(22, 1, 59, 22, 'ABSENT', '2026-01-15 12:18:06', '2026-01-15 22:39:19'),
(23, 1, 59, 23, 'ABSENT', '2026-01-15 12:18:06', '2026-01-15 22:39:19'),
(24, 1, 59, 24, 'ABSENT', '2026-01-15 12:18:06', '2026-01-15 22:39:19'),
(25, 1, 59, 25, 'ABSENT', '2026-01-15 12:18:06', '2026-01-15 22:39:19'),
(26, 1, 59, 26, 'ABSENT', '2026-01-15 12:18:06', '2026-01-15 22:39:19'),
(27, 1, 59, 27, 'ABSENT', '2026-01-15 12:18:06', '2026-01-15 22:39:19'),
(28, 1, 59, 28, 'ABSENT', '2026-01-15 12:18:06', '2026-01-15 22:39:19'),
(29, 1, 59, 29, 'ABSENT', '2026-01-15 12:18:06', '2026-01-15 22:39:19'),
(238, 1, 101, 4, 'ABSENT', '2026-01-19 10:10:30', '2026-01-19 10:10:32'),
(240, 1, 107, 36, 'ABSENT', '2026-01-19 12:22:58', '2026-02-08 13:14:30'),
(241, 1, 107, 38, 'ABSENT', '2026-01-19 12:23:01', '2026-02-08 13:14:30'),
(243, 1, 107, 40, 'PRESENT', '2026-01-19 12:23:09', '2026-01-19 12:23:09'),
(244, 1, 107, 34, 'PRESENT', '2026-01-19 12:23:11', '2026-01-19 12:23:11'),
(245, 1, 107, 42, 'PRESENT', '2026-01-19 12:23:15', '2026-01-19 12:23:15'),
(246, 1, 107, 35, 'PRESENT', '2026-01-19 12:23:17', '2026-01-19 12:23:17'),
(247, 1, 107, 31, 'PRESENT', '2026-01-19 12:23:23', '2026-01-19 12:23:23'),
(248, 1, 107, 33, 'PRESENT', '2026-01-19 12:23:27', '2026-01-19 12:23:27'),
(249, 1, 108, 38, 'PRESENT', '2026-01-19 12:23:44', '2026-01-19 12:23:44'),
(250, 1, 108, 40, 'PRESENT', '2026-01-19 12:23:47', '2026-01-19 12:23:47'),
(251, 1, 108, 34, 'PRESENT', '2026-01-19 12:23:49', '2026-01-19 12:23:49'),
(252, 1, 108, 42, 'PRESENT', '2026-01-19 12:23:53', '2026-01-19 12:23:53'),
(253, 1, 108, 35, 'PRESENT', '2026-01-19 12:23:54', '2026-01-19 12:23:54'),
(254, 1, 108, 31, 'PRESENT', '2026-01-19 12:23:57', '2026-01-19 12:23:57'),
(255, 1, 108, 30, 'PRESENT', '2026-01-19 12:24:00', '2026-01-19 12:24:00'),
(256, 1, 108, 33, 'PRESENT', '2026-01-19 12:24:02', '2026-01-19 12:24:02'),
(257, 1, 109, 36, 'PRESENT', '2026-01-19 12:24:10', '2026-01-19 12:24:16'),
(259, 1, 109, 38, 'PRESENT', '2026-01-19 12:24:14', '2026-01-19 12:24:16'),
(260, 1, 109, 39, 'ABSENT', '2026-01-19 12:24:14', '2026-01-19 12:24:22'),
(261, 1, 109, 40, 'PRESENT', '2026-01-19 12:24:14', '2026-01-19 12:24:16'),
(262, 1, 109, 34, 'PRESENT', '2026-01-19 12:24:14', '2026-01-19 12:24:16'),
(263, 1, 109, 41, 'ABSENT', '2026-01-19 12:24:14', '2026-01-19 12:24:27'),
(264, 1, 109, 42, 'PRESENT', '2026-01-19 12:24:14', '2026-01-19 12:24:16'),
(265, 1, 109, 35, 'PRESENT', '2026-01-19 12:24:14', '2026-01-19 12:24:16'),
(266, 1, 109, 31, 'PRESENT', '2026-01-19 12:24:14', '2026-01-19 12:24:17'),
(267, 1, 109, 30, 'PRESENT', '2026-01-19 12:24:14', '2026-01-19 12:24:17'),
(268, 1, 109, 33, 'PRESENT', '2026-01-19 12:24:14', '2026-01-19 12:24:17'),
(282, 1, 110, 36, 'PRESENT', '2026-01-19 12:24:55', '2026-01-19 12:24:58'),
(283, 1, 110, 38, 'PRESENT', '2026-01-19 12:24:55', '2026-01-19 12:24:58'),
(284, 1, 110, 39, 'ABSENT', '2026-01-19 12:24:55', '2026-01-19 12:25:03'),
(285, 1, 110, 40, 'PRESENT', '2026-01-19 12:24:55', '2026-01-19 12:24:58'),
(286, 1, 110, 34, 'PRESENT', '2026-01-19 12:24:55', '2026-01-19 12:24:58'),
(287, 1, 110, 41, 'ABSENT', '2026-01-19 12:24:55', '2026-01-19 12:25:08'),
(288, 1, 110, 42, 'PRESENT', '2026-01-19 12:24:55', '2026-01-19 12:24:58'),
(289, 1, 110, 35, 'PRESENT', '2026-01-19 12:24:55', '2026-01-19 12:24:58'),
(290, 1, 110, 31, 'PRESENT', '2026-01-19 12:24:55', '2026-01-19 12:24:58'),
(291, 1, 110, 30, 'PRESENT', '2026-01-19 12:24:56', '2026-01-19 12:24:58'),
(292, 1, 110, 33, 'PRESENT', '2026-01-19 12:24:56', '2026-01-19 12:24:58'),
(306, 1, 58, 36, 'PRESENT', '2026-01-19 12:35:42', '2026-01-19 12:35:42'),
(307, 1, 58, 38, 'PRESENT', '2026-01-19 12:35:42', '2026-01-19 12:35:42'),
(308, 1, 58, 39, 'PRESENT', '2026-01-19 12:35:42', '2026-01-19 12:35:42'),
(309, 1, 58, 40, 'ABSENT', '2026-01-19 12:35:42', '2026-02-08 13:09:20'),
(310, 1, 58, 34, 'PRESENT', '2026-01-19 12:35:42', '2026-01-19 12:35:42'),
(311, 1, 58, 41, 'ABSENT', '2026-01-19 12:35:42', '2026-02-08 13:09:20'),
(312, 1, 58, 42, 'PRESENT', '2026-01-19 12:35:42', '2026-01-19 12:35:42'),
(313, 1, 58, 35, 'PRESENT', '2026-01-19 12:35:42', '2026-01-19 12:35:42'),
(314, 1, 58, 31, 'PRESENT', '2026-01-19 12:35:42', '2026-01-19 12:35:42'),
(315, 1, 58, 30, 'PRESENT', '2026-01-19 12:35:42', '2026-01-19 12:35:42'),
(316, 1, 58, 33, 'PRESENT', '2026-01-19 12:35:42', '2026-01-19 12:35:42'),
(317, 1, 17, 3, 'PRESENT', '2026-01-29 11:31:50', '2026-02-25 11:21:44'),
(318, 1, 17, 5, 'PRESENT', '2026-01-29 11:31:50', '2026-02-25 11:21:44'),
(319, 1, 17, 6, 'PRESENT', '2026-01-29 11:31:50', '2026-02-25 11:21:44'),
(320, 1, 17, 7, 'PRESENT', '2026-01-29 11:31:50', '2026-02-25 11:21:45'),
(321, 1, 17, 8, 'PRESENT', '2026-01-29 11:31:50', '2026-02-25 11:21:45'),
(322, 1, 17, 9, 'PRESENT', '2026-01-29 11:31:50', '2026-02-25 11:21:45'),
(323, 1, 17, 10, 'PRESENT', '2026-01-29 11:31:50', '2026-02-25 11:21:45'),
(324, 1, 17, 12, 'PRESENT', '2026-01-29 11:31:50', '2026-02-25 11:21:45'),
(325, 1, 17, 13, 'PRESENT', '2026-01-29 11:31:50', '2026-02-25 11:21:46'),
(326, 1, 17, 15, 'PRESENT', '2026-01-29 11:31:50', '2026-02-25 11:21:46'),
(327, 1, 17, 17, 'PRESENT', '2026-01-29 11:31:50', '2026-02-25 11:21:46'),
(328, 1, 17, 18, 'PRESENT', '2026-01-29 11:31:50', '2026-02-25 11:21:46'),
(329, 1, 17, 19, 'PRESENT', '2026-01-29 11:31:50', '2026-02-25 11:21:46'),
(330, 1, 17, 21, 'PRESENT', '2026-01-29 11:31:50', '2026-02-25 11:21:46'),
(331, 1, 17, 22, 'PRESENT', '2026-01-29 11:31:50', '2026-02-25 11:21:47'),
(332, 1, 17, 24, 'PRESENT', '2026-01-29 11:31:50', '2026-02-25 11:21:47'),
(333, 1, 17, 25, 'PRESENT', '2026-01-29 11:31:50', '2026-02-25 11:21:47'),
(334, 1, 17, 27, 'PRESENT', '2026-01-29 11:31:50', '2026-02-25 11:21:47'),
(335, 1, 24, 3, 'PRESENT', '2026-01-29 11:34:20', '2026-01-29 11:34:20'),
(336, 1, 24, 6, 'PRESENT', '2026-01-29 11:34:20', '2026-01-29 11:34:20'),
(337, 1, 24, 7, 'PRESENT', '2026-01-29 11:34:20', '2026-01-29 11:34:20'),
(338, 1, 24, 8, 'PRESENT', '2026-01-29 11:34:20', '2026-01-29 11:34:20'),
(339, 1, 24, 9, 'PRESENT', '2026-01-29 11:34:20', '2026-01-29 11:34:20'),
(340, 1, 24, 10, 'PRESENT', '2026-01-29 11:34:20', '2026-01-29 11:34:20'),
(341, 1, 24, 12, 'PRESENT', '2026-01-29 11:34:20', '2026-01-29 11:34:20'),
(342, 1, 24, 13, 'PRESENT', '2026-01-29 11:34:20', '2026-01-29 11:34:20'),
(343, 1, 24, 15, 'PRESENT', '2026-01-29 11:34:20', '2026-01-29 11:34:20'),
(344, 1, 24, 17, 'PRESENT', '2026-01-29 11:34:20', '2026-01-29 11:34:20'),
(345, 1, 24, 18, 'PRESENT', '2026-01-29 11:34:21', '2026-01-29 11:34:21'),
(346, 1, 24, 19, 'PRESENT', '2026-01-29 11:34:21', '2026-01-29 11:34:21'),
(347, 1, 24, 21, 'PRESENT', '2026-01-29 11:34:21', '2026-01-29 11:34:21'),
(348, 1, 24, 22, 'PRESENT', '2026-01-29 11:34:21', '2026-01-29 11:34:21'),
(349, 1, 24, 24, 'PRESENT', '2026-01-29 11:34:21', '2026-01-29 11:34:21'),
(350, 1, 24, 25, 'PRESENT', '2026-01-29 11:34:21', '2026-01-29 11:34:21'),
(351, 1, 65, 7, 'PRESENT', '2026-01-29 11:35:53', '2026-01-29 11:35:53'),
(352, 1, 65, 9, 'PRESENT', '2026-01-29 11:35:53', '2026-01-29 11:35:53'),
(353, 1, 65, 10, 'PRESENT', '2026-01-29 11:35:54', '2026-01-29 11:35:54'),
(354, 1, 65, 13, 'PRESENT', '2026-01-29 11:35:54', '2026-01-29 11:35:54'),
(355, 1, 65, 14, 'PRESENT', '2026-01-29 11:35:54', '2026-01-29 11:35:54'),
(356, 1, 65, 15, 'PRESENT', '2026-01-29 11:35:54', '2026-01-29 11:35:54'),
(357, 1, 65, 16, 'PRESENT', '2026-01-29 11:35:54', '2026-01-29 11:35:54'),
(358, 1, 65, 17, 'PRESENT', '2026-01-29 11:35:54', '2026-01-29 11:35:54'),
(359, 1, 65, 18, 'PRESENT', '2026-01-29 11:35:54', '2026-01-29 11:35:54'),
(360, 1, 65, 19, 'PRESENT', '2026-01-29 11:35:54', '2026-01-29 11:35:54'),
(361, 1, 65, 21, 'PRESENT', '2026-01-29 11:35:54', '2026-01-29 11:35:54'),
(362, 1, 65, 22, 'PRESENT', '2026-01-29 11:35:54', '2026-01-29 11:35:54'),
(363, 1, 65, 26, 'PRESENT', '2026-01-29 11:35:54', '2026-01-29 11:35:54'),
(364, 1, 66, 1, 'PRESENT', '2026-01-29 11:37:38', '2026-01-29 11:37:38'),
(365, 1, 66, 8, 'PRESENT', '2026-01-29 11:37:38', '2026-01-29 11:37:38'),
(366, 1, 66, 9, 'PRESENT', '2026-01-29 11:37:38', '2026-01-29 11:37:38'),
(367, 1, 66, 10, 'PRESENT', '2026-01-29 11:37:38', '2026-01-29 11:37:38'),
(368, 1, 66, 11, 'PRESENT', '2026-01-29 11:37:38', '2026-01-29 11:37:38'),
(369, 1, 66, 14, 'PRESENT', '2026-01-29 11:37:38', '2026-01-29 11:37:38'),
(370, 1, 66, 17, 'PRESENT', '2026-01-29 11:37:38', '2026-01-29 11:37:38'),
(371, 1, 66, 18, 'PRESENT', '2026-01-29 11:37:38', '2026-01-29 11:37:38'),
(372, 1, 66, 19, 'PRESENT', '2026-01-29 11:37:38', '2026-01-29 11:37:38'),
(373, 1, 66, 21, 'PRESENT', '2026-01-29 11:37:38', '2026-01-29 11:37:38'),
(374, 1, 66, 22, 'PRESENT', '2026-01-29 11:37:38', '2026-01-29 11:37:38'),
(375, 1, 66, 24, 'PRESENT', '2026-01-29 11:37:38', '2026-01-29 11:37:38'),
(376, 1, 66, 25, 'PRESENT', '2026-01-29 11:37:39', '2026-01-29 11:37:39'),
(377, 1, 66, 26, 'PRESENT', '2026-01-29 11:37:39', '2026-01-29 11:37:39'),
(378, 1, 67, 1, 'PRESENT', '2026-01-29 11:38:27', '2026-01-29 11:38:27'),
(379, 1, 67, 4, 'PRESENT', '2026-01-29 11:38:27', '2026-01-29 11:38:27'),
(380, 1, 67, 8, 'PRESENT', '2026-01-29 11:38:27', '2026-01-29 11:38:27'),
(381, 1, 67, 9, 'PRESENT', '2026-01-29 11:38:27', '2026-01-29 11:38:27'),
(382, 1, 67, 10, 'PRESENT', '2026-01-29 11:38:28', '2026-01-29 11:38:28'),
(383, 1, 67, 14, 'PRESENT', '2026-01-29 11:38:28', '2026-01-29 11:38:28'),
(384, 1, 67, 17, 'PRESENT', '2026-01-29 11:38:28', '2026-01-29 11:38:28'),
(385, 1, 67, 18, 'PRESENT', '2026-01-29 11:38:28', '2026-01-29 11:38:28'),
(386, 1, 67, 19, 'PRESENT', '2026-01-29 11:38:28', '2026-01-29 11:38:28'),
(387, 1, 67, 21, 'PRESENT', '2026-01-29 11:38:28', '2026-01-29 11:38:28'),
(388, 1, 67, 22, 'PRESENT', '2026-01-29 11:38:28', '2026-01-29 11:38:28'),
(389, 1, 67, 24, 'PRESENT', '2026-01-29 11:38:28', '2026-01-29 11:38:28'),
(390, 1, 67, 25, 'PRESENT', '2026-01-29 11:38:28', '2026-01-29 11:38:28'),
(391, 1, 67, 26, 'PRESENT', '2026-01-29 11:38:28', '2026-01-29 11:38:28'),
(392, 1, 18, 3, 'PRESENT', '2026-01-29 11:41:43', '2026-01-29 11:41:43'),
(393, 1, 18, 5, 'PRESENT', '2026-01-29 11:41:43', '2026-01-29 11:41:43'),
(394, 1, 18, 6, 'PRESENT', '2026-01-29 11:41:43', '2026-01-29 11:41:43'),
(395, 1, 18, 7, 'PRESENT', '2026-01-29 11:41:43', '2026-01-29 11:41:43'),
(396, 1, 18, 8, 'PRESENT', '2026-01-29 11:41:43', '2026-01-29 11:41:43'),
(397, 1, 18, 9, 'PRESENT', '2026-01-29 11:41:43', '2026-01-29 11:41:43'),
(398, 1, 18, 10, 'PRESENT', '2026-01-29 11:41:43', '2026-01-29 11:41:43'),
(399, 1, 18, 12, 'PRESENT', '2026-01-29 11:41:43', '2026-01-29 11:41:43'),
(400, 1, 18, 13, 'PRESENT', '2026-01-29 11:41:43', '2026-01-29 11:41:43'),
(401, 1, 18, 15, 'PRESENT', '2026-01-29 11:41:43', '2026-01-29 11:41:43'),
(402, 1, 18, 17, 'PRESENT', '2026-01-29 11:41:43', '2026-01-29 11:41:43'),
(403, 1, 18, 18, 'PRESENT', '2026-01-29 11:41:43', '2026-01-29 11:41:43'),
(404, 1, 18, 19, 'PRESENT', '2026-01-29 11:41:43', '2026-01-29 11:41:43'),
(405, 1, 18, 21, 'PRESENT', '2026-01-29 11:41:43', '2026-01-29 11:41:43'),
(406, 1, 18, 22, 'PRESENT', '2026-01-29 11:41:43', '2026-01-29 11:41:43'),
(407, 1, 18, 24, 'PRESENT', '2026-01-29 11:41:43', '2026-01-29 11:41:43'),
(408, 1, 18, 25, 'PRESENT', '2026-01-29 11:41:43', '2026-01-29 11:41:43'),
(409, 1, 18, 27, 'PRESENT', '2026-01-29 11:41:43', '2026-01-29 11:41:43'),
(410, 1, 19, 3, 'PRESENT', '2026-01-29 11:42:48', '2026-01-29 11:42:48'),
(411, 1, 19, 5, 'PRESENT', '2026-01-29 11:42:48', '2026-01-29 11:42:48'),
(412, 1, 19, 6, 'PRESENT', '2026-01-29 11:42:48', '2026-01-29 11:42:48'),
(413, 1, 19, 7, 'PRESENT', '2026-01-29 11:42:48', '2026-01-29 11:42:48'),
(414, 1, 19, 8, 'PRESENT', '2026-01-29 11:42:48', '2026-01-29 11:42:48'),
(415, 1, 19, 9, 'PRESENT', '2026-01-29 11:42:48', '2026-01-29 11:42:48'),
(416, 1, 19, 10, 'PRESENT', '2026-01-29 11:42:48', '2026-01-29 11:42:48'),
(417, 1, 19, 12, 'PRESENT', '2026-01-29 11:42:48', '2026-01-29 11:42:48'),
(418, 1, 19, 13, 'PRESENT', '2026-01-29 11:42:48', '2026-01-29 11:42:48'),
(419, 1, 19, 15, 'PRESENT', '2026-01-29 11:42:48', '2026-01-29 11:42:48'),
(420, 1, 19, 17, 'PRESENT', '2026-01-29 11:42:48', '2026-01-29 11:42:48'),
(421, 1, 19, 18, 'PRESENT', '2026-01-29 11:42:48', '2026-01-29 11:42:48'),
(422, 1, 19, 19, 'PRESENT', '2026-01-29 11:42:48', '2026-01-29 11:42:48'),
(423, 1, 19, 21, 'PRESENT', '2026-01-29 11:42:48', '2026-01-29 11:42:48'),
(424, 1, 19, 22, 'PRESENT', '2026-01-29 11:42:48', '2026-01-29 11:42:48'),
(425, 1, 19, 24, 'PRESENT', '2026-01-29 11:42:48', '2026-01-29 11:42:48'),
(426, 1, 19, 25, 'PRESENT', '2026-01-29 11:42:48', '2026-01-29 11:42:48'),
(427, 1, 19, 27, 'PRESENT', '2026-01-29 11:42:48', '2026-01-29 11:42:48'),
(428, 1, 20, 3, 'PRESENT', '2026-01-29 11:44:18', '2026-01-29 11:44:18'),
(429, 1, 20, 5, 'PRESENT', '2026-01-29 11:44:18', '2026-01-29 11:44:18'),
(430, 1, 20, 6, 'PRESENT', '2026-01-29 11:44:18', '2026-01-29 11:44:18'),
(431, 1, 20, 7, 'PRESENT', '2026-01-29 11:44:18', '2026-01-29 11:44:18'),
(432, 1, 20, 8, 'PRESENT', '2026-01-29 11:44:18', '2026-01-29 11:44:18'),
(433, 1, 20, 9, 'PRESENT', '2026-01-29 11:44:18', '2026-01-29 11:44:18'),
(434, 1, 20, 10, 'PRESENT', '2026-01-29 11:44:18', '2026-01-29 11:44:18'),
(435, 1, 20, 12, 'PRESENT', '2026-01-29 11:44:18', '2026-01-29 11:44:18'),
(436, 1, 20, 13, 'PRESENT', '2026-01-29 11:44:18', '2026-01-29 11:44:18'),
(437, 1, 20, 15, 'PRESENT', '2026-01-29 11:44:18', '2026-01-29 11:44:18');

INSERT INTO `attendance_records` (`attendance_id`, `term_id`, `schedule_id`, `student_id`, `status`, `created_at`, `updated_at`) VALUES
(438, 1, 20, 17, 'PRESENT', '2026-01-29 11:44:18', '2026-01-29 11:44:18'),
(439, 1, 20, 18, 'PRESENT', '2026-01-29 11:44:18', '2026-01-29 11:44:18'),
(440, 1, 20, 19, 'PRESENT', '2026-01-29 11:44:18', '2026-01-29 11:44:18'),
(441, 1, 20, 21, 'PRESENT', '2026-01-29 11:44:18', '2026-01-29 11:44:18'),
(442, 1, 20, 22, 'PRESENT', '2026-01-29 11:44:18', '2026-01-29 11:44:18'),
(443, 1, 20, 24, 'PRESENT', '2026-01-29 11:44:19', '2026-01-29 11:44:19'),
(444, 1, 20, 25, 'PRESENT', '2026-01-29 11:44:19', '2026-01-29 11:44:19'),
(445, 1, 20, 27, 'PRESENT', '2026-01-29 11:44:19', '2026-01-29 11:44:19'),
(446, 1, 88, 1, 'PRESENT', '2026-01-29 11:47:13', '2026-01-29 11:47:13'),
(447, 1, 88, 4, 'PRESENT', '2026-01-29 11:47:13', '2026-01-29 11:47:13'),
(448, 1, 88, 8, 'PRESENT', '2026-01-29 11:47:13', '2026-01-29 11:47:13'),
(449, 1, 88, 9, 'PRESENT', '2026-01-29 11:47:13', '2026-01-29 11:47:13'),
(450, 1, 88, 10, 'PRESENT', '2026-01-29 11:47:13', '2026-01-29 11:47:13'),
(451, 1, 88, 14, 'PRESENT', '2026-01-29 11:47:13', '2026-01-29 11:47:13'),
(452, 1, 88, 17, 'PRESENT', '2026-01-29 11:47:13', '2026-01-29 11:47:13'),
(453, 1, 88, 18, 'PRESENT', '2026-01-29 11:47:13', '2026-01-29 11:47:13'),
(454, 1, 88, 19, 'PRESENT', '2026-01-29 11:47:13', '2026-01-29 11:47:13'),
(455, 1, 88, 21, 'PRESENT', '2026-01-29 11:47:13', '2026-01-29 11:47:13'),
(456, 1, 88, 22, 'PRESENT', '2026-01-29 11:47:13', '2026-01-29 11:47:13'),
(457, 1, 88, 24, 'PRESENT', '2026-01-29 11:47:13', '2026-01-29 11:47:13'),
(458, 1, 88, 25, 'PRESENT', '2026-01-29 11:47:13', '2026-01-29 11:47:13'),
(459, 1, 88, 26, 'PRESENT', '2026-01-29 11:47:13', '2026-01-29 11:47:13'),
(460, 1, 91, 1, 'PRESENT', '2026-01-29 11:48:03', '2026-01-29 11:48:03'),
(461, 1, 91, 4, 'PRESENT', '2026-01-29 11:48:04', '2026-01-29 11:48:04'),
(462, 1, 91, 8, 'PRESENT', '2026-01-29 11:48:04', '2026-01-29 11:48:04'),
(463, 1, 91, 9, 'PRESENT', '2026-01-29 11:48:04', '2026-01-29 11:48:04'),
(464, 1, 91, 10, 'PRESENT', '2026-01-29 11:48:04', '2026-01-29 11:48:04'),
(465, 1, 91, 14, 'PRESENT', '2026-01-29 11:48:04', '2026-01-29 11:48:04'),
(466, 1, 91, 17, 'PRESENT', '2026-01-29 11:48:04', '2026-01-29 11:48:04'),
(467, 1, 91, 18, 'PRESENT', '2026-01-29 11:48:04', '2026-01-29 11:48:04'),
(468, 1, 91, 19, 'PRESENT', '2026-01-29 11:48:04', '2026-01-29 11:48:04'),
(469, 1, 91, 21, 'PRESENT', '2026-01-29 11:48:04', '2026-01-29 11:48:04'),
(470, 1, 91, 22, 'PRESENT', '2026-01-29 11:48:04', '2026-01-29 11:48:04'),
(471, 1, 91, 24, 'PRESENT', '2026-01-29 11:48:04', '2026-01-29 11:48:04'),
(472, 1, 91, 25, 'PRESENT', '2026-01-29 11:48:04', '2026-01-29 11:48:04'),
(473, 1, 91, 26, 'PRESENT', '2026-01-29 11:48:04', '2026-01-29 11:48:04'),
(474, 1, 92, 1, 'PRESENT', '2026-01-29 11:48:36', '2026-01-29 11:48:36'),
(475, 1, 92, 4, 'PRESENT', '2026-01-29 11:48:36', '2026-01-29 11:48:36'),
(476, 1, 92, 8, 'PRESENT', '2026-01-29 11:48:36', '2026-01-29 11:48:36'),
(477, 1, 92, 9, 'PRESENT', '2026-01-29 11:48:36', '2026-01-29 11:48:36'),
(478, 1, 92, 10, 'PRESENT', '2026-01-29 11:48:36', '2026-01-29 11:48:36'),
(479, 1, 92, 14, 'PRESENT', '2026-01-29 11:48:36', '2026-01-29 11:48:36'),
(480, 1, 92, 17, 'PRESENT', '2026-01-29 11:48:36', '2026-01-29 11:48:36'),
(481, 1, 92, 18, 'PRESENT', '2026-01-29 11:48:36', '2026-01-29 11:48:36'),
(482, 1, 92, 19, 'PRESENT', '2026-01-29 11:48:36', '2026-01-29 11:48:36'),
(483, 1, 92, 21, 'PRESENT', '2026-01-29 11:48:36', '2026-01-29 11:48:36'),
(484, 1, 92, 22, 'PRESENT', '2026-01-29 11:48:36', '2026-01-29 11:48:36'),
(485, 1, 92, 24, 'PRESENT', '2026-01-29 11:48:36', '2026-01-29 11:48:36'),
(486, 1, 92, 25, 'PRESENT', '2026-01-29 11:48:36', '2026-01-29 11:48:36'),
(487, 1, 92, 26, 'PRESENT', '2026-01-29 11:48:36', '2026-01-29 11:48:36'),
(488, 1, 162, 36, 'PRESENT', '2026-02-08 08:57:26', '2026-02-08 12:58:08'),
(489, 1, 162, 38, 'ABSENT', '2026-02-08 08:57:26', '2026-02-08 08:57:26'),
(490, 1, 162, 39, 'ABSENT', '2026-02-08 08:57:26', '2026-02-08 08:57:26'),
(491, 1, 162, 40, 'PRESENT', '2026-02-08 08:57:26', '2026-02-08 12:58:08'),
(492, 1, 162, 34, 'PRESENT', '2026-02-08 08:57:26', '2026-02-08 08:57:26'),
(493, 1, 162, 41, 'PRESENT', '2026-02-08 08:57:26', '2026-02-08 12:58:08'),
(494, 1, 162, 42, 'PRESENT', '2026-02-08 08:57:26', '2026-02-08 08:57:26'),
(495, 1, 162, 35, 'PRESENT', '2026-02-08 08:57:26', '2026-02-08 08:57:26'),
(496, 1, 162, 31, 'ABSENT', '2026-02-08 08:57:26', '2026-02-08 08:57:26'),
(497, 1, 162, 30, 'ABSENT', '2026-02-08 08:57:26', '2026-02-08 08:57:26'),
(498, 1, 162, 33, 'PRESENT', '2026-02-08 08:57:26', '2026-02-08 08:57:46'),
(500, 1, 154, 3, 'PRESENT', '2026-02-08 10:49:56', '2026-02-08 10:49:56'),
(501, 1, 154, 5, 'PRESENT', '2026-02-08 10:49:56', '2026-02-08 10:49:56'),
(502, 1, 154, 6, 'PRESENT', '2026-02-08 10:49:56', '2026-02-08 10:49:56'),
(503, 1, 154, 7, 'PRESENT', '2026-02-08 10:49:56', '2026-02-08 10:49:56'),
(504, 1, 154, 8, 'PRESENT', '2026-02-08 10:49:56', '2026-02-08 10:49:56'),
(505, 1, 154, 9, 'PRESENT', '2026-02-08 10:49:56', '2026-02-08 10:49:56'),
(506, 1, 154, 10, 'PRESENT', '2026-02-08 10:49:56', '2026-02-08 10:49:56'),
(507, 1, 154, 13, 'PRESENT', '2026-02-08 10:49:56', '2026-02-08 10:49:56'),
(508, 1, 154, 14, 'PRESENT', '2026-02-08 10:49:56', '2026-02-08 10:49:56'),
(509, 1, 154, 15, 'PRESENT', '2026-02-08 10:49:56', '2026-02-08 10:49:56'),
(510, 1, 154, 16, 'PRESENT', '2026-02-08 10:49:56', '2026-02-08 10:49:56'),
(511, 1, 154, 17, 'PRESENT', '2026-02-08 10:49:57', '2026-02-08 10:49:57'),
(512, 1, 154, 18, 'PRESENT', '2026-02-08 10:49:57', '2026-02-08 10:49:57'),
(513, 1, 154, 19, 'PRESENT', '2026-02-08 10:49:57', '2026-02-08 10:49:57'),
(514, 1, 154, 20, 'PRESENT', '2026-02-08 10:49:57', '2026-02-08 10:49:57'),
(515, 1, 154, 21, 'PRESENT', '2026-02-08 10:49:57', '2026-02-08 10:49:57'),
(516, 1, 154, 22, 'PRESENT', '2026-02-08 10:49:57', '2026-02-08 10:49:57'),
(517, 1, 154, 24, 'PRESENT', '2026-02-08 10:49:57', '2026-02-08 10:49:57'),
(518, 1, 154, 28, 'PRESENT', '2026-02-08 10:49:57', '2026-02-08 10:49:57'),
(519, 1, 155, 3, 'PRESENT', '2026-02-08 10:51:16', '2026-02-08 10:51:16'),
(520, 1, 155, 5, 'PRESENT', '2026-02-08 10:51:16', '2026-02-08 10:51:16'),
(521, 1, 155, 6, 'PRESENT', '2026-02-08 10:51:16', '2026-02-08 10:51:16'),
(522, 1, 155, 7, 'PRESENT', '2026-02-08 10:51:16', '2026-02-08 10:51:16'),
(523, 1, 155, 8, 'PRESENT', '2026-02-08 10:51:16', '2026-02-08 10:51:16'),
(524, 1, 155, 9, 'PRESENT', '2026-02-08 10:51:16', '2026-02-08 10:51:16'),
(525, 1, 155, 10, 'PRESENT', '2026-02-08 10:51:16', '2026-02-08 10:51:16'),
(526, 1, 155, 13, 'PRESENT', '2026-02-08 10:51:16', '2026-02-08 10:51:16'),
(527, 1, 155, 14, 'PRESENT', '2026-02-08 10:51:16', '2026-02-08 10:51:16'),
(528, 1, 155, 15, 'PRESENT', '2026-02-08 10:51:16', '2026-02-08 10:51:16'),
(529, 1, 155, 16, 'PRESENT', '2026-02-08 10:51:16', '2026-02-08 10:51:16'),
(530, 1, 155, 17, 'PRESENT', '2026-02-08 10:51:16', '2026-02-08 10:51:16'),
(531, 1, 155, 18, 'PRESENT', '2026-02-08 10:51:16', '2026-02-08 10:51:16'),
(532, 1, 155, 19, 'PRESENT', '2026-02-08 10:51:16', '2026-02-08 10:51:16'),
(533, 1, 155, 20, 'PRESENT', '2026-02-08 10:51:16', '2026-02-08 10:51:16'),
(534, 1, 155, 21, 'PRESENT', '2026-02-08 10:51:16', '2026-02-08 10:51:16'),
(535, 1, 155, 22, 'PRESENT', '2026-02-08 10:51:16', '2026-02-08 10:51:16'),
(536, 1, 155, 24, 'PRESENT', '2026-02-08 10:51:16', '2026-02-08 10:51:16'),
(537, 1, 155, 28, 'PRESENT', '2026-02-08 10:51:17', '2026-02-08 10:51:17'),
(538, 1, 134, 3, 'PRESENT', '2026-02-08 12:01:08', '2026-02-08 12:01:08'),
(539, 1, 134, 5, 'PRESENT', '2026-02-08 12:01:08', '2026-02-08 12:01:08'),
(540, 1, 134, 6, 'PRESENT', '2026-02-08 12:01:08', '2026-02-08 12:01:08'),
(541, 1, 134, 7, 'PRESENT', '2026-02-08 12:01:08', '2026-02-08 12:01:08'),
(542, 1, 134, 8, 'PRESENT', '2026-02-08 12:01:08', '2026-02-08 12:01:08'),
(543, 1, 134, 9, 'PRESENT', '2026-02-08 12:01:08', '2026-02-08 12:01:08'),
(544, 1, 134, 10, 'PRESENT', '2026-02-08 12:01:08', '2026-02-08 12:01:08'),
(545, 1, 134, 13, 'PRESENT', '2026-02-08 12:01:08', '2026-02-08 12:01:08'),
(546, 1, 134, 14, 'PRESENT', '2026-02-08 12:01:08', '2026-02-08 12:01:08'),
(547, 1, 134, 15, 'PRESENT', '2026-02-08 12:01:08', '2026-02-08 12:01:08'),
(548, 1, 134, 16, 'PRESENT', '2026-02-08 12:01:08', '2026-02-08 12:01:08'),
(549, 1, 134, 17, 'PRESENT', '2026-02-08 12:01:08', '2026-02-08 12:01:08'),
(550, 1, 134, 18, 'PRESENT', '2026-02-08 12:01:08', '2026-02-08 12:01:08'),
(551, 1, 134, 19, 'PRESENT', '2026-02-08 12:01:08', '2026-02-08 12:01:08'),
(552, 1, 134, 20, 'PRESENT', '2026-02-08 12:01:08', '2026-02-08 12:01:08'),
(553, 1, 134, 21, 'PRESENT', '2026-02-08 12:01:08', '2026-02-08 12:01:08'),
(554, 1, 134, 22, 'PRESENT', '2026-02-08 12:01:08', '2026-02-08 12:01:08'),
(555, 1, 134, 24, 'PRESENT', '2026-02-08 12:01:08', '2026-02-08 12:01:08'),
(556, 1, 134, 28, 'PRESENT', '2026-02-08 12:01:08', '2026-02-08 12:01:08'),
(557, 1, 135, 36, 'PRESENT', '2026-02-08 12:26:03', '2026-02-08 12:26:03'),
(558, 1, 135, 40, 'PRESENT', '2026-02-08 12:26:03', '2026-02-08 12:26:03'),
(559, 1, 135, 34, 'PRESENT', '2026-02-08 12:26:03', '2026-02-08 12:26:03'),
(560, 1, 135, 41, 'PRESENT', '2026-02-08 12:26:03', '2026-02-08 12:26:03'),
(561, 1, 135, 42, 'PRESENT', '2026-02-08 12:26:03', '2026-02-08 12:26:03'),
(562, 1, 135, 35, 'PRESENT', '2026-02-08 12:26:03', '2026-02-08 12:26:03'),
(563, 1, 135, 30, 'PRESENT', '2026-02-08 12:26:03', '2026-02-08 12:26:03'),
(564, 1, 135, 33, 'PRESENT', '2026-02-08 12:26:03', '2026-02-08 12:26:03'),
(565, 1, 136, 36, 'PRESENT', '2026-02-08 12:26:37', '2026-02-08 12:26:37'),
(566, 1, 136, 40, 'PRESENT', '2026-02-08 12:26:37', '2026-02-08 12:26:37'),
(567, 1, 136, 34, 'PRESENT', '2026-02-08 12:26:37', '2026-02-08 12:26:37'),
(568, 1, 136, 41, 'PRESENT', '2026-02-08 12:26:37', '2026-02-08 12:26:37'),
(569, 1, 136, 42, 'PRESENT', '2026-02-08 12:26:37', '2026-02-08 12:26:37'),
(570, 1, 136, 31, 'ABSENT', '2026-02-08 12:26:37', '2026-02-08 12:26:37'),
(571, 1, 136, 35, 'PRESENT', '2026-02-08 12:26:37', '2026-02-08 12:26:37'),
(572, 1, 136, 30, 'PRESENT', '2026-02-08 12:26:37', '2026-02-08 12:26:37'),
(573, 1, 136, 33, 'PRESENT', '2026-02-08 12:26:37', '2026-02-08 12:26:37'),
(577, 1, 163, 36, 'PRESENT', '2026-02-08 12:58:32', '2026-02-08 12:58:32'),
(578, 1, 163, 38, 'ABSENT', '2026-02-08 12:58:32', '2026-02-08 12:58:32'),
(579, 1, 163, 39, 'ABSENT', '2026-02-08 12:58:32', '2026-02-08 12:58:32'),
(580, 1, 163, 40, 'PRESENT', '2026-02-08 12:58:32', '2026-02-08 12:58:32'),
(581, 1, 163, 34, 'PRESENT', '2026-02-08 12:58:32', '2026-02-08 12:58:32'),
(582, 1, 163, 41, 'PRESENT', '2026-02-08 12:58:32', '2026-02-08 12:58:32'),
(583, 1, 163, 42, 'PRESENT', '2026-02-08 12:58:33', '2026-02-08 12:58:33'),
(584, 1, 163, 35, 'PRESENT', '2026-02-08 12:58:33', '2026-02-08 12:58:33'),
(585, 1, 163, 31, 'ABSENT', '2026-02-08 12:58:33', '2026-02-08 12:58:33'),
(586, 1, 163, 30, 'PRESENT', '2026-02-08 12:58:33', '2026-02-08 12:58:33'),
(587, 1, 163, 33, 'PRESENT', '2026-02-08 12:58:33', '2026-02-08 12:58:33'),
(588, 1, 170, 36, 'PRESENT', '2026-02-08 12:58:49', '2026-02-08 12:58:49'),
(589, 1, 170, 38, 'ABSENT', '2026-02-08 12:58:49', '2026-02-08 12:58:49'),
(590, 1, 170, 39, 'ABSENT', '2026-02-08 12:58:49', '2026-02-08 12:58:49'),
(591, 1, 170, 40, 'PRESENT', '2026-02-08 12:58:49', '2026-02-08 12:58:49'),
(592, 1, 170, 34, 'PRESENT', '2026-02-08 12:58:49', '2026-02-08 12:58:49'),
(593, 1, 170, 41, 'PRESENT', '2026-02-08 12:58:49', '2026-02-08 12:58:49'),
(594, 1, 170, 42, 'PRESENT', '2026-02-08 12:58:49', '2026-02-08 12:58:49'),
(595, 1, 170, 35, 'PRESENT', '2026-02-08 12:58:49', '2026-02-08 12:58:49'),
(596, 1, 170, 31, 'ABSENT', '2026-02-08 12:58:50', '2026-02-08 12:58:50'),
(597, 1, 170, 30, 'PRESENT', '2026-02-08 12:58:50', '2026-02-08 12:58:50'),
(598, 1, 170, 33, 'PRESENT', '2026-02-08 12:58:50', '2026-02-08 12:58:50'),
(599, 1, 33, 36, 'ABSENT', '2026-02-08 13:04:56', '2026-02-08 13:04:56'),
(600, 1, 33, 38, 'ABSENT', '2026-02-08 13:04:56', '2026-02-08 13:04:56'),
(601, 1, 33, 39, 'ABSENT', '2026-02-08 13:04:56', '2026-02-08 13:04:56'),
(602, 1, 33, 40, 'ABSENT', '2026-02-08 13:04:56', '2026-02-08 13:04:56'),
(603, 1, 33, 34, 'ABSENT', '2026-02-08 13:04:56', '2026-02-08 13:04:56'),
(604, 1, 33, 41, 'PRESENT', '2026-02-08 13:04:56', '2026-02-08 13:04:56'),
(605, 1, 33, 42, 'ABSENT', '2026-02-08 13:04:56', '2026-02-08 13:04:56'),
(606, 1, 33, 35, 'PRESENT', '2026-02-08 13:04:56', '2026-02-08 13:04:56'),
(607, 1, 33, 31, 'ABSENT', '2026-02-08 13:04:56', '2026-02-08 13:04:56'),
(608, 1, 33, 30, 'PRESENT', '2026-02-08 13:04:56', '2026-02-08 13:04:56'),
(609, 1, 33, 33, 'PRESENT', '2026-02-08 13:04:56', '2026-02-08 13:04:56'),
(610, 1, 36, 38, 'PRESENT', '2026-02-08 13:05:49', '2026-02-08 13:05:49'),
(611, 1, 36, 39, 'PRESENT', '2026-02-08 13:05:49', '2026-02-08 13:05:49'),
(612, 1, 36, 34, 'PRESENT', '2026-02-08 13:05:49', '2026-02-08 13:05:49'),
(613, 1, 36, 41, 'PRESENT', '2026-02-08 13:05:49', '2026-02-08 13:05:49'),
(614, 1, 36, 42, 'PRESENT', '2026-02-08 13:05:49', '2026-02-08 13:05:49'),
(615, 1, 36, 35, 'PRESENT', '2026-02-08 13:05:49', '2026-02-08 13:05:49'),
(616, 1, 36, 31, 'PRESENT', '2026-02-08 13:05:49', '2026-02-08 13:05:49'),
(617, 1, 36, 33, 'PRESENT', '2026-02-08 13:05:49', '2026-02-08 13:05:49'),
(618, 1, 37, 36, 'ABSENT', '2026-02-08 13:06:16', '2026-02-08 13:06:16'),
(619, 1, 37, 38, 'PRESENT', '2026-02-08 13:06:16', '2026-02-08 13:06:16'),
(620, 1, 37, 39, 'PRESENT', '2026-02-08 13:06:16', '2026-02-08 13:06:16'),
(621, 1, 37, 40, 'ABSENT', '2026-02-08 13:06:16', '2026-02-08 13:06:16'),
(622, 1, 37, 34, 'PRESENT', '2026-02-08 13:06:17', '2026-02-08 13:06:17'),
(623, 1, 37, 41, 'PRESENT', '2026-02-08 13:06:17', '2026-02-08 13:06:17'),
(624, 1, 37, 42, 'PRESENT', '2026-02-08 13:06:17', '2026-02-08 13:06:17'),
(625, 1, 37, 35, 'PRESENT', '2026-02-08 13:06:17', '2026-02-08 13:06:17'),
(626, 1, 37, 31, 'PRESENT', '2026-02-08 13:06:17', '2026-02-08 13:06:17'),
(627, 1, 37, 30, 'ABSENT', '2026-02-08 13:06:17', '2026-02-08 13:06:17'),
(628, 1, 37, 33, 'PRESENT', '2026-02-08 13:06:17', '2026-02-08 13:06:17'),
(629, 1, 38, 36, 'ABSENT', '2026-02-08 13:06:41', '2026-02-08 13:06:41'),
(630, 1, 38, 38, 'PRESENT', '2026-02-08 13:06:41', '2026-02-08 13:06:41'),
(631, 1, 38, 39, 'PRESENT', '2026-02-08 13:06:41', '2026-02-08 13:06:41'),
(632, 1, 38, 40, 'ABSENT', '2026-02-08 13:06:41', '2026-02-08 13:06:41'),
(633, 1, 38, 34, 'PRESENT', '2026-02-08 13:06:41', '2026-02-08 13:06:41'),
(634, 1, 38, 41, 'PRESENT', '2026-02-08 13:06:42', '2026-02-08 13:06:42'),
(635, 1, 38, 42, 'PRESENT', '2026-02-08 13:06:42', '2026-02-08 13:06:42'),
(636, 1, 38, 35, 'PRESENT', '2026-02-08 13:06:42', '2026-02-08 13:06:42'),
(637, 1, 38, 31, 'PRESENT', '2026-02-08 13:06:42', '2026-02-08 13:06:42'),
(638, 1, 38, 30, 'ABSENT', '2026-02-08 13:06:42', '2026-02-08 13:06:42'),
(639, 1, 38, 33, 'PRESENT', '2026-02-08 13:06:42', '2026-02-08 13:06:42'),
(640, 1, 39, 36, 'ABSENT', '2026-02-08 13:06:51', '2026-02-08 13:06:51'),
(641, 1, 39, 38, 'PRESENT', '2026-02-08 13:06:51', '2026-02-08 13:06:51');

INSERT INTO `attendance_records` (`attendance_id`, `term_id`, `schedule_id`, `student_id`, `status`, `created_at`, `updated_at`) VALUES
(642, 1, 39, 39, 'PRESENT', '2026-02-08 13:06:51', '2026-02-08 13:06:51'),
(643, 1, 39, 40, 'ABSENT', '2026-02-08 13:06:51', '2026-02-08 13:06:51'),
(644, 1, 39, 34, 'PRESENT', '2026-02-08 13:06:51', '2026-02-08 13:06:51'),
(645, 1, 39, 41, 'PRESENT', '2026-02-08 13:06:51', '2026-02-08 13:06:51'),
(646, 1, 39, 42, 'PRESENT', '2026-02-08 13:06:51', '2026-02-08 13:06:51'),
(647, 1, 39, 35, 'PRESENT', '2026-02-08 13:06:51', '2026-02-08 13:06:51'),
(648, 1, 39, 31, 'PRESENT', '2026-02-08 13:06:52', '2026-02-08 13:06:52'),
(649, 1, 39, 30, 'ABSENT', '2026-02-08 13:06:52', '2026-02-08 13:06:52'),
(650, 1, 39, 33, 'PRESENT', '2026-02-08 13:06:52', '2026-02-08 13:06:52'),
(651, 1, 40, 36, 'ABSENT', '2026-02-08 13:07:44', '2026-02-08 13:07:44'),
(652, 1, 40, 38, 'PRESENT', '2026-02-08 13:07:44', '2026-02-08 13:07:44'),
(653, 1, 40, 39, 'PRESENT', '2026-02-08 13:07:44', '2026-02-08 13:07:44'),
(654, 1, 40, 40, 'ABSENT', '2026-02-08 13:07:44', '2026-02-08 13:07:44'),
(655, 1, 40, 34, 'PRESENT', '2026-02-08 13:07:45', '2026-02-08 13:07:45'),
(656, 1, 40, 41, 'ABSENT', '2026-02-08 13:07:45', '2026-02-08 13:07:45'),
(657, 1, 40, 42, 'ABSENT', '2026-02-08 13:07:45', '2026-02-08 13:07:45'),
(658, 1, 40, 35, 'PRESENT', '2026-02-08 13:07:45', '2026-02-08 13:07:45'),
(659, 1, 40, 31, 'ABSENT', '2026-02-08 13:07:45', '2026-02-08 13:07:45'),
(660, 1, 40, 30, 'ABSENT', '2026-02-08 13:07:45', '2026-02-08 13:07:45'),
(661, 1, 40, 33, 'PRESENT', '2026-02-08 13:07:45', '2026-02-08 13:07:45'),
(662, 1, 41, 38, 'PRESENT', '2026-02-08 13:08:00', '2026-02-08 13:08:00'),
(663, 1, 41, 39, 'PRESENT', '2026-02-08 13:08:00', '2026-02-08 13:08:00'),
(664, 1, 41, 34, 'PRESENT', '2026-02-08 13:08:00', '2026-02-08 13:08:00'),
(665, 1, 41, 35, 'PRESENT', '2026-02-08 13:08:00', '2026-02-08 13:08:00'),
(666, 1, 41, 33, 'PRESENT', '2026-02-08 13:08:00', '2026-02-08 13:08:00'),
(667, 1, 42, 39, 'PRESENT', '2026-02-08 13:08:13', '2026-02-08 13:08:13'),
(668, 1, 42, 38, 'PRESENT', '2026-02-08 13:08:13', '2026-02-08 13:08:13'),
(669, 1, 42, 34, 'PRESENT', '2026-02-08 13:08:13', '2026-02-08 13:08:13'),
(670, 1, 42, 31, 'ABSENT', '2026-02-08 13:08:13', '2026-02-08 13:08:13'),
(671, 1, 42, 35, 'PRESENT', '2026-02-08 13:08:13', '2026-02-08 13:08:13'),
(672, 1, 42, 33, 'PRESENT', '2026-02-08 13:08:13', '2026-02-08 13:08:13'),
(673, 1, 43, 38, 'PRESENT', '2026-02-08 13:08:26', '2026-02-08 13:08:26'),
(675, 1, 43, 39, 'PRESENT', '2026-02-08 13:08:26', '2026-02-08 13:08:26'),
(677, 1, 43, 34, 'PRESENT', '2026-02-08 13:08:26', '2026-02-08 13:08:26'),
(679, 1, 43, 35, 'PRESENT', '2026-02-08 13:08:26', '2026-02-08 13:08:26'),
(681, 1, 43, 33, 'PRESENT', '2026-02-08 13:08:26', '2026-02-08 13:08:26'),
(687, 1, 57, 36, 'PRESENT', '2026-02-08 13:09:35', '2026-02-08 13:09:35'),
(688, 1, 57, 38, 'PRESENT', '2026-02-08 13:09:35', '2026-02-08 13:09:35'),
(689, 1, 57, 39, 'PRESENT', '2026-02-08 13:09:35', '2026-02-08 13:09:35'),
(690, 1, 57, 40, 'PRESENT', '2026-02-08 13:09:35', '2026-02-08 13:09:35'),
(691, 1, 57, 34, 'PRESENT', '2026-02-08 13:09:35', '2026-02-08 13:09:35'),
(692, 1, 57, 41, 'ABSENT', '2026-02-08 13:09:35', '2026-02-08 13:09:35'),
(693, 1, 57, 42, 'PRESENT', '2026-02-08 13:09:35', '2026-02-08 13:09:35'),
(694, 1, 57, 35, 'PRESENT', '2026-02-08 13:09:35', '2026-02-08 13:09:35'),
(695, 1, 57, 31, 'PRESENT', '2026-02-08 13:09:35', '2026-02-08 13:09:35'),
(696, 1, 57, 30, 'PRESENT', '2026-02-08 13:09:35', '2026-02-08 13:09:35'),
(697, 1, 57, 33, 'PRESENT', '2026-02-08 13:09:35', '2026-02-08 13:09:35'),
(698, 1, 54, 36, 'ABSENT', '2026-02-08 13:09:54', '2026-02-08 13:09:54'),
(700, 1, 54, 38, 'ABSENT', '2026-02-08 13:09:54', '2026-02-08 13:09:54'),
(702, 1, 54, 39, 'ABSENT', '2026-02-08 13:09:54', '2026-02-08 13:09:54'),
(704, 1, 54, 40, 'PRESENT', '2026-02-08 13:09:54', '2026-02-08 13:09:54'),
(705, 1, 54, 34, 'PRESENT', '2026-02-08 13:09:54', '2026-02-08 13:09:54'),
(707, 1, 54, 41, 'PRESENT', '2026-02-08 13:09:54', '2026-02-08 13:09:54'),
(709, 1, 54, 42, 'PRESENT', '2026-02-08 13:09:54', '2026-02-08 13:09:54'),
(711, 1, 54, 35, 'PRESENT', '2026-02-08 13:09:54', '2026-02-08 13:09:54'),
(714, 1, 54, 31, 'ABSENT', '2026-02-08 13:09:54', '2026-02-08 13:10:07'),
(716, 1, 54, 30, 'PRESENT', '2026-02-08 13:09:54', '2026-02-08 13:09:54'),
(718, 1, 54, 33, 'PRESENT', '2026-02-08 13:09:54', '2026-02-08 13:09:54'),
(720, 1, 55, 36, 'ABSENT', '2026-02-08 13:10:03', '2026-02-08 13:10:03'),
(721, 1, 55, 38, 'ABSENT', '2026-02-08 13:10:03', '2026-02-08 13:10:03'),
(722, 1, 55, 39, 'ABSENT', '2026-02-08 13:10:03', '2026-02-08 13:10:03'),
(723, 1, 55, 40, 'PRESENT', '2026-02-08 13:10:03', '2026-02-08 13:10:03'),
(724, 1, 55, 34, 'PRESENT', '2026-02-08 13:10:03', '2026-02-08 13:10:03'),
(725, 1, 55, 41, 'PRESENT', '2026-02-08 13:10:03', '2026-02-08 13:10:03'),
(726, 1, 55, 42, 'PRESENT', '2026-02-08 13:10:03', '2026-02-08 13:10:03'),
(727, 1, 55, 35, 'PRESENT', '2026-02-08 13:10:03', '2026-02-08 13:10:03'),
(728, 1, 55, 31, 'ABSENT', '2026-02-08 13:10:03', '2026-02-08 13:10:03'),
(729, 1, 55, 30, 'PRESENT', '2026-02-08 13:10:03', '2026-02-08 13:10:03'),
(730, 1, 55, 33, 'PRESENT', '2026-02-08 13:10:03', '2026-02-08 13:10:03'),
(733, 1, 56, 36, 'ABSENT', '2026-02-08 13:10:14', '2026-02-08 13:10:14'),
(734, 1, 56, 38, 'ABSENT', '2026-02-08 13:10:14', '2026-02-08 13:10:14'),
(735, 1, 56, 39, 'ABSENT', '2026-02-08 13:10:14', '2026-02-08 13:10:14'),
(736, 1, 56, 40, 'PRESENT', '2026-02-08 13:10:14', '2026-02-08 13:10:14'),
(737, 1, 56, 34, 'PRESENT', '2026-02-08 13:10:14', '2026-02-08 13:10:14'),
(738, 1, 56, 41, 'PRESENT', '2026-02-08 13:10:14', '2026-02-08 13:10:14'),
(739, 1, 56, 42, 'PRESENT', '2026-02-08 13:10:14', '2026-02-08 13:10:14'),
(740, 1, 56, 35, 'PRESENT', '2026-02-08 13:10:14', '2026-02-08 13:10:14'),
(741, 1, 56, 31, 'ABSENT', '2026-02-08 13:10:14', '2026-02-08 13:10:14'),
(742, 1, 56, 30, 'PRESENT', '2026-02-08 13:10:14', '2026-02-08 13:10:14'),
(743, 1, 56, 33, 'PRESENT', '2026-02-08 13:10:14', '2026-02-08 13:10:14'),
(744, 1, 116, 40, 'PRESENT', '2026-02-08 13:11:49', '2026-02-08 13:11:49'),
(745, 1, 116, 34, 'PRESENT', '2026-02-08 13:11:49', '2026-02-08 13:11:49'),
(746, 1, 116, 41, 'PRESENT', '2026-02-08 13:11:49', '2026-02-08 13:11:49'),
(747, 1, 116, 42, 'PRESENT', '2026-02-08 13:11:49', '2026-02-08 13:11:49'),
(748, 1, 116, 35, 'PRESENT', '2026-02-08 13:11:49', '2026-02-08 13:11:49'),
(749, 1, 116, 33, 'PRESENT', '2026-02-08 13:11:49', '2026-02-08 13:11:49'),
(750, 1, 116, 36, 'ABSENT', '2026-02-08 13:11:49', '2026-02-08 13:11:49'),
(751, 1, 116, 38, 'ABSENT', '2026-02-08 13:11:49', '2026-02-08 13:11:49'),
(752, 1, 116, 39, 'ABSENT', '2026-02-08 13:11:49', '2026-02-08 13:11:49'),
(753, 1, 116, 31, 'ABSENT', '2026-02-08 13:11:49', '2026-02-08 13:11:49'),
(754, 1, 116, 30, 'ABSENT', '2026-02-08 13:11:49', '2026-02-08 13:11:49'),
(755, 1, 111, 36, 'PRESENT', '2026-02-08 13:12:14', '2026-02-08 13:12:14'),
(756, 1, 111, 38, 'PRESENT', '2026-02-08 13:12:14', '2026-02-08 13:12:14'),
(757, 1, 111, 39, 'ABSENT', '2026-02-08 13:12:14', '2026-02-08 13:12:14'),
(758, 1, 111, 40, 'PRESENT', '2026-02-08 13:12:14', '2026-02-08 13:12:14'),
(759, 1, 111, 34, 'PRESENT', '2026-02-08 13:12:14', '2026-02-08 13:12:14'),
(760, 1, 111, 41, 'ABSENT', '2026-02-08 13:12:14', '2026-02-08 13:12:14'),
(761, 1, 111, 42, 'PRESENT', '2026-02-08 13:12:14', '2026-02-08 13:12:14'),
(762, 1, 111, 35, 'PRESENT', '2026-02-08 13:12:14', '2026-02-08 13:12:14'),
(763, 1, 111, 31, 'PRESENT', '2026-02-08 13:12:14', '2026-02-08 13:12:14'),
(764, 1, 111, 30, 'PRESENT', '2026-02-08 13:12:14', '2026-02-08 13:12:14'),
(765, 1, 111, 33, 'PRESENT', '2026-02-08 13:12:14', '2026-02-08 13:12:14'),
(766, 1, 119, 36, 'PRESENT', '2026-02-08 13:13:09', '2026-02-08 13:13:09'),
(767, 1, 119, 38, 'PRESENT', '2026-02-08 13:13:09', '2026-02-08 13:13:09'),
(768, 1, 119, 39, 'ABSENT', '2026-02-08 13:13:09', '2026-02-08 13:13:09'),
(769, 1, 119, 40, 'PRESENT', '2026-02-08 13:13:09', '2026-02-08 13:13:09'),
(770, 1, 119, 34, 'ABSENT', '2026-02-08 13:13:09', '2026-02-08 13:13:09'),
(771, 1, 119, 41, 'PRESENT', '2026-02-08 13:13:09', '2026-02-08 13:13:09'),
(772, 1, 119, 42, 'PRESENT', '2026-02-08 13:13:09', '2026-02-08 13:13:09'),
(773, 1, 119, 35, 'PRESENT', '2026-02-08 13:13:09', '2026-02-08 13:13:09'),
(774, 1, 119, 31, 'ABSENT', '2026-02-08 13:13:09', '2026-02-08 13:13:09'),
(775, 1, 119, 30, 'PRESENT', '2026-02-08 13:13:09', '2026-02-08 13:13:09'),
(776, 1, 119, 33, 'PRESENT', '2026-02-08 13:13:09', '2026-02-08 13:13:09'),
(777, 1, 120, 36, 'PRESENT', '2026-02-08 13:13:21', '2026-02-08 13:13:21'),
(778, 1, 120, 38, 'PRESENT', '2026-02-08 13:13:21', '2026-02-08 13:13:21'),
(779, 1, 120, 39, 'ABSENT', '2026-02-08 13:13:21', '2026-02-08 13:13:21'),
(780, 1, 120, 40, 'PRESENT', '2026-02-08 13:13:21', '2026-02-08 13:13:21'),
(781, 1, 120, 34, 'ABSENT', '2026-02-08 13:13:21', '2026-02-08 13:13:21'),
(782, 1, 120, 41, 'PRESENT', '2026-02-08 13:13:21', '2026-02-08 13:13:21'),
(783, 1, 120, 42, 'PRESENT', '2026-02-08 13:13:21', '2026-02-08 13:13:21'),
(784, 1, 120, 35, 'PRESENT', '2026-02-08 13:13:21', '2026-02-08 13:13:21'),
(785, 1, 120, 31, 'ABSENT', '2026-02-08 13:13:21', '2026-02-08 13:13:21'),
(786, 1, 120, 30, 'PRESENT', '2026-02-08 13:13:21', '2026-02-08 13:13:21'),
(787, 1, 120, 33, 'PRESENT', '2026-02-08 13:13:21', '2026-02-08 13:13:21'),
(788, 1, 123, 33, 'PRESENT', '2026-02-08 13:13:42', '2026-02-08 13:13:42'),
(789, 1, 123, 35, 'PRESENT', '2026-02-08 13:13:42', '2026-02-08 13:13:42'),
(790, 1, 123, 42, 'PRESENT', '2026-02-08 13:13:42', '2026-02-08 13:13:42'),
(791, 1, 123, 41, 'PRESENT', '2026-02-08 13:13:42', '2026-02-08 13:13:42'),
(792, 1, 123, 34, 'PRESENT', '2026-02-08 13:13:42', '2026-02-08 13:13:42'),
(793, 1, 123, 40, 'PRESENT', '2026-02-08 13:13:42', '2026-02-08 13:13:42'),
(796, 1, 64, 1, 'PRESENT', '2026-02-09 09:25:50', '2026-02-09 09:25:50'),
(797, 1, 64, 5, 'PRESENT', '2026-02-09 09:25:50', '2026-02-09 09:25:50'),
(798, 1, 64, 9, 'PRESENT', '2026-02-09 09:25:50', '2026-02-09 09:25:50'),
(799, 1, 64, 10, 'PRESENT', '2026-02-09 09:25:50', '2026-02-09 09:25:50'),
(800, 1, 64, 11, 'PRESENT', '2026-02-09 09:25:50', '2026-02-09 09:25:50'),
(801, 1, 64, 14, 'PRESENT', '2026-02-09 09:25:50', '2026-02-09 09:25:50'),
(802, 1, 64, 16, 'PRESENT', '2026-02-09 09:25:50', '2026-02-09 09:25:50'),
(803, 1, 64, 17, 'PRESENT', '2026-02-09 09:25:50', '2026-02-09 09:25:50'),
(804, 1, 64, 18, 'PRESENT', '2026-02-09 09:25:50', '2026-02-09 09:25:50'),
(805, 1, 64, 19, 'PRESENT', '2026-02-09 09:25:50', '2026-02-09 09:25:50'),
(806, 1, 64, 21, 'PRESENT', '2026-02-09 09:25:50', '2026-02-09 09:25:50'),
(807, 1, 64, 26, 'PRESENT', '2026-02-09 09:25:50', '2026-02-09 09:25:50'),
(808, 1, 87, 3, 'PRESENT', '2026-02-09 09:27:05', '2026-02-09 09:27:05'),
(809, 1, 87, 5, 'PRESENT', '2026-02-09 09:27:06', '2026-02-09 09:27:06'),
(810, 1, 87, 6, 'PRESENT', '2026-02-09 09:27:06', '2026-02-09 09:27:06'),
(811, 1, 87, 7, 'PRESENT', '2026-02-09 09:27:06', '2026-02-09 09:27:06'),
(812, 1, 87, 11, 'ABSENT', '2026-02-09 09:27:06', '2026-02-09 09:27:06'),
(813, 1, 87, 10, 'PRESENT', '2026-02-09 09:27:06', '2026-02-09 09:27:06'),
(814, 1, 87, 12, 'PRESENT', '2026-02-09 09:27:06', '2026-02-09 09:27:06'),
(815, 1, 87, 13, 'PRESENT', '2026-02-09 09:27:06', '2026-02-09 09:27:06'),
(816, 1, 87, 15, 'PRESENT', '2026-02-09 09:27:06', '2026-02-09 09:27:06'),
(817, 1, 87, 17, 'PRESENT', '2026-02-09 09:27:06', '2026-02-09 09:27:06'),
(818, 1, 87, 18, 'PRESENT', '2026-02-09 09:27:06', '2026-02-09 09:27:06'),
(819, 1, 87, 20, 'PRESENT', '2026-02-09 09:27:06', '2026-02-09 09:27:06'),
(820, 1, 87, 21, 'PRESENT', '2026-02-09 09:27:06', '2026-02-09 09:27:06'),
(821, 1, 87, 24, 'PRESENT', '2026-02-09 09:27:06', '2026-02-09 09:27:06'),
(822, 1, 87, 27, 'PRESENT', '2026-02-09 09:27:06', '2026-02-09 09:27:06'),
(823, 1, 87, 28, 'ABSENT', '2026-02-09 09:27:06', '2026-02-09 09:27:06'),
(824, 1, 87, 26, 'PRESENT', '2026-02-09 09:27:06', '2026-02-09 09:27:06'),
(825, 1, 90, 1, 'PRESENT', '2026-02-09 09:28:03', '2026-02-09 09:28:03'),
(826, 1, 90, 3, 'PRESENT', '2026-02-09 09:28:03', '2026-02-09 09:28:03'),
(827, 1, 90, 6, 'PRESENT', '2026-02-09 09:28:03', '2026-02-09 09:28:03'),
(828, 1, 90, 7, 'PRESENT', '2026-02-09 09:28:03', '2026-02-09 09:28:03'),
(829, 1, 90, 9, 'PRESENT', '2026-02-09 09:28:03', '2026-02-09 09:28:03'),
(830, 1, 90, 10, 'PRESENT', '2026-02-09 09:28:03', '2026-02-09 09:28:03'),
(831, 1, 90, 12, 'PRESENT', '2026-02-09 09:28:03', '2026-02-09 09:28:03'),
(832, 1, 90, 13, 'PRESENT', '2026-02-09 09:28:03', '2026-02-09 09:28:03'),
(833, 1, 90, 14, 'PRESENT', '2026-02-09 09:28:03', '2026-02-09 09:28:03'),
(834, 1, 90, 15, 'PRESENT', '2026-02-09 09:28:03', '2026-02-09 09:28:03'),
(835, 1, 90, 21, 'PRESENT', '2026-02-09 09:28:03', '2026-02-09 09:28:03'),
(836, 1, 90, 20, 'PRESENT', '2026-02-09 09:28:03', '2026-02-09 09:28:03'),
(837, 1, 90, 19, 'PRESENT', '2026-02-09 09:28:03', '2026-02-09 09:28:03'),
(838, 1, 90, 18, 'PRESENT', '2026-02-09 09:28:03', '2026-02-09 09:28:03'),
(839, 1, 90, 17, 'PRESENT', '2026-02-09 09:28:03', '2026-02-09 09:28:03'),
(840, 1, 90, 16, 'PRESENT', '2026-02-09 09:28:03', '2026-02-09 09:28:03'),
(841, 1, 90, 24, 'PRESENT', '2026-02-09 09:28:03', '2026-02-09 09:28:03'),
(842, 1, 90, 27, 'PRESENT', '2026-02-09 09:28:03', '2026-02-09 09:28:03'),
(843, 1, 90, 28, 'PRESENT', '2026-02-09 09:28:03', '2026-02-09 09:28:03'),
(844, 1, 151, 1, 'PRESENT', '2026-02-09 09:28:13', '2026-02-09 09:28:13'),
(845, 1, 151, 3, 'PRESENT', '2026-02-09 09:28:13', '2026-02-09 09:28:13'),
(846, 1, 151, 5, 'PRESENT', '2026-02-09 09:28:13', '2026-02-09 09:28:13'),
(847, 1, 151, 6, 'PRESENT', '2026-02-09 09:28:13', '2026-02-09 09:28:13'),
(848, 1, 151, 8, 'PRESENT', '2026-02-09 09:28:13', '2026-02-09 09:28:13'),
(849, 1, 151, 9, 'PRESENT', '2026-02-09 09:28:13', '2026-02-09 09:28:13'),
(850, 1, 151, 10, 'PRESENT', '2026-02-09 09:28:13', '2026-02-09 09:28:13'),
(851, 1, 151, 12, 'PRESENT', '2026-02-09 09:28:13', '2026-02-09 09:28:13'),
(852, 1, 151, 13, 'PRESENT', '2026-02-09 09:28:13', '2026-02-09 09:28:13'),
(853, 1, 151, 14, 'PRESENT', '2026-02-09 09:28:13', '2026-02-09 09:28:13'),
(854, 1, 151, 15, 'PRESENT', '2026-02-09 09:28:13', '2026-02-09 09:28:13'),
(855, 1, 151, 16, 'PRESENT', '2026-02-09 09:28:13', '2026-02-09 09:28:13'),
(856, 1, 151, 17, 'PRESENT', '2026-02-09 09:28:13', '2026-02-09 09:28:13'),
(857, 1, 151, 18, 'PRESENT', '2026-02-09 09:28:13', '2026-02-09 09:28:13'),
(858, 1, 151, 19, 'PRESENT', '2026-02-09 09:28:13', '2026-02-09 09:28:13'),
(859, 1, 151, 20, 'PRESENT', '2026-02-09 09:28:13', '2026-02-09 09:28:13'),
(860, 1, 151, 21, 'PRESENT', '2026-02-09 09:28:13', '2026-02-09 09:28:13'),
(861, 1, 151, 22, 'PRESENT', '2026-02-09 09:28:13', '2026-02-09 09:28:13'),
(862, 1, 151, 24, 'PRESENT', '2026-02-09 09:28:13', '2026-02-09 09:28:13'),
(863, 1, 151, 25, 'PRESENT', '2026-02-09 09:28:13', '2026-02-09 09:28:13'),
(864, 1, 151, 26, 'PRESENT', '2026-02-09 09:28:13', '2026-02-09 09:28:13'),
(865, 1, 151, 27, 'PRESENT', '2026-02-09 09:28:13', '2026-02-09 09:28:13');

INSERT INTO `attendance_records` (`attendance_id`, `term_id`, `schedule_id`, `student_id`, `status`, `created_at`, `updated_at`) VALUES
(866, 1, 151, 28, 'PRESENT', '2026-02-09 09:28:13', '2026-02-09 09:28:13'),
(867, 1, 124, 34, 'PRESENT', '2026-02-09 09:29:23', '2026-02-09 09:29:23'),
(868, 1, 124, 41, 'PRESENT', '2026-02-09 09:29:23', '2026-02-09 09:29:23'),
(869, 1, 124, 42, 'PRESENT', '2026-02-09 09:29:23', '2026-02-09 09:29:23'),
(870, 1, 124, 35, 'PRESENT', '2026-02-09 09:29:23', '2026-02-09 09:29:23'),
(871, 1, 124, 33, 'PRESENT', '2026-02-09 09:29:23', '2026-02-09 09:29:23'),
(872, 1, 124, 40, 'PRESENT', '2026-02-09 09:29:23', '2026-02-09 09:29:23'),
(873, 1, 121, 36, 'PRESENT', '2026-02-09 09:29:32', '2026-02-09 09:29:32'),
(874, 1, 121, 38, 'PRESENT', '2026-02-09 09:29:32', '2026-02-09 09:29:32'),
(875, 1, 121, 39, 'PRESENT', '2026-02-09 09:29:32', '2026-02-09 09:29:32'),
(876, 1, 121, 40, 'PRESENT', '2026-02-09 09:29:32', '2026-02-09 09:29:32'),
(877, 1, 121, 34, 'PRESENT', '2026-02-09 09:29:32', '2026-02-09 09:29:32'),
(878, 1, 121, 41, 'PRESENT', '2026-02-09 09:29:32', '2026-02-09 09:29:32'),
(879, 1, 121, 42, 'PRESENT', '2026-02-09 09:29:32', '2026-02-09 09:29:32'),
(880, 1, 121, 35, 'PRESENT', '2026-02-09 09:29:32', '2026-02-09 09:29:32'),
(881, 1, 121, 31, 'PRESENT', '2026-02-09 09:29:32', '2026-02-09 09:29:32'),
(882, 1, 121, 30, 'PRESENT', '2026-02-09 09:29:32', '2026-02-09 09:29:32'),
(883, 1, 121, 33, 'PRESENT', '2026-02-09 09:29:32', '2026-02-09 09:29:32'),
(884, 1, 122, 36, 'PRESENT', '2026-02-09 09:29:41', '2026-02-09 09:29:41'),
(885, 1, 122, 38, 'ABSENT', '2026-02-09 09:29:41', '2026-02-09 09:29:41'),
(886, 1, 122, 39, 'ABSENT', '2026-02-09 09:29:41', '2026-02-09 09:29:41'),
(887, 1, 122, 40, 'PRESENT', '2026-02-09 09:29:41', '2026-02-09 09:29:41'),
(888, 1, 122, 34, 'PRESENT', '2026-02-09 09:29:41', '2026-02-09 09:29:41'),
(889, 1, 122, 41, 'PRESENT', '2026-02-09 09:29:41', '2026-02-09 09:29:41'),
(890, 1, 122, 42, 'PRESENT', '2026-02-09 09:29:41', '2026-02-09 09:29:41'),
(891, 1, 122, 35, 'PRESENT', '2026-02-09 09:29:41', '2026-02-09 09:29:41'),
(892, 1, 122, 31, 'PRESENT', '2026-02-09 09:29:41', '2026-02-09 09:29:41'),
(893, 1, 122, 30, 'PRESENT', '2026-02-09 09:29:41', '2026-02-09 09:29:41'),
(894, 1, 122, 33, 'PRESENT', '2026-02-09 09:29:41', '2026-02-09 09:29:41'),
(895, 1, 152, 1, 'PRESENT', '2026-02-09 10:22:01', '2026-02-09 10:22:01'),
(896, 1, 152, 3, 'PRESENT', '2026-02-09 10:22:01', '2026-02-09 10:22:01'),
(897, 1, 152, 4, 'PRESENT', '2026-02-09 10:22:01', '2026-02-09 10:22:01'),
(898, 1, 152, 5, 'PRESENT', '2026-02-09 10:22:01', '2026-02-09 10:22:01'),
(899, 1, 152, 6, 'PRESENT', '2026-02-09 10:22:01', '2026-02-09 10:22:01'),
(900, 1, 152, 8, 'PRESENT', '2026-02-09 10:22:01', '2026-02-09 10:22:01'),
(901, 1, 152, 9, 'PRESENT', '2026-02-09 10:22:01', '2026-02-09 10:22:01'),
(902, 1, 152, 10, 'PRESENT', '2026-02-09 10:22:01', '2026-02-09 10:22:01'),
(903, 1, 152, 11, 'PRESENT', '2026-02-09 10:22:02', '2026-02-09 10:22:02'),
(904, 1, 152, 12, 'PRESENT', '2026-02-09 10:22:02', '2026-02-09 10:22:02'),
(905, 1, 152, 13, 'PRESENT', '2026-02-09 10:22:02', '2026-02-09 10:22:02'),
(906, 1, 152, 14, 'PRESENT', '2026-02-09 10:22:02', '2026-02-09 10:22:02'),
(907, 1, 152, 16, 'PRESENT', '2026-02-09 10:22:02', '2026-02-09 10:22:02'),
(908, 1, 152, 15, 'PRESENT', '2026-02-09 10:22:02', '2026-02-09 10:22:02'),
(909, 1, 152, 18, 'PRESENT', '2026-02-09 10:22:02', '2026-02-09 10:22:02'),
(910, 1, 152, 19, 'PRESENT', '2026-02-09 10:22:02', '2026-02-09 10:22:02'),
(911, 1, 152, 20, 'PRESENT', '2026-02-09 10:22:02', '2026-02-09 10:22:02'),
(912, 1, 152, 21, 'PRESENT', '2026-02-09 10:22:02', '2026-02-09 10:22:02'),
(913, 1, 152, 24, 'PRESENT', '2026-02-09 10:22:02', '2026-02-09 10:22:02'),
(914, 1, 152, 26, 'PRESENT', '2026-02-09 10:22:02', '2026-02-09 10:22:02'),
(915, 1, 152, 27, 'PRESENT', '2026-02-09 10:22:02', '2026-02-09 10:22:02'),
(916, 1, 152, 28, 'PRESENT', '2026-02-09 10:22:02', '2026-02-09 10:22:02'),
(917, 1, 164, 36, 'PRESENT', '2026-02-09 14:08:13', '2026-02-09 14:08:13'),
(918, 1, 164, 40, 'PRESENT', '2026-02-09 14:08:13', '2026-02-09 14:08:13'),
(919, 1, 164, 34, 'PRESENT', '2026-02-09 14:08:13', '2026-02-09 14:08:13'),
(920, 1, 164, 41, 'PRESENT', '2026-02-09 14:08:13', '2026-02-09 14:08:13'),
(921, 1, 164, 42, 'PRESENT', '2026-02-09 14:08:13', '2026-02-09 14:08:13'),
(922, 1, 164, 35, 'PRESENT', '2026-02-09 14:08:13', '2026-02-09 14:08:13'),
(923, 1, 164, 31, 'PRESENT', '2026-02-09 14:08:13', '2026-02-09 14:08:13'),
(924, 1, 164, 30, 'PRESENT', '2026-02-09 14:08:13', '2026-02-09 14:08:13'),
(925, 1, 164, 33, 'PRESENT', '2026-02-09 14:08:13', '2026-02-09 14:08:13'),
(926, 1, 165, 36, 'PRESENT', '2026-02-09 14:08:32', '2026-02-09 14:08:32'),
(927, 1, 165, 38, 'PRESENT', '2026-02-09 14:08:32', '2026-02-09 14:08:32'),
(928, 1, 165, 40, 'PRESENT', '2026-02-09 14:08:32', '2026-02-09 14:08:32'),
(929, 1, 165, 41, 'PRESENT', '2026-02-09 14:08:33', '2026-02-09 14:08:33'),
(930, 1, 165, 34, 'PRESENT', '2026-02-09 14:08:33', '2026-02-09 14:08:33'),
(931, 1, 165, 42, 'PRESENT', '2026-02-09 14:08:33', '2026-02-09 14:08:33'),
(932, 1, 165, 35, 'PRESENT', '2026-02-09 14:08:33', '2026-02-09 14:08:33'),
(933, 1, 165, 31, 'PRESENT', '2026-02-09 14:08:33', '2026-02-09 14:08:33'),
(934, 1, 165, 30, 'PRESENT', '2026-02-09 14:08:33', '2026-02-09 14:08:33'),
(935, 1, 165, 33, 'PRESENT', '2026-02-09 14:08:33', '2026-02-09 14:08:33'),
(936, 1, 153, 1, 'PRESENT', '2026-02-09 15:12:45', '2026-02-09 15:12:45'),
(937, 1, 153, 3, 'PRESENT', '2026-02-09 15:12:45', '2026-02-09 15:12:45'),
(938, 1, 153, 4, 'ABSENT', '2026-02-09 15:12:45', '2026-02-09 15:12:45'),
(939, 1, 153, 7, 'PRESENT', '2026-02-09 15:12:45', '2026-02-09 15:12:45'),
(940, 1, 153, 8, 'PRESENT', '2026-02-09 15:12:45', '2026-02-09 15:12:45'),
(941, 1, 153, 9, 'PRESENT', '2026-02-09 15:12:45', '2026-02-09 15:12:45'),
(942, 1, 153, 10, 'PRESENT', '2026-02-09 15:12:45', '2026-02-09 15:12:45'),
(943, 1, 153, 13, 'PRESENT', '2026-02-09 15:12:45', '2026-02-09 15:12:45'),
(944, 1, 153, 14, 'PRESENT', '2026-02-09 15:12:45', '2026-02-09 15:12:45'),
(945, 1, 153, 16, 'PRESENT', '2026-02-09 15:12:45', '2026-02-09 15:12:45'),
(946, 1, 153, 18, 'PRESENT', '2026-02-09 15:12:45', '2026-02-09 15:12:45'),
(947, 1, 153, 17, 'ABSENT', '2026-02-09 15:12:45', '2026-02-09 15:12:45'),
(948, 1, 153, 19, 'PRESENT', '2026-02-09 15:12:45', '2026-02-09 15:12:45'),
(949, 1, 153, 20, 'PRESENT', '2026-02-09 15:12:45', '2026-02-09 15:12:45'),
(950, 1, 153, 21, 'PRESENT', '2026-02-09 15:12:45', '2026-02-09 15:12:45'),
(951, 1, 153, 25, 'PRESENT', '2026-02-09 15:12:45', '2026-02-09 15:12:45'),
(952, 1, 175, 38, 'PRESENT', '2026-02-10 09:30:16', '2026-02-10 09:30:16'),
(953, 1, 175, 40, 'PRESENT', '2026-02-10 09:30:16', '2026-02-10 09:30:16'),
(954, 1, 175, 34, 'PRESENT', '2026-02-10 09:30:16', '2026-02-10 09:30:16'),
(955, 1, 175, 42, 'PRESENT', '2026-02-10 09:30:16', '2026-02-10 09:30:16'),
(956, 1, 175, 35, 'PRESENT', '2026-02-10 09:30:16', '2026-02-10 09:30:16'),
(957, 1, 175, 33, 'PRESENT', '2026-02-10 09:30:16', '2026-02-10 09:30:16'),
(958, 1, 175, 36, 'PRESENT', '2026-02-10 09:33:32', '2026-02-10 09:33:32'),
(959, 1, 175, 39, 'PRESENT', '2026-02-10 09:36:05', '2026-02-10 09:36:05'),
(960, 1, 175, 41, 'PRESENT', '2026-02-10 09:38:08', '2026-02-10 09:38:08'),
(961, 1, 175, 31, 'PRESENT', '2026-02-10 09:43:06', '2026-02-10 09:43:06'),
(962, 1, 127, 7, 'PRESENT', '2026-02-10 09:55:22', '2026-02-10 09:55:22'),
(963, 1, 127, 9, 'PRESENT', '2026-02-10 09:55:22', '2026-02-10 09:55:22'),
(964, 1, 127, 10, 'PRESENT', '2026-02-10 09:55:22', '2026-02-10 09:55:22'),
(965, 1, 127, 16, 'PRESENT', '2026-02-10 09:55:22', '2026-02-10 09:55:22'),
(966, 1, 127, 18, 'PRESENT', '2026-02-10 09:55:22', '2026-02-10 09:55:22'),
(967, 1, 127, 19, 'PRESENT', '2026-02-10 09:55:22', '2026-02-10 09:55:22'),
(968, 1, 127, 20, 'PRESENT', '2026-02-10 09:55:22', '2026-02-10 09:55:22'),
(969, 1, 127, 21, 'PRESENT', '2026-02-10 09:55:22', '2026-02-10 09:55:22'),
(970, 1, 127, 22, 'PRESENT', '2026-02-10 09:55:22', '2026-02-10 09:55:22'),
(971, 1, 127, 14, 'PRESENT', '2026-02-10 09:55:22', '2026-02-10 09:55:22'),
(972, 1, 127, 6, 'PRESENT', '2026-02-10 09:55:22', '2026-02-10 09:55:22'),
(973, 1, 176, 36, 'PRESENT', '2026-02-10 10:57:58', '2026-02-10 10:57:58'),
(974, 1, 176, 38, 'PRESENT', '2026-02-10 10:57:58', '2026-02-10 10:57:58'),
(975, 1, 176, 39, 'PRESENT', '2026-02-10 10:57:58', '2026-02-10 10:57:58'),
(976, 1, 176, 40, 'PRESENT', '2026-02-10 10:57:58', '2026-02-10 10:57:58'),
(977, 1, 176, 34, 'PRESENT', '2026-02-10 10:57:58', '2026-02-10 10:57:58'),
(978, 1, 176, 41, 'PRESENT', '2026-02-10 10:57:58', '2026-02-10 10:57:58'),
(979, 1, 176, 42, 'PRESENT', '2026-02-10 10:57:58', '2026-02-10 10:57:58'),
(980, 1, 176, 35, 'PRESENT', '2026-02-10 10:57:58', '2026-02-10 10:57:58'),
(981, 1, 176, 31, 'PRESENT', '2026-02-10 10:57:58', '2026-02-10 10:57:58'),
(982, 1, 176, 30, 'PRESENT', '2026-02-10 10:57:58', '2026-02-10 10:57:58'),
(983, 1, 176, 33, 'PRESENT', '2026-02-10 10:57:58', '2026-02-10 10:57:58'),
(984, 1, 177, 36, 'PRESENT', '2026-02-10 11:00:34', '2026-02-10 11:00:36'),
(985, 1, 177, 38, 'PRESENT', '2026-02-10 11:00:34', '2026-02-10 11:00:37'),
(986, 1, 177, 39, 'PRESENT', '2026-02-10 11:00:34', '2026-02-10 11:00:37'),
(987, 1, 177, 40, 'PRESENT', '2026-02-10 11:00:35', '2026-02-10 11:00:37'),
(988, 1, 177, 34, 'PRESENT', '2026-02-10 11:00:36', '2026-02-10 11:00:38'),
(989, 1, 177, 41, 'PRESENT', '2026-02-10 11:00:36', '2026-02-10 11:00:38'),
(990, 1, 177, 42, 'PRESENT', '2026-02-10 11:00:36', '2026-02-10 11:00:38'),
(992, 1, 177, 35, 'PRESENT', '2026-02-10 11:00:37', '2026-02-10 11:00:39'),
(994, 1, 177, 31, 'PRESENT', '2026-02-10 11:00:37', '2026-02-10 11:00:39'),
(996, 1, 177, 30, 'PRESENT', '2026-02-10 11:00:37', '2026-02-10 11:00:41'),
(998, 1, 177, 33, 'PRESENT', '2026-02-10 11:00:38', '2026-02-10 11:00:42'),
(1006, 1, 178, 36, 'PRESENT', '2026-02-10 11:05:54', '2026-02-10 11:05:54'),
(1007, 1, 178, 38, 'PRESENT', '2026-02-10 11:05:55', '2026-02-10 11:05:55'),
(1008, 1, 178, 40, 'PRESENT', '2026-02-10 11:05:55', '2026-02-10 11:05:55'),
(1009, 1, 178, 34, 'PRESENT', '2026-02-10 11:05:56', '2026-02-10 11:05:56'),
(1010, 1, 178, 41, 'PRESENT', '2026-02-10 11:05:57', '2026-02-10 11:05:57'),
(1011, 1, 178, 42, 'PRESENT', '2026-02-10 11:05:57', '2026-02-10 11:05:57'),
(1012, 1, 178, 35, 'PRESENT', '2026-02-10 11:05:57', '2026-02-10 11:05:57'),
(1013, 1, 178, 31, 'PRESENT', '2026-02-10 11:05:58', '2026-02-10 11:05:58'),
(1014, 1, 178, 30, 'PRESENT', '2026-02-10 11:05:59', '2026-02-10 11:05:59'),
(1015, 1, 178, 33, 'PRESENT', '2026-02-10 11:05:59', '2026-02-10 11:05:59'),
(1016, 1, 128, 1, 'PRESENT', '2026-02-10 11:39:55', '2026-02-10 11:39:55'),
(1017, 1, 128, 6, 'PRESENT', '2026-02-10 11:39:55', '2026-02-10 11:39:55'),
(1018, 1, 128, 7, 'PRESENT', '2026-02-10 11:39:55', '2026-02-10 11:39:55'),
(1019, 1, 128, 9, 'PRESENT', '2026-02-10 11:39:55', '2026-02-10 11:39:55'),
(1020, 1, 128, 10, 'PRESENT', '2026-02-10 11:39:55', '2026-02-10 11:39:55'),
(1021, 1, 128, 11, 'PRESENT', '2026-02-10 11:39:55', '2026-02-10 11:39:55'),
(1022, 1, 128, 12, 'PRESENT', '2026-02-10 11:39:55', '2026-02-10 11:39:55'),
(1023, 1, 128, 14, 'PRESENT', '2026-02-10 11:39:55', '2026-02-10 11:39:55'),
(1024, 1, 128, 16, 'PRESENT', '2026-02-10 11:39:55', '2026-02-10 11:39:55'),
(1025, 1, 128, 17, 'PRESENT', '2026-02-10 11:39:55', '2026-02-10 11:39:55'),
(1026, 1, 128, 18, 'PRESENT', '2026-02-10 11:39:55', '2026-02-10 11:39:55'),
(1027, 1, 128, 19, 'PRESENT', '2026-02-10 11:39:55', '2026-02-10 11:39:55'),
(1028, 1, 128, 20, 'PRESENT', '2026-02-10 11:39:55', '2026-02-10 11:39:55'),
(1029, 1, 128, 21, 'PRESENT', '2026-02-10 11:39:55', '2026-02-10 11:39:55'),
(1030, 1, 128, 22, 'PRESENT', '2026-02-10 11:39:55', '2026-02-10 11:39:55'),
(1031, 1, 128, 24, 'PRESENT', '2026-02-10 11:39:55', '2026-02-10 11:39:55'),
(1032, 1, 128, 8, 'PRESENT', '2026-02-10 11:39:55', '2026-02-10 11:39:55'),
(1033, 1, 132, 1, 'PRESENT', '2026-02-10 13:46:53', '2026-02-10 13:46:56'),
(1035, 1, 132, 2, 'ABSENT', '2026-02-10 13:46:54', '2026-02-10 13:46:56'),
(1037, 1, 132, 3, 'ABSENT', '2026-02-10 13:46:54', '2026-02-10 13:46:56'),
(1039, 1, 132, 4, 'ABSENT', '2026-02-10 13:46:55', '2026-02-10 13:46:56'),
(1041, 1, 132, 5, 'ABSENT', '2026-02-10 13:46:55', '2026-02-10 13:46:56'),
(1043, 1, 132, 6, 'ABSENT', '2026-02-10 13:46:55', '2026-02-10 13:46:56'),
(1045, 1, 132, 7, 'ABSENT', '2026-02-10 13:46:55', '2026-02-10 13:46:57'),
(1047, 1, 132, 8, 'PRESENT', '2026-02-10 13:46:56', '2026-02-10 13:46:57'),
(1050, 1, 132, 9, 'PRESENT', '2026-02-10 13:46:56', '2026-02-10 13:46:57'),
(1053, 1, 132, 10, 'PRESENT', '2026-02-10 13:46:56', '2026-02-10 13:46:57'),
(1056, 1, 132, 11, 'ABSENT', '2026-02-10 13:46:56', '2026-02-10 13:46:57'),
(1059, 1, 132, 12, 'ABSENT', '2026-02-10 13:46:56', '2026-02-10 13:46:57'),
(1062, 1, 132, 13, 'PRESENT', '2026-02-10 13:46:56', '2026-02-10 13:46:57'),
(1065, 1, 132, 14, 'PRESENT', '2026-02-10 13:46:56', '2026-02-10 13:46:57'),
(1068, 1, 132, 15, 'ABSENT', '2026-02-10 13:46:57', '2026-02-10 13:46:58'),
(1070, 1, 132, 16, 'PRESENT', '2026-02-10 13:46:57', '2026-02-10 13:46:58'),
(1072, 1, 132, 17, 'PRESENT', '2026-02-10 13:46:57', '2026-02-10 13:46:58'),
(1074, 1, 132, 18, 'PRESENT', '2026-02-10 13:46:57', '2026-02-10 13:46:58'),
(1076, 1, 132, 19, 'PRESENT', '2026-02-10 13:46:57', '2026-02-10 13:46:58'),
(1078, 1, 132, 20, 'PRESENT', '2026-02-10 13:46:57', '2026-02-10 13:46:58'),
(1081, 1, 132, 21, 'PRESENT', '2026-02-10 13:46:57', '2026-02-10 13:46:58'),
(1084, 1, 132, 22, 'PRESENT', '2026-02-10 13:46:57', '2026-02-10 13:46:58'),
(1087, 1, 132, 23, 'ABSENT', '2026-02-10 13:46:57', '2026-02-10 13:46:58'),
(1089, 1, 132, 24, 'PRESENT', '2026-02-10 13:46:58', '2026-02-10 13:46:59'),
(1092, 1, 132, 25, 'ABSENT', '2026-02-10 13:46:58', '2026-02-10 13:46:59'),
(1095, 1, 132, 26, 'ABSENT', '2026-02-10 13:46:58', '2026-02-10 13:46:59'),
(1099, 1, 132, 27, 'ABSENT', '2026-02-10 13:46:58', '2026-02-10 13:46:59'),
(1102, 1, 132, 28, 'ABSENT', '2026-02-10 13:46:58', '2026-02-10 13:46:59'),
(1105, 1, 132, 29, 'ABSENT', '2026-02-10 13:46:58', '2026-02-10 13:47:00'),
(1120, 1, 133, 1, 'ABSENT', '2026-02-10 16:01:18', '2026-02-10 16:02:02'),
(1121, 1, 133, 2, 'ABSENT', '2026-02-10 16:01:18', '2026-02-10 16:02:02'),
(1122, 1, 133, 3, 'ABSENT', '2026-02-10 16:01:18', '2026-02-10 16:02:03'),
(1123, 1, 133, 4, 'ABSENT', '2026-02-10 16:01:18', '2026-02-10 16:02:03'),
(1124, 1, 133, 5, 'ABSENT', '2026-02-10 16:01:18', '2026-02-10 16:02:03'),
(1125, 1, 133, 6, 'ABSENT', '2026-02-10 16:01:18', '2026-02-10 16:02:03'),
(1126, 1, 133, 7, 'ABSENT', '2026-02-10 16:01:18', '2026-02-10 16:02:03'),
(1127, 1, 133, 8, 'ABSENT', '2026-02-10 16:01:18', '2026-02-10 16:02:03'),
(1128, 1, 133, 9, 'ABSENT', '2026-02-10 16:01:18', '2026-02-10 16:02:03'),
(1129, 1, 133, 10, 'ABSENT', '2026-02-10 16:01:18', '2026-02-10 16:02:03'),
(1130, 1, 133, 11, 'ABSENT', '2026-02-10 16:01:18', '2026-02-10 16:02:03'),
(1131, 1, 133, 12, 'ABSENT', '2026-02-10 16:01:19', '2026-02-10 16:02:03'),
(1132, 1, 133, 13, 'ABSENT', '2026-02-10 16:01:19', '2026-02-10 16:02:03'),
(1133, 1, 133, 14, 'ABSENT', '2026-02-10 16:01:19', '2026-02-10 16:02:03'),
(1134, 1, 133, 15, 'ABSENT', '2026-02-10 16:01:19', '2026-02-10 16:02:03');

INSERT INTO `attendance_records` (`attendance_id`, `term_id`, `schedule_id`, `student_id`, `status`, `created_at`, `updated_at`) VALUES
(1135, 1, 133, 16, 'PRESENT', '2026-02-10 16:01:19', '2026-02-10 16:02:03'),
(1138, 1, 133, 17, 'ABSENT', '2026-02-10 16:01:19', '2026-02-10 16:02:03'),
(1140, 1, 133, 18, 'PRESENT', '2026-02-10 16:01:19', '2026-02-10 16:02:03'),
(1142, 1, 133, 19, 'ABSENT', '2026-02-10 16:01:19', '2026-02-10 16:02:03'),
(1144, 1, 133, 20, 'PRESENT', '2026-02-10 16:01:19', '2026-02-10 16:02:03'),
(1146, 1, 133, 21, 'PRESENT', '2026-02-10 16:01:19', '2026-02-10 16:02:04'),
(1148, 1, 133, 22, 'ABSENT', '2026-02-10 16:01:19', '2026-02-10 16:02:04'),
(1150, 1, 133, 23, 'ABSENT', '2026-02-10 16:01:19', '2026-02-10 16:02:04'),
(1152, 1, 133, 24, 'ABSENT', '2026-02-10 16:01:19', '2026-02-10 16:02:04'),
(1154, 1, 133, 25, 'ABSENT', '2026-02-10 16:01:19', '2026-02-10 16:02:04'),
(1156, 1, 133, 26, 'ABSENT', '2026-02-10 16:01:19', '2026-02-10 16:02:04'),
(1158, 1, 133, 27, 'ABSENT', '2026-02-10 16:01:19', '2026-02-10 16:02:04'),
(1160, 1, 133, 28, 'ABSENT', '2026-02-10 16:01:19', '2026-02-10 16:02:04'),
(1162, 1, 133, 29, 'ABSENT', '2026-02-10 16:01:19', '2026-02-10 16:02:04'),
(1265, 1, 146, 36, 'PRESENT', '2026-02-11 09:21:42', '2026-02-11 09:21:42'),
(1266, 1, 146, 38, 'ABSENT', '2026-02-11 09:21:42', '2026-02-11 09:21:42'),
(1267, 1, 146, 39, 'ABSENT', '2026-02-11 09:21:42', '2026-02-11 09:21:42'),
(1268, 1, 146, 40, 'ABSENT', '2026-02-11 09:21:42', '2026-02-11 09:21:42'),
(1269, 1, 146, 34, 'ABSENT', '2026-02-11 09:21:42', '2026-02-11 09:21:42'),
(1270, 1, 146, 41, 'PRESENT', '2026-02-11 09:21:42', '2026-02-11 09:21:42'),
(1271, 1, 146, 42, 'PRESENT', '2026-02-11 09:21:42', '2026-02-11 09:21:42'),
(1272, 1, 146, 35, 'PRESENT', '2026-02-11 09:21:42', '2026-02-11 09:21:42'),
(1273, 1, 146, 31, 'ABSENT', '2026-02-11 09:21:42', '2026-02-11 09:21:42'),
(1274, 1, 146, 30, 'ABSENT', '2026-02-11 09:21:42', '2026-02-11 09:21:42'),
(1275, 1, 146, 33, 'ABSENT', '2026-02-11 09:21:43', '2026-02-11 09:21:43'),
(1276, 1, 179, 36, 'PRESENT', '2026-02-11 12:52:39', '2026-02-11 12:52:39'),
(1277, 1, 179, 38, 'PRESENT', '2026-02-11 12:52:39', '2026-02-11 12:52:39'),
(1278, 1, 179, 39, 'PRESENT', '2026-02-11 12:52:39', '2026-02-11 12:52:39'),
(1279, 1, 179, 40, 'PRESENT', '2026-02-11 12:52:40', '2026-02-11 12:52:40'),
(1280, 1, 179, 41, 'PRESENT', '2026-02-11 12:52:40', '2026-02-11 12:52:40'),
(1281, 1, 179, 42, 'PRESENT', '2026-02-11 12:52:41', '2026-02-11 12:52:41'),
(1282, 1, 179, 35, 'PRESENT', '2026-02-11 12:52:41', '2026-02-11 12:52:41'),
(1283, 1, 179, 31, 'PRESENT', '2026-02-11 12:52:41', '2026-02-11 12:52:41'),
(1284, 1, 179, 30, 'PRESENT', '2026-02-11 12:52:43', '2026-02-11 12:52:43'),
(1285, 1, 179, 33, 'PRESENT', '2026-02-11 12:52:45', '2026-02-11 12:52:45'),
(1286, 1, 147, 36, 'PRESENT', '2026-02-11 13:12:19', '2026-02-11 13:12:19'),
(1287, 1, 147, 38, 'ABSENT', '2026-02-11 13:12:19', '2026-02-11 13:12:19'),
(1288, 1, 147, 39, 'ABSENT', '2026-02-11 13:12:19', '2026-02-11 13:12:19'),
(1289, 1, 147, 40, 'PRESENT', '2026-02-11 13:12:19', '2026-02-11 13:12:19'),
(1290, 1, 147, 34, 'ABSENT', '2026-02-11 13:12:19', '2026-02-11 13:12:19'),
(1291, 1, 147, 41, 'ABSENT', '2026-02-11 13:12:19', '2026-02-11 13:12:19'),
(1292, 1, 147, 42, 'PRESENT', '2026-02-11 13:12:19', '2026-02-11 13:12:19'),
(1293, 1, 147, 35, 'PRESENT', '2026-02-11 13:12:19', '2026-02-11 13:12:19'),
(1294, 1, 147, 31, 'PRESENT', '2026-02-11 13:12:19', '2026-02-11 13:12:19'),
(1295, 1, 147, 30, 'PRESENT', '2026-02-11 13:12:19', '2026-02-11 13:12:19'),
(1296, 1, 147, 33, 'PRESENT', '2026-02-11 13:12:19', '2026-02-11 13:12:19'),
(1297, 1, 167, 1, 'PRESENT', '2026-02-11 13:12:57', '2026-02-11 13:12:57'),
(1298, 1, 167, 3, 'PRESENT', '2026-02-11 13:12:57', '2026-02-11 13:12:57'),
(1299, 1, 167, 5, 'PRESENT', '2026-02-11 13:12:57', '2026-02-11 13:12:57'),
(1300, 1, 167, 6, 'PRESENT', '2026-02-11 13:12:57', '2026-02-11 13:12:57'),
(1301, 1, 167, 7, 'PRESENT', '2026-02-11 13:12:57', '2026-02-11 13:12:57'),
(1302, 1, 167, 9, 'PRESENT', '2026-02-11 13:12:57', '2026-02-11 13:12:57'),
(1303, 1, 167, 10, 'PRESENT', '2026-02-11 13:12:57', '2026-02-11 13:12:57'),
(1304, 1, 167, 12, 'PRESENT', '2026-02-11 13:12:57', '2026-02-11 13:12:57'),
(1305, 1, 167, 13, 'PRESENT', '2026-02-11 13:12:57', '2026-02-11 13:12:57'),
(1306, 1, 167, 14, 'PRESENT', '2026-02-11 13:12:57', '2026-02-11 13:12:57'),
(1307, 1, 167, 15, 'PRESENT', '2026-02-11 13:12:57', '2026-02-11 13:12:57'),
(1308, 1, 167, 16, 'PRESENT', '2026-02-11 13:12:57', '2026-02-11 13:12:57'),
(1309, 1, 167, 17, 'PRESENT', '2026-02-11 13:12:57', '2026-02-11 13:12:57'),
(1310, 1, 167, 19, 'PRESENT', '2026-02-11 13:12:57', '2026-02-11 13:12:57'),
(1311, 1, 167, 20, 'PRESENT', '2026-02-11 13:12:57', '2026-02-11 13:12:57'),
(1312, 1, 167, 21, 'PRESENT', '2026-02-11 13:12:57', '2026-02-11 13:12:57'),
(1313, 1, 167, 22, 'PRESENT', '2026-02-11 13:12:57', '2026-02-11 13:12:57'),
(1314, 1, 167, 24, 'PRESENT', '2026-02-11 13:12:57', '2026-02-11 13:12:57'),
(1315, 1, 167, 26, 'PRESENT', '2026-02-11 13:12:57', '2026-02-11 13:12:57'),
(1316, 1, 167, 27, 'PRESENT', '2026-02-11 13:12:57', '2026-02-11 13:12:57'),
(1317, 1, 167, 8, 'PRESENT', '2026-02-11 13:14:09', '2026-02-11 13:14:09'),
(1318, 1, 167, 4, 'PRESENT', '2026-02-11 13:15:05', '2026-02-11 13:15:05'),
(1319, 1, 167, 28, 'PRESENT', '2026-02-11 13:15:05', '2026-02-11 13:15:05'),
(1320, 1, 171, 36, 'PRESENT', '2026-02-11 14:19:48', '2026-02-11 14:19:48'),
(1321, 1, 171, 38, 'PRESENT', '2026-02-11 14:19:48', '2026-02-11 14:19:48'),
(1322, 1, 171, 39, 'PRESENT', '2026-02-11 14:19:48', '2026-02-11 14:19:48'),
(1323, 1, 171, 40, 'PRESENT', '2026-02-11 14:19:48', '2026-02-11 14:19:48'),
(1324, 1, 171, 34, 'ABSENT', '2026-02-11 14:19:48', '2026-02-11 14:19:48'),
(1325, 1, 171, 41, 'PRESENT', '2026-02-11 14:19:48', '2026-02-11 14:19:48'),
(1326, 1, 171, 42, 'PRESENT', '2026-02-11 14:19:48', '2026-02-11 14:19:48'),
(1327, 1, 171, 35, 'PRESENT', '2026-02-11 14:19:48', '2026-02-11 14:19:48'),
(1328, 1, 171, 31, 'PRESENT', '2026-02-11 14:19:48', '2026-02-11 14:19:48'),
(1329, 1, 171, 30, 'PRESENT', '2026-02-11 14:19:48', '2026-02-11 14:19:48'),
(1330, 1, 171, 33, 'PRESENT', '2026-02-11 14:19:48', '2026-02-11 14:19:48'),
(1331, 1, 172, 36, 'PRESENT', '2026-02-11 14:22:01', '2026-02-11 14:22:01'),
(1332, 1, 172, 38, 'PRESENT', '2026-02-11 14:22:01', '2026-02-11 14:22:01'),
(1333, 1, 172, 39, 'PRESENT', '2026-02-11 14:22:01', '2026-02-11 14:22:01'),
(1334, 1, 172, 40, 'PRESENT', '2026-02-11 14:22:01', '2026-02-11 14:22:01'),
(1335, 1, 172, 34, 'ABSENT', '2026-02-11 14:22:01', '2026-02-11 14:22:01'),
(1336, 1, 172, 41, 'PRESENT', '2026-02-11 14:22:01', '2026-02-11 14:22:01'),
(1337, 1, 172, 42, 'PRESENT', '2026-02-11 14:22:02', '2026-02-11 14:22:02'),
(1338, 1, 172, 35, 'PRESENT', '2026-02-11 14:22:02', '2026-02-11 14:22:02'),
(1339, 1, 172, 31, 'PRESENT', '2026-02-11 14:22:02', '2026-02-11 14:22:02'),
(1340, 1, 172, 30, 'PRESENT', '2026-02-11 14:22:02', '2026-02-11 14:22:02'),
(1341, 1, 172, 33, 'PRESENT', '2026-02-11 14:22:02', '2026-02-11 14:22:02'),
(1342, 1, 168, 1, 'PRESENT', '2026-02-11 15:14:01', '2026-02-11 15:14:01'),
(1343, 1, 168, 3, 'PRESENT', '2026-02-11 15:14:01', '2026-02-11 15:14:01'),
(1344, 1, 168, 4, 'PRESENT', '2026-02-11 15:14:01', '2026-02-11 15:14:01'),
(1345, 1, 168, 5, 'PRESENT', '2026-02-11 15:14:01', '2026-02-11 15:14:01'),
(1346, 1, 168, 6, 'PRESENT', '2026-02-11 15:14:01', '2026-02-11 15:14:01'),
(1347, 1, 168, 7, 'PRESENT', '2026-02-11 15:14:02', '2026-02-11 15:14:02'),
(1348, 1, 168, 8, 'PRESENT', '2026-02-11 15:14:02', '2026-02-11 15:14:02'),
(1349, 1, 168, 9, 'PRESENT', '2026-02-11 15:14:02', '2026-02-11 15:14:02'),
(1350, 1, 168, 10, 'PRESENT', '2026-02-11 15:14:02', '2026-02-11 15:14:02'),
(1351, 1, 168, 12, 'PRESENT', '2026-02-11 15:14:02', '2026-02-11 15:14:02'),
(1352, 1, 168, 13, 'PRESENT', '2026-02-11 15:14:02', '2026-02-11 15:14:02'),
(1353, 1, 168, 14, 'PRESENT', '2026-02-11 15:14:02', '2026-02-11 15:14:02'),
(1354, 1, 168, 15, 'PRESENT', '2026-02-11 15:14:02', '2026-02-11 15:14:02'),
(1355, 1, 168, 16, 'PRESENT', '2026-02-11 15:14:02', '2026-02-11 15:14:02'),
(1356, 1, 168, 17, 'PRESENT', '2026-02-11 15:14:02', '2026-02-11 15:14:02'),
(1357, 1, 168, 18, 'PRESENT', '2026-02-11 15:14:02', '2026-02-11 15:14:02'),
(1358, 1, 168, 19, 'PRESENT', '2026-02-11 15:14:02', '2026-02-11 15:14:02'),
(1359, 1, 168, 20, 'PRESENT', '2026-02-11 15:14:02', '2026-02-11 15:14:02'),
(1360, 1, 168, 21, 'PRESENT', '2026-02-11 15:14:02', '2026-02-11 15:14:02'),
(1361, 1, 168, 24, 'PRESENT', '2026-02-11 15:14:02', '2026-02-11 15:14:02'),
(1362, 1, 168, 25, 'PRESENT', '2026-02-11 15:14:02', '2026-02-11 15:14:02'),
(1363, 1, 168, 26, 'PRESENT', '2026-02-11 15:14:02', '2026-02-11 15:14:02'),
(1364, 1, 168, 27, 'PRESENT', '2026-02-11 15:14:02', '2026-02-11 15:14:02'),
(1365, 1, 168, 28, 'PRESENT', '2026-02-11 15:14:02', '2026-02-11 15:14:02'),
(1366, 1, 14, 1, 'ABSENT', '2026-02-12 09:57:50', '2026-02-12 09:57:50'),
(1367, 1, 14, 2, 'ABSENT', '2026-02-12 09:57:50', '2026-02-12 09:57:50'),
(1368, 1, 14, 3, 'PRESENT', '2026-02-12 09:57:50', '2026-02-12 09:57:50'),
(1369, 1, 14, 4, 'ABSENT', '2026-02-12 09:57:50', '2026-02-12 09:57:50'),
(1370, 1, 14, 5, 'PRESENT', '2026-02-12 09:57:50', '2026-02-12 09:57:50'),
(1371, 1, 14, 6, 'PRESENT', '2026-02-12 09:57:50', '2026-02-12 09:57:50'),
(1372, 1, 14, 7, 'PRESENT', '2026-02-12 09:57:50', '2026-02-12 09:57:50'),
(1373, 1, 14, 8, 'PRESENT', '2026-02-12 09:57:50', '2026-02-12 09:57:50'),
(1374, 1, 14, 9, 'PRESENT', '2026-02-12 09:57:50', '2026-02-12 09:57:50'),
(1375, 1, 14, 10, 'PRESENT', '2026-02-12 09:57:50', '2026-02-12 09:57:50'),
(1376, 1, 14, 11, 'PRESENT', '2026-02-12 09:57:50', '2026-02-12 09:57:50'),
(1377, 1, 14, 12, 'ABSENT', '2026-02-12 09:57:50', '2026-02-12 09:57:50'),
(1378, 1, 14, 13, 'PRESENT', '2026-02-12 09:57:50', '2026-02-12 09:57:50'),
(1379, 1, 14, 14, 'ABSENT', '2026-02-12 09:57:50', '2026-02-12 09:57:50'),
(1380, 1, 14, 15, 'PRESENT', '2026-02-12 09:57:50', '2026-02-12 09:57:50'),
(1381, 1, 14, 16, 'ABSENT', '2026-02-12 09:57:50', '2026-02-12 09:57:50'),
(1382, 1, 14, 17, 'PRESENT', '2026-02-12 09:57:50', '2026-02-12 09:57:50'),
(1383, 1, 14, 18, 'PRESENT', '2026-02-12 09:57:50', '2026-02-12 09:57:50'),
(1384, 1, 14, 19, 'PRESENT', '2026-02-12 09:57:50', '2026-02-12 09:57:50'),
(1385, 1, 14, 20, 'PRESENT', '2026-02-12 09:57:50', '2026-02-12 09:57:50'),
(1386, 1, 14, 21, 'PRESENT', '2026-02-12 09:57:50', '2026-02-12 09:57:50'),
(1387, 1, 14, 22, 'PRESENT', '2026-02-12 09:57:50', '2026-02-12 09:57:50'),
(1388, 1, 14, 23, 'ABSENT', '2026-02-12 09:57:50', '2026-02-12 09:57:50'),
(1389, 1, 14, 24, 'PRESENT', '2026-02-12 09:57:50', '2026-02-12 09:57:50'),
(1390, 1, 14, 25, 'ABSENT', '2026-02-12 09:57:50', '2026-02-12 09:57:50'),
(1391, 1, 14, 26, 'ABSENT', '2026-02-12 09:57:50', '2026-02-12 09:57:50'),
(1392, 1, 14, 27, 'ABSENT', '2026-02-12 09:57:50', '2026-02-12 09:57:50'),
(1393, 1, 14, 28, 'PRESENT', '2026-02-12 09:57:50', '2026-02-12 09:57:50'),
(1394, 1, 14, 29, 'ABSENT', '2026-02-12 09:57:50', '2026-02-12 09:57:50'),
(1395, 1, 15, 1, 'ABSENT', '2026-02-12 09:59:36', '2026-02-12 09:59:36'),
(1396, 1, 15, 2, 'ABSENT', '2026-02-12 09:59:36', '2026-02-12 09:59:36'),
(1397, 1, 15, 3, 'PRESENT', '2026-02-12 09:59:36', '2026-02-12 09:59:36'),
(1398, 1, 15, 4, 'ABSENT', '2026-02-12 09:59:36', '2026-02-12 09:59:36'),
(1399, 1, 15, 5, 'PRESENT', '2026-02-12 09:59:36', '2026-02-12 09:59:36'),
(1400, 1, 15, 6, 'PRESENT', '2026-02-12 09:59:36', '2026-02-12 09:59:36'),
(1401, 1, 15, 7, 'PRESENT', '2026-02-12 09:59:36', '2026-02-12 09:59:36'),
(1402, 1, 15, 8, 'PRESENT', '2026-02-12 09:59:36', '2026-02-12 09:59:36'),
(1403, 1, 15, 9, 'PRESENT', '2026-02-12 09:59:36', '2026-02-12 09:59:36'),
(1404, 1, 15, 10, 'PRESENT', '2026-02-12 09:59:36', '2026-02-12 09:59:36'),
(1405, 1, 15, 11, 'PRESENT', '2026-02-12 09:59:36', '2026-02-12 09:59:36'),
(1406, 1, 15, 12, 'ABSENT', '2026-02-12 09:59:36', '2026-02-12 09:59:36'),
(1407, 1, 15, 13, 'PRESENT', '2026-02-12 09:59:36', '2026-02-12 09:59:36'),
(1408, 1, 15, 14, 'ABSENT', '2026-02-12 09:59:36', '2026-02-12 09:59:36'),
(1409, 1, 15, 15, 'PRESENT', '2026-02-12 09:59:36', '2026-02-12 09:59:36'),
(1410, 1, 15, 16, 'ABSENT', '2026-02-12 09:59:36', '2026-02-12 09:59:36'),
(1411, 1, 15, 17, 'PRESENT', '2026-02-12 09:59:36', '2026-02-12 09:59:36'),
(1412, 1, 15, 18, 'PRESENT', '2026-02-12 09:59:36', '2026-02-12 09:59:36'),
(1413, 1, 15, 19, 'PRESENT', '2026-02-12 09:59:36', '2026-02-12 09:59:36'),
(1414, 1, 15, 20, 'PRESENT', '2026-02-12 09:59:36', '2026-02-12 09:59:36'),
(1415, 1, 15, 21, 'PRESENT', '2026-02-12 09:59:36', '2026-02-12 09:59:36'),
(1416, 1, 15, 22, 'PRESENT', '2026-02-12 09:59:36', '2026-02-12 09:59:36'),
(1417, 1, 15, 23, 'ABSENT', '2026-02-12 09:59:36', '2026-02-12 09:59:36'),
(1418, 1, 15, 24, 'PRESENT', '2026-02-12 09:59:36', '2026-02-12 09:59:36'),
(1419, 1, 15, 25, 'ABSENT', '2026-02-12 09:59:36', '2026-02-12 09:59:36'),
(1420, 1, 15, 26, 'ABSENT', '2026-02-12 09:59:36', '2026-02-12 09:59:36'),
(1421, 1, 15, 27, 'ABSENT', '2026-02-12 09:59:36', '2026-02-12 09:59:36'),
(1422, 1, 15, 28, 'PRESENT', '2026-02-12 09:59:36', '2026-02-12 09:59:36'),
(1423, 1, 15, 29, 'ABSENT', '2026-02-12 09:59:36', '2026-02-12 09:59:36'),
(1424, 1, 62, 1, 'PRESENT', '2026-02-12 10:06:24', '2026-02-12 10:06:24'),
(1425, 1, 62, 2, 'ABSENT', '2026-02-12 10:06:24', '2026-02-12 10:06:24'),
(1426, 1, 62, 3, 'PRESENT', '2026-02-12 10:06:24', '2026-02-12 10:06:24'),
(1427, 1, 62, 4, 'ABSENT', '2026-02-12 10:06:24', '2026-02-12 10:06:24'),
(1428, 1, 62, 5, 'PRESENT', '2026-02-12 10:06:24', '2026-02-12 10:06:24'),
(1429, 1, 62, 6, 'PRESENT', '2026-02-12 10:06:24', '2026-02-12 10:06:24'),
(1430, 1, 62, 7, 'ABSENT', '2026-02-12 10:06:24', '2026-02-12 10:06:24'),
(1431, 1, 62, 8, 'PRESENT', '2026-02-12 10:06:24', '2026-02-12 10:06:24'),
(1432, 1, 62, 9, 'PRESENT', '2026-02-12 10:06:24', '2026-02-12 10:06:24'),
(1433, 1, 62, 10, 'ABSENT', '2026-02-12 10:06:24', '2026-02-12 10:06:24'),
(1434, 1, 62, 11, 'ABSENT', '2026-02-12 10:06:24', '2026-02-12 10:06:24'),
(1435, 1, 62, 12, 'PRESENT', '2026-02-12 10:06:24', '2026-02-12 10:06:24'),
(1436, 1, 62, 13, 'ABSENT', '2026-02-12 10:06:24', '2026-02-12 10:06:24'),
(1437, 1, 62, 14, 'PRESENT', '2026-02-12 10:06:24', '2026-02-12 10:06:24'),
(1438, 1, 62, 15, 'PRESENT', '2026-02-12 10:06:24', '2026-02-12 10:06:24'),
(1439, 1, 62, 16, 'ABSENT', '2026-02-12 10:06:24', '2026-02-12 10:06:24'),
(1440, 1, 62, 17, 'PRESENT', '2026-02-12 10:06:24', '2026-02-12 10:06:24'),
(1441, 1, 62, 18, 'PRESENT', '2026-02-12 10:06:24', '2026-02-12 10:06:24'),
(1442, 1, 62, 19, 'PRESENT', '2026-02-12 10:06:24', '2026-02-12 10:06:24'),
(1443, 1, 62, 20, 'PRESENT', '2026-02-12 10:06:24', '2026-02-12 10:06:24'),
(1444, 1, 62, 21, 'PRESENT', '2026-02-12 10:06:24', '2026-02-12 10:06:24'),
(1445, 1, 62, 22, 'PRESENT', '2026-02-12 10:06:24', '2026-02-12 10:06:24'),
(1446, 1, 62, 23, 'ABSENT', '2026-02-12 10:06:24', '2026-02-12 10:06:24'),
(1447, 1, 62, 24, 'PRESENT', '2026-02-12 10:06:24', '2026-02-12 10:06:24'),
(1448, 1, 62, 25, 'PRESENT', '2026-02-12 10:06:24', '2026-02-12 10:06:24'),
(1449, 1, 62, 26, 'PRESENT', '2026-02-12 10:06:24', '2026-02-12 10:06:24'),
(1450, 1, 62, 27, 'ABSENT', '2026-02-12 10:06:24', '2026-02-12 10:06:24');

INSERT INTO `attendance_records` (`attendance_id`, `term_id`, `schedule_id`, `student_id`, `status`, `created_at`, `updated_at`) VALUES
(1451, 1, 62, 28, 'ABSENT', '2026-02-12 10:06:24', '2026-02-12 10:06:24'),
(1452, 1, 62, 29, 'ABSENT', '2026-02-12 10:06:24', '2026-02-12 10:06:24'),
(1453, 1, 63, 1, 'PRESENT', '2026-02-12 10:06:25', '2026-02-12 10:06:25'),
(1454, 1, 63, 2, 'ABSENT', '2026-02-12 10:06:25', '2026-02-12 10:06:25'),
(1455, 1, 63, 3, 'PRESENT', '2026-02-12 10:06:25', '2026-02-12 10:06:25'),
(1456, 1, 63, 4, 'ABSENT', '2026-02-12 10:06:25', '2026-02-12 10:06:25'),
(1457, 1, 63, 5, 'PRESENT', '2026-02-12 10:06:25', '2026-02-12 10:06:25'),
(1458, 1, 63, 6, 'PRESENT', '2026-02-12 10:06:25', '2026-02-12 10:06:25'),
(1459, 1, 63, 7, 'ABSENT', '2026-02-12 10:06:25', '2026-02-12 10:06:25'),
(1460, 1, 63, 8, 'PRESENT', '2026-02-12 10:06:25', '2026-02-12 10:06:25'),
(1461, 1, 63, 9, 'PRESENT', '2026-02-12 10:06:25', '2026-02-12 10:06:25'),
(1462, 1, 63, 10, 'ABSENT', '2026-02-12 10:06:25', '2026-02-12 10:06:25'),
(1463, 1, 63, 11, 'ABSENT', '2026-02-12 10:06:25', '2026-02-12 10:06:25'),
(1464, 1, 63, 12, 'PRESENT', '2026-02-12 10:06:25', '2026-02-12 10:06:25'),
(1465, 1, 63, 13, 'ABSENT', '2026-02-12 10:06:25', '2026-02-12 10:06:25'),
(1466, 1, 63, 14, 'PRESENT', '2026-02-12 10:06:25', '2026-02-12 10:06:25'),
(1467, 1, 63, 15, 'PRESENT', '2026-02-12 10:06:25', '2026-02-12 10:06:25'),
(1468, 1, 63, 16, 'ABSENT', '2026-02-12 10:06:25', '2026-02-12 10:06:25'),
(1469, 1, 63, 17, 'PRESENT', '2026-02-12 10:06:25', '2026-02-12 10:06:25'),
(1470, 1, 63, 18, 'PRESENT', '2026-02-12 10:06:25', '2026-02-12 10:06:25'),
(1471, 1, 63, 19, 'PRESENT', '2026-02-12 10:06:25', '2026-02-12 10:06:25'),
(1472, 1, 63, 20, 'PRESENT', '2026-02-12 10:06:25', '2026-02-12 10:06:25'),
(1473, 1, 63, 21, 'PRESENT', '2026-02-12 10:06:25', '2026-02-12 10:06:25'),
(1474, 1, 63, 22, 'PRESENT', '2026-02-12 10:06:25', '2026-02-12 10:06:25'),
(1475, 1, 63, 23, 'ABSENT', '2026-02-12 10:06:25', '2026-02-12 10:06:25'),
(1476, 1, 63, 24, 'PRESENT', '2026-02-12 10:06:25', '2026-02-12 10:06:25'),
(1477, 1, 63, 25, 'PRESENT', '2026-02-12 10:06:25', '2026-02-12 10:06:25'),
(1478, 1, 63, 26, 'PRESENT', '2026-02-12 10:06:25', '2026-02-12 10:06:25'),
(1479, 1, 63, 27, 'ABSENT', '2026-02-12 10:06:25', '2026-02-12 10:06:25'),
(1480, 1, 63, 28, 'ABSENT', '2026-02-12 10:06:25', '2026-02-12 10:06:25'),
(1481, 1, 63, 29, 'ABSENT', '2026-02-12 10:06:25', '2026-02-12 10:06:25'),
(1482, 1, 83, 6, 'PRESENT', '2026-02-12 10:08:58', '2026-02-12 10:08:58'),
(1483, 1, 83, 7, 'PRESENT', '2026-02-12 10:08:58', '2026-02-12 10:08:58'),
(1484, 1, 83, 8, 'PRESENT', '2026-02-12 10:08:58', '2026-02-12 10:08:58'),
(1485, 1, 83, 10, 'PRESENT', '2026-02-12 10:08:58', '2026-02-12 10:08:58'),
(1486, 1, 83, 12, 'PRESENT', '2026-02-12 10:08:58', '2026-02-12 10:08:58'),
(1487, 1, 83, 14, 'PRESENT', '2026-02-12 10:08:58', '2026-02-12 10:08:58'),
(1488, 1, 83, 13, 'PRESENT', '2026-02-12 10:08:58', '2026-02-12 10:08:58'),
(1489, 1, 83, 15, 'PRESENT', '2026-02-12 10:08:58', '2026-02-12 10:08:58'),
(1490, 1, 83, 18, 'PRESENT', '2026-02-12 10:08:58', '2026-02-12 10:08:58'),
(1491, 1, 83, 20, 'PRESENT', '2026-02-12 10:08:58', '2026-02-12 10:08:58'),
(1492, 1, 83, 21, 'PRESENT', '2026-02-12 10:08:58', '2026-02-12 10:08:58'),
(1493, 1, 83, 24, 'ABSENT', '2026-02-12 10:08:58', '2026-02-12 10:08:58'),
(1494, 1, 83, 25, 'PRESENT', '2026-02-12 10:08:59', '2026-02-12 10:08:59'),
(1495, 1, 83, 27, 'PRESENT', '2026-02-12 10:08:59', '2026-02-12 10:08:59'),
(1496, 1, 84, 6, 'PRESENT', '2026-02-12 10:08:59', '2026-02-12 10:08:59'),
(1497, 1, 84, 7, 'PRESENT', '2026-02-12 10:08:59', '2026-02-12 10:08:59'),
(1498, 1, 84, 8, 'PRESENT', '2026-02-12 10:08:59', '2026-02-12 10:08:59'),
(1499, 1, 84, 10, 'PRESENT', '2026-02-12 10:08:59', '2026-02-12 10:08:59'),
(1500, 1, 84, 12, 'PRESENT', '2026-02-12 10:08:59', '2026-02-12 10:08:59'),
(1501, 1, 84, 13, 'PRESENT', '2026-02-12 10:08:59', '2026-02-12 10:08:59'),
(1502, 1, 84, 14, 'PRESENT', '2026-02-12 10:08:59', '2026-02-12 10:08:59'),
(1503, 1, 84, 15, 'PRESENT', '2026-02-12 10:08:59', '2026-02-12 10:08:59'),
(1504, 1, 84, 18, 'PRESENT', '2026-02-12 10:08:59', '2026-02-12 10:08:59'),
(1505, 1, 84, 20, 'PRESENT', '2026-02-12 10:08:59', '2026-02-12 10:08:59'),
(1506, 1, 84, 21, 'PRESENT', '2026-02-12 10:08:59', '2026-02-12 10:08:59'),
(1507, 1, 84, 24, 'ABSENT', '2026-02-12 10:08:59', '2026-02-12 10:08:59'),
(1508, 1, 84, 25, 'PRESENT', '2026-02-12 10:08:59', '2026-02-12 10:08:59'),
(1509, 1, 84, 27, 'PRESENT', '2026-02-12 10:08:59', '2026-02-12 10:08:59'),
(1510, 1, 94, 6, 'PRESENT', '2026-02-12 10:09:15', '2026-02-12 10:09:15'),
(1511, 1, 94, 7, 'PRESENT', '2026-02-12 10:09:15', '2026-02-12 10:09:15'),
(1512, 1, 94, 8, 'PRESENT', '2026-02-12 10:09:15', '2026-02-12 10:09:15'),
(1513, 1, 94, 10, 'PRESENT', '2026-02-12 10:09:15', '2026-02-12 10:09:15'),
(1514, 1, 94, 12, 'PRESENT', '2026-02-12 10:09:15', '2026-02-12 10:09:15'),
(1515, 1, 94, 13, 'PRESENT', '2026-02-12 10:09:15', '2026-02-12 10:09:15'),
(1516, 1, 94, 14, 'PRESENT', '2026-02-12 10:09:15', '2026-02-12 10:09:15'),
(1517, 1, 94, 15, 'PRESENT', '2026-02-12 10:09:15', '2026-02-12 10:09:15'),
(1518, 1, 94, 18, 'PRESENT', '2026-02-12 10:09:15', '2026-02-12 10:09:15'),
(1519, 1, 94, 20, 'PRESENT', '2026-02-12 10:09:15', '2026-02-12 10:09:15'),
(1520, 1, 94, 21, 'PRESENT', '2026-02-12 10:09:15', '2026-02-12 10:09:15'),
(1521, 1, 94, 24, 'ABSENT', '2026-02-12 10:09:15', '2026-02-12 10:09:15'),
(1522, 1, 94, 25, 'PRESENT', '2026-02-12 10:09:15', '2026-02-12 10:10:42'),
(1523, 1, 94, 27, 'ABSENT', '2026-02-12 10:09:15', '2026-02-12 10:10:42'),
(1524, 1, 94, 1, 'PRESENT', '2026-02-12 10:09:31', '2026-02-12 10:09:31'),
(1525, 1, 84, 1, 'PRESENT', '2026-02-12 10:09:34', '2026-02-12 10:09:34'),
(1526, 1, 94, 19, 'PRESENT', '2026-02-12 10:10:42', '2026-02-12 10:10:42'),
(1527, 1, 94, 26, 'PRESENT', '2026-02-12 10:10:42', '2026-02-12 10:10:42'),
(1530, 1, 95, 1, 'PRESENT', '2026-02-12 10:10:43', '2026-02-12 10:10:43'),
(1531, 1, 95, 6, 'PRESENT', '2026-02-12 10:10:43', '2026-02-12 10:10:43'),
(1532, 1, 95, 7, 'PRESENT', '2026-02-12 10:10:43', '2026-02-12 10:10:43'),
(1533, 1, 95, 8, 'PRESENT', '2026-02-12 10:10:43', '2026-02-12 10:10:43'),
(1534, 1, 95, 10, 'PRESENT', '2026-02-12 10:10:43', '2026-02-12 10:10:43'),
(1535, 1, 95, 12, 'PRESENT', '2026-02-12 10:10:43', '2026-02-12 10:10:43'),
(1536, 1, 95, 13, 'PRESENT', '2026-02-12 10:10:43', '2026-02-12 10:10:43'),
(1537, 1, 95, 14, 'PRESENT', '2026-02-12 10:10:43', '2026-02-12 10:10:43'),
(1538, 1, 95, 15, 'PRESENT', '2026-02-12 10:10:43', '2026-02-12 10:10:43'),
(1539, 1, 95, 18, 'PRESENT', '2026-02-12 10:10:43', '2026-02-12 10:10:43'),
(1540, 1, 95, 19, 'PRESENT', '2026-02-12 10:10:43', '2026-02-12 10:10:43'),
(1541, 1, 95, 20, 'PRESENT', '2026-02-12 10:10:43', '2026-02-12 10:10:43'),
(1542, 1, 95, 21, 'PRESENT', '2026-02-12 10:10:43', '2026-02-12 10:10:43'),
(1543, 1, 95, 24, 'ABSENT', '2026-02-12 10:10:43', '2026-02-12 10:10:43'),
(1544, 1, 95, 25, 'PRESENT', '2026-02-12 10:10:43', '2026-02-12 10:10:43'),
(1545, 1, 95, 26, 'PRESENT', '2026-02-12 10:10:43', '2026-02-12 10:10:43'),
(1546, 1, 95, 27, 'ABSENT', '2026-02-12 10:10:43', '2026-02-12 10:10:43'),
(1547, 1, 130, 1, 'ABSENT', '2026-02-12 10:11:36', '2026-02-12 10:11:36'),
(1548, 1, 130, 2, 'ABSENT', '2026-02-12 10:11:37', '2026-02-12 10:11:37'),
(1549, 1, 130, 3, 'PRESENT', '2026-02-12 10:11:37', '2026-02-12 10:11:37'),
(1550, 1, 130, 4, 'ABSENT', '2026-02-12 10:11:37', '2026-02-12 10:11:37'),
(1551, 1, 130, 5, 'PRESENT', '2026-02-12 10:11:37', '2026-02-12 10:11:37'),
(1552, 1, 130, 6, 'PRESENT', '2026-02-12 10:11:37', '2026-02-12 10:11:37'),
(1553, 1, 130, 7, 'PRESENT', '2026-02-12 10:11:37', '2026-02-12 10:11:37'),
(1554, 1, 130, 8, 'PRESENT', '2026-02-12 10:11:37', '2026-02-12 10:11:37'),
(1555, 1, 130, 9, 'PRESENT', '2026-02-12 10:11:37', '2026-02-12 10:11:37'),
(1556, 1, 130, 10, 'PRESENT', '2026-02-12 10:11:37', '2026-02-12 10:11:37'),
(1557, 1, 130, 11, 'ABSENT', '2026-02-12 10:11:37', '2026-02-12 10:11:37'),
(1558, 1, 130, 12, 'PRESENT', '2026-02-12 10:11:37', '2026-02-12 10:11:37'),
(1559, 1, 130, 13, 'PRESENT', '2026-02-12 10:11:37', '2026-02-12 10:11:37'),
(1560, 1, 130, 14, 'PRESENT', '2026-02-12 10:11:37', '2026-02-12 10:11:37'),
(1561, 1, 130, 15, 'PRESENT', '2026-02-12 10:11:37', '2026-02-12 10:11:37'),
(1562, 1, 130, 16, 'PRESENT', '2026-02-12 10:11:37', '2026-02-12 10:11:37'),
(1563, 1, 130, 17, 'PRESENT', '2026-02-12 10:11:37', '2026-02-12 10:11:37'),
(1564, 1, 130, 18, 'PRESENT', '2026-02-12 10:11:37', '2026-02-12 10:11:37'),
(1565, 1, 130, 19, 'PRESENT', '2026-02-12 10:11:37', '2026-02-12 10:11:37'),
(1566, 1, 130, 20, 'PRESENT', '2026-02-12 10:11:37', '2026-02-12 10:11:37'),
(1567, 1, 130, 21, 'ABSENT', '2026-02-12 10:11:37', '2026-02-12 10:11:37'),
(1568, 1, 130, 22, 'ABSENT', '2026-02-12 10:11:37', '2026-02-12 10:11:37'),
(1569, 1, 130, 23, 'PRESENT', '2026-02-12 10:11:37', '2026-02-12 10:11:37'),
(1570, 1, 130, 24, 'PRESENT', '2026-02-12 10:11:37', '2026-02-12 10:11:37'),
(1571, 1, 130, 25, 'PRESENT', '2026-02-12 10:11:37', '2026-02-12 10:11:37'),
(1572, 1, 130, 26, 'PRESENT', '2026-02-12 10:11:37', '2026-02-12 10:11:37'),
(1573, 1, 130, 27, 'PRESENT', '2026-02-12 10:11:37', '2026-02-12 10:11:37'),
(1574, 1, 130, 28, 'ABSENT', '2026-02-12 10:11:37', '2026-02-12 10:11:37'),
(1575, 1, 130, 29, 'ABSENT', '2026-02-12 10:11:37', '2026-02-12 10:11:37'),
(1576, 1, 131, 1, 'ABSENT', '2026-02-12 10:11:38', '2026-02-12 10:11:38'),
(1577, 1, 131, 2, 'ABSENT', '2026-02-12 10:11:38', '2026-02-12 10:11:38'),
(1578, 1, 131, 3, 'PRESENT', '2026-02-12 10:11:38', '2026-02-12 10:11:38'),
(1579, 1, 131, 4, 'ABSENT', '2026-02-12 10:11:38', '2026-02-12 10:11:38'),
(1580, 1, 131, 5, 'PRESENT', '2026-02-12 10:11:38', '2026-02-12 10:11:38'),
(1581, 1, 131, 6, 'PRESENT', '2026-02-12 10:11:38', '2026-02-12 10:11:38'),
(1582, 1, 131, 7, 'PRESENT', '2026-02-12 10:11:38', '2026-02-12 10:11:38'),
(1583, 1, 131, 8, 'PRESENT', '2026-02-12 10:11:38', '2026-02-12 10:11:38'),
(1584, 1, 131, 9, 'PRESENT', '2026-02-12 10:11:38', '2026-02-12 10:11:38'),
(1585, 1, 131, 10, 'PRESENT', '2026-02-12 10:11:38', '2026-02-12 10:11:38'),
(1586, 1, 131, 11, 'ABSENT', '2026-02-12 10:11:38', '2026-02-12 10:11:38'),
(1587, 1, 131, 12, 'PRESENT', '2026-02-12 10:11:38', '2026-02-12 10:11:38'),
(1588, 1, 131, 13, 'PRESENT', '2026-02-12 10:11:38', '2026-02-12 10:11:38'),
(1589, 1, 131, 14, 'PRESENT', '2026-02-12 10:11:38', '2026-02-12 10:11:38'),
(1590, 1, 131, 15, 'PRESENT', '2026-02-12 10:11:38', '2026-02-12 10:11:38'),
(1591, 1, 131, 16, 'PRESENT', '2026-02-12 10:11:38', '2026-02-12 10:11:38'),
(1592, 1, 131, 17, 'PRESENT', '2026-02-12 10:11:38', '2026-02-12 10:11:38'),
(1593, 1, 131, 18, 'PRESENT', '2026-02-12 10:11:38', '2026-02-12 10:11:38'),
(1594, 1, 131, 19, 'PRESENT', '2026-02-12 10:11:38', '2026-02-12 10:11:38'),
(1595, 1, 131, 20, 'PRESENT', '2026-02-12 10:11:38', '2026-02-12 10:11:38'),
(1596, 1, 131, 21, 'ABSENT', '2026-02-12 10:11:38', '2026-02-12 10:11:38'),
(1597, 1, 131, 22, 'ABSENT', '2026-02-12 10:11:38', '2026-02-12 10:11:38'),
(1598, 1, 131, 23, 'PRESENT', '2026-02-12 10:11:38', '2026-02-12 10:11:38'),
(1599, 1, 131, 24, 'PRESENT', '2026-02-12 10:11:38', '2026-02-12 10:11:38'),
(1600, 1, 131, 25, 'PRESENT', '2026-02-12 10:11:38', '2026-02-12 10:11:38'),
(1601, 1, 131, 26, 'PRESENT', '2026-02-12 10:11:38', '2026-02-12 10:11:38'),
(1602, 1, 131, 27, 'PRESENT', '2026-02-12 10:11:38', '2026-02-12 10:11:38'),
(1603, 1, 131, 28, 'ABSENT', '2026-02-12 10:11:38', '2026-02-12 10:11:38'),
(1604, 1, 131, 29, 'ABSENT', '2026-02-12 10:11:38', '2026-02-12 10:11:38'),
(1605, 1, 183, 1, 'ABSENT', '2026-02-12 10:19:34', '2026-02-12 10:19:34'),
(1606, 1, 183, 2, 'ABSENT', '2026-02-12 10:19:34', '2026-02-12 10:19:34'),
(1607, 1, 183, 3, 'ABSENT', '2026-02-12 10:19:34', '2026-02-12 10:19:34'),
(1608, 1, 183, 4, 'ABSENT', '2026-02-12 10:19:34', '2026-02-12 10:19:34'),
(1609, 1, 183, 5, 'ABSENT', '2026-02-12 10:19:34', '2026-02-12 10:19:34'),
(1610, 1, 183, 6, 'ABSENT', '2026-02-12 10:19:34', '2026-02-12 10:19:34'),
(1611, 1, 183, 7, 'PRESENT', '2026-02-12 10:19:34', '2026-02-12 10:19:34'),
(1612, 1, 183, 8, 'ABSENT', '2026-02-12 10:19:34', '2026-02-12 10:19:34'),
(1613, 1, 183, 9, 'PRESENT', '2026-02-12 10:19:34', '2026-02-12 10:19:34'),
(1614, 1, 183, 10, 'ABSENT', '2026-02-12 10:19:34', '2026-02-12 10:19:34'),
(1615, 1, 183, 11, 'ABSENT', '2026-02-12 10:19:34', '2026-02-12 10:19:34'),
(1616, 1, 183, 12, 'ABSENT', '2026-02-12 10:19:34', '2026-02-12 10:19:34'),
(1617, 1, 183, 13, 'ABSENT', '2026-02-12 10:19:34', '2026-02-12 10:19:34'),
(1618, 1, 183, 14, 'ABSENT', '2026-02-12 10:19:34', '2026-02-12 10:19:34'),
(1619, 1, 183, 15, 'PRESENT', '2026-02-12 10:19:34', '2026-02-12 10:19:34'),
(1620, 1, 183, 16, 'PRESENT', '2026-02-12 10:19:34', '2026-02-12 10:19:34'),
(1621, 1, 183, 17, 'PRESENT', '2026-02-12 10:19:34', '2026-02-12 10:19:34'),
(1622, 1, 183, 18, 'PRESENT', '2026-02-12 10:19:34', '2026-02-12 10:19:34'),
(1623, 1, 183, 19, 'PRESENT', '2026-02-12 10:19:34', '2026-02-12 10:19:34'),
(1624, 1, 183, 20, 'PRESENT', '2026-02-12 10:19:34', '2026-02-12 10:19:34'),
(1625, 1, 183, 21, 'PRESENT', '2026-02-12 10:19:35', '2026-02-12 10:19:35'),
(1626, 1, 183, 22, 'PRESENT', '2026-02-12 10:19:35', '2026-02-12 10:19:35'),
(1627, 1, 183, 23, 'ABSENT', '2026-02-12 10:19:35', '2026-02-12 10:19:35'),
(1628, 1, 183, 24, 'ABSENT', '2026-02-12 10:19:35', '2026-02-12 10:19:35'),
(1629, 1, 183, 25, 'ABSENT', '2026-02-12 10:19:35', '2026-02-12 10:19:35'),
(1630, 1, 183, 26, 'ABSENT', '2026-02-12 10:19:35', '2026-02-12 10:19:35'),
(1631, 1, 183, 27, 'ABSENT', '2026-02-12 10:19:35', '2026-02-12 10:19:35'),
(1632, 1, 183, 28, 'PRESENT', '2026-02-12 10:19:35', '2026-02-12 10:19:35'),
(1633, 1, 183, 29, 'ABSENT', '2026-02-12 10:19:35', '2026-02-12 10:19:35'),
(1634, 1, 143, 36, 'ABSENT', '2026-02-12 10:55:40', '2026-02-12 10:55:40'),
(1635, 1, 143, 38, 'PRESENT', '2026-02-12 10:55:40', '2026-02-12 10:55:40'),
(1636, 1, 143, 39, 'ABSENT', '2026-02-12 10:55:40', '2026-02-12 10:55:40'),
(1637, 1, 143, 40, 'ABSENT', '2026-02-12 10:55:40', '2026-02-12 10:55:40'),
(1638, 1, 143, 34, 'PRESENT', '2026-02-12 10:55:40', '2026-02-12 10:55:40'),
(1639, 1, 143, 41, 'PRESENT', '2026-02-12 10:55:40', '2026-02-12 10:55:40'),
(1640, 1, 143, 42, 'PRESENT', '2026-02-12 10:55:40', '2026-02-12 10:55:40'),
(1641, 1, 143, 35, 'PRESENT', '2026-02-12 10:55:40', '2026-02-12 10:55:40'),
(1642, 1, 143, 31, 'ABSENT', '2026-02-12 10:55:40', '2026-02-12 10:55:40'),
(1643, 1, 143, 30, 'ABSENT', '2026-02-12 10:55:40', '2026-02-12 10:55:40'),
(1644, 1, 143, 33, 'PRESENT', '2026-02-12 10:55:40', '2026-02-12 10:55:40'),
(1645, 1, 144, 36, 'ABSENT', '2026-02-12 10:56:05', '2026-02-12 10:56:05'),
(1646, 1, 144, 38, 'PRESENT', '2026-02-12 10:56:06', '2026-02-12 10:56:06'),
(1647, 1, 144, 39, 'ABSENT', '2026-02-12 10:56:06', '2026-02-12 10:56:06'),
(1648, 1, 144, 40, 'ABSENT', '2026-02-12 10:56:06', '2026-02-12 10:56:06'),
(1649, 1, 144, 34, 'PRESENT', '2026-02-12 10:56:06', '2026-02-12 10:56:06'),
(1650, 1, 144, 41, 'PRESENT', '2026-02-12 10:56:06', '2026-02-12 10:56:06'),
(1651, 1, 144, 42, 'PRESENT', '2026-02-12 10:56:06', '2026-02-12 10:56:06'),
(1652, 1, 144, 35, 'PRESENT', '2026-02-12 10:56:06', '2026-02-12 10:56:06');

INSERT INTO `attendance_records` (`attendance_id`, `term_id`, `schedule_id`, `student_id`, `status`, `created_at`, `updated_at`) VALUES
(1653, 1, 144, 31, 'PRESENT', '2026-02-12 10:56:06', '2026-02-12 10:57:23'),
(1654, 1, 144, 30, 'ABSENT', '2026-02-12 10:56:06', '2026-02-12 10:56:06'),
(1655, 1, 144, 33, 'PRESENT', '2026-02-12 10:56:06', '2026-02-12 10:56:06'),
(1656, 1, 169, 36, 'ABSENT', '2026-02-12 10:56:53', '2026-02-12 10:56:53'),
(1657, 1, 169, 38, 'PRESENT', '2026-02-12 10:56:53', '2026-02-12 10:56:53'),
(1658, 1, 169, 39, 'ABSENT', '2026-02-12 10:56:54', '2026-02-12 10:56:54'),
(1659, 1, 169, 40, 'ABSENT', '2026-02-12 10:56:54', '2026-02-12 10:56:54'),
(1660, 1, 169, 34, 'PRESENT', '2026-02-12 10:56:54', '2026-02-12 10:56:54'),
(1661, 1, 169, 41, 'PRESENT', '2026-02-12 10:56:54', '2026-02-12 10:56:54'),
(1662, 1, 169, 42, 'PRESENT', '2026-02-12 10:56:54', '2026-02-12 10:56:54'),
(1663, 1, 169, 35, 'PRESENT', '2026-02-12 10:56:54', '2026-02-12 10:56:54'),
(1664, 1, 169, 31, 'PRESENT', '2026-02-12 10:56:54', '2026-02-12 10:56:54'),
(1665, 1, 169, 30, 'ABSENT', '2026-02-12 10:56:54', '2026-02-12 10:56:54'),
(1666, 1, 169, 33, 'PRESENT', '2026-02-12 10:56:54', '2026-02-12 10:56:54'),
(1668, 1, 181, 1, 'ABSENT', '2026-02-12 11:45:20', '2026-02-12 11:45:20'),
(1669, 1, 181, 2, 'ABSENT', '2026-02-12 11:45:20', '2026-02-12 11:45:20'),
(1670, 1, 181, 3, 'PRESENT', '2026-02-12 11:45:20', '2026-02-12 11:45:20'),
(1671, 1, 181, 4, 'ABSENT', '2026-02-12 11:45:20', '2026-02-12 11:45:20'),
(1672, 1, 181, 5, 'ABSENT', '2026-02-12 11:45:20', '2026-02-12 11:45:20'),
(1673, 1, 181, 6, 'ABSENT', '2026-02-12 11:45:20', '2026-02-12 11:45:20'),
(1674, 1, 181, 7, 'PRESENT', '2026-02-12 11:45:20', '2026-02-12 11:45:20'),
(1675, 1, 181, 8, 'PRESENT', '2026-02-12 11:45:20', '2026-02-12 11:45:20'),
(1676, 1, 181, 9, 'PRESENT', '2026-02-12 11:45:20', '2026-02-12 11:45:20'),
(1677, 1, 181, 10, 'ABSENT', '2026-02-12 11:45:20', '2026-02-12 11:45:20'),
(1678, 1, 181, 11, 'ABSENT', '2026-02-12 11:45:20', '2026-02-12 11:45:20'),
(1679, 1, 181, 12, 'ABSENT', '2026-02-12 11:45:20', '2026-02-12 11:45:20'),
(1680, 1, 181, 13, 'ABSENT', '2026-02-12 11:45:20', '2026-02-12 11:45:20'),
(1681, 1, 181, 14, 'ABSENT', '2026-02-12 11:45:20', '2026-02-12 11:45:20'),
(1682, 1, 181, 15, 'PRESENT', '2026-02-12 11:45:20', '2026-02-12 11:45:20'),
(1683, 1, 181, 16, 'PRESENT', '2026-02-12 11:45:20', '2026-02-12 11:45:20'),
(1684, 1, 181, 17, 'PRESENT', '2026-02-12 11:45:21', '2026-02-12 11:45:21'),
(1685, 1, 181, 18, 'PRESENT', '2026-02-12 11:45:21', '2026-02-12 11:45:21'),
(1686, 1, 181, 19, 'PRESENT', '2026-02-12 11:45:21', '2026-02-12 11:45:21'),
(1687, 1, 181, 20, 'PRESENT', '2026-02-12 11:45:21', '2026-02-12 11:45:21'),
(1688, 1, 181, 21, 'PRESENT', '2026-02-12 11:45:21', '2026-02-12 11:45:21'),
(1689, 1, 181, 22, 'PRESENT', '2026-02-12 11:45:21', '2026-02-12 11:45:21'),
(1690, 1, 181, 23, 'ABSENT', '2026-02-12 11:45:21', '2026-02-12 11:45:21'),
(1691, 1, 181, 24, 'ABSENT', '2026-02-12 11:45:21', '2026-02-12 11:45:21'),
(1692, 1, 181, 25, 'ABSENT', '2026-02-12 11:45:21', '2026-02-12 11:45:21'),
(1693, 1, 181, 26, 'ABSENT', '2026-02-12 11:45:21', '2026-02-12 11:45:21'),
(1694, 1, 181, 27, 'ABSENT', '2026-02-12 11:45:21', '2026-02-12 11:45:21'),
(1695, 1, 181, 28, 'ABSENT', '2026-02-12 11:45:21', '2026-02-12 11:45:21'),
(1696, 1, 181, 29, 'ABSENT', '2026-02-12 11:45:21', '2026-02-12 11:45:21'),
(1697, 2, 226, 38, 'PRESENT', '2026-02-18 11:46:47', '2026-02-18 11:46:47'),
(1698, 2, 226, 40, 'PRESENT', '2026-02-18 11:46:48', '2026-02-18 11:46:48'),
(1699, 2, 226, 34, 'PRESENT', '2026-02-18 11:46:48', '2026-02-18 11:46:48'),
(1700, 2, 226, 35, 'PRESENT', '2026-02-18 11:46:48', '2026-02-18 11:46:48'),
(1701, 2, 226, 33, 'PRESENT', '2026-02-18 11:46:48', '2026-02-18 11:46:48'),
(1702, 2, 227, 38, 'PRESENT', '2026-02-18 11:47:20', '2026-02-18 11:47:20'),
(1703, 2, 227, 40, 'PRESENT', '2026-02-18 11:47:20', '2026-02-18 11:47:20'),
(1704, 2, 227, 34, 'PRESENT', '2026-02-18 11:47:21', '2026-02-18 11:47:21'),
(1705, 2, 227, 42, 'ABSENT', '2026-02-18 11:47:21', '2026-02-18 11:47:21'),
(1706, 2, 227, 35, 'PRESENT', '2026-02-18 11:47:21', '2026-02-18 11:47:21'),
(1707, 2, 227, 33, 'PRESENT', '2026-02-18 11:47:21', '2026-02-18 11:47:21'),
(1708, 2, 210, 1, 'PRESENT', '2026-02-18 12:13:12', '2026-02-18 12:13:12'),
(1709, 2, 210, 2, 'ABSENT', '2026-02-18 12:13:13', '2026-02-18 12:13:13'),
(1710, 2, 210, 3, 'ABSENT', '2026-02-18 12:13:14', '2026-02-18 12:13:14'),
(1711, 2, 210, 4, 'ABSENT', '2026-02-18 12:13:14', '2026-02-18 12:13:14'),
(1712, 2, 210, 5, 'ABSENT', '2026-02-18 12:13:14', '2026-02-18 12:13:14'),
(1713, 2, 210, 6, 'PRESENT', '2026-02-18 12:13:15', '2026-02-18 12:13:15'),
(1714, 2, 210, 7, 'PRESENT', '2026-02-18 12:13:15', '2026-02-18 12:13:15'),
(1715, 2, 210, 8, 'PRESENT', '2026-02-18 12:13:15', '2026-02-18 12:13:15'),
(1716, 2, 210, 9, 'PRESENT', '2026-02-18 12:13:17', '2026-02-18 12:13:17'),
(1717, 2, 210, 10, 'PRESENT', '2026-02-18 12:13:17', '2026-02-18 12:13:17'),
(1718, 2, 210, 11, 'ABSENT', '2026-02-18 12:13:18', '2026-02-18 12:13:18'),
(1719, 2, 210, 12, 'PRESENT', '2026-02-18 12:13:18', '2026-02-18 12:13:18'),
(1720, 2, 210, 13, 'PRESENT', '2026-02-18 12:13:19', '2026-02-18 12:13:19'),
(1721, 2, 210, 14, 'PRESENT', '2026-02-18 12:13:19', '2026-02-18 12:13:19'),
(1722, 2, 210, 15, 'PRESENT', '2026-02-18 12:13:20', '2026-02-18 12:13:20'),
(1723, 2, 210, 16, 'PRESENT', '2026-02-18 12:13:21', '2026-02-18 12:13:21'),
(1724, 2, 210, 17, 'PRESENT', '2026-02-18 12:13:22', '2026-02-18 12:13:22'),
(1725, 2, 210, 18, 'PRESENT', '2026-02-18 12:13:22', '2026-02-18 12:13:22'),
(1726, 2, 210, 19, 'PRESENT', '2026-02-18 12:13:23', '2026-02-18 12:13:23'),
(1727, 2, 210, 20, 'PRESENT', '2026-02-18 12:13:24', '2026-02-18 12:13:24'),
(1728, 2, 210, 21, 'PRESENT', '2026-02-18 12:13:26', '2026-02-18 12:13:26'),
(1729, 2, 210, 22, 'PRESENT', '2026-02-18 12:13:26', '2026-02-18 12:13:26'),
(1730, 2, 210, 23, 'ABSENT', '2026-02-18 12:13:28', '2026-02-18 12:13:28'),
(1731, 2, 210, 24, 'PRESENT', '2026-02-18 12:13:29', '2026-02-18 12:13:29'),
(1732, 2, 210, 25, 'PRESENT', '2026-02-18 12:13:30', '2026-02-18 12:13:30'),
(1733, 2, 210, 26, 'PRESENT', '2026-02-18 12:13:30', '2026-02-18 12:13:30'),
(1734, 2, 210, 27, 'PRESENT', '2026-02-18 12:13:30', '2026-02-18 12:13:30'),
(1735, 2, 210, 28, 'PRESENT', '2026-02-18 12:13:31', '2026-02-18 12:13:31'),
(1736, 2, 210, 29, 'ABSENT', '2026-02-18 12:13:31', '2026-02-18 12:13:31'),
(1737, 2, 228, 36, 'ABSENT', '2026-02-18 13:38:15', '2026-02-18 13:38:15'),
(1738, 2, 228, 38, 'ABSENT', '2026-02-18 13:38:15', '2026-02-18 13:38:15'),
(1739, 2, 228, 39, 'ABSENT', '2026-02-18 13:38:15', '2026-02-18 13:38:15'),
(1740, 2, 228, 40, 'PRESENT', '2026-02-18 13:38:15', '2026-02-18 13:38:15'),
(1741, 2, 228, 34, 'PRESENT', '2026-02-18 13:38:15', '2026-02-18 13:38:15'),
(1742, 2, 228, 41, 'ABSENT', '2026-02-18 13:38:15', '2026-02-18 13:38:15'),
(1743, 2, 228, 42, 'PRESENT', '2026-02-18 13:38:15', '2026-02-18 13:38:15'),
(1744, 2, 228, 35, 'PRESENT', '2026-02-18 13:38:15', '2026-02-18 13:38:15'),
(1745, 2, 228, 31, 'ABSENT', '2026-02-18 13:38:15', '2026-02-18 13:38:15'),
(1746, 2, 228, 30, 'ABSENT', '2026-02-18 13:38:15', '2026-02-18 13:38:15'),
(1747, 2, 228, 33, 'PRESENT', '2026-02-18 13:38:15', '2026-02-18 13:38:15'),
(1748, 2, 229, 36, 'ABSENT', '2026-02-18 13:38:46', '2026-02-18 13:38:46'),
(1749, 2, 229, 38, 'ABSENT', '2026-02-18 13:38:46', '2026-02-18 13:38:46'),
(1750, 2, 229, 39, 'ABSENT', '2026-02-18 13:38:46', '2026-02-18 13:38:46'),
(1751, 2, 229, 40, 'PRESENT', '2026-02-18 13:38:46', '2026-02-18 13:38:46'),
(1752, 2, 229, 34, 'PRESENT', '2026-02-18 13:38:46', '2026-02-18 13:38:46'),
(1753, 2, 229, 41, 'ABSENT', '2026-02-18 13:38:46', '2026-02-18 13:38:46'),
(1754, 2, 229, 42, 'PRESENT', '2026-02-18 13:38:46', '2026-02-18 13:38:46'),
(1755, 2, 229, 35, 'PRESENT', '2026-02-18 13:38:46', '2026-02-18 13:38:46'),
(1756, 2, 229, 31, 'ABSENT', '2026-02-18 13:38:46', '2026-02-18 13:38:46'),
(1757, 2, 229, 30, 'ABSENT', '2026-02-18 13:38:46', '2026-02-18 13:38:46'),
(1758, 2, 229, 33, 'PRESENT', '2026-02-18 13:38:46', '2026-02-18 13:38:46'),
(1759, 2, 202, 1, 'ABSENT', '2026-02-18 14:02:45', '2026-02-18 14:02:46'),
(1760, 2, 202, 2, 'ABSENT', '2026-02-18 14:02:45', '2026-02-18 14:02:46'),
(1761, 2, 202, 3, 'ABSENT', '2026-02-18 14:02:45', '2026-02-18 14:02:46'),
(1762, 2, 202, 4, 'ABSENT', '2026-02-18 14:02:45', '2026-02-18 14:02:47'),
(1763, 2, 202, 5, 'ABSENT', '2026-02-18 14:02:46', '2026-02-18 14:02:47'),
(1765, 2, 202, 6, 'PRESENT', '2026-02-18 14:02:46', '2026-02-18 14:02:47'),
(1767, 2, 202, 7, 'ABSENT', '2026-02-18 14:02:46', '2026-02-18 14:02:48'),
(1769, 2, 202, 8, 'ABSENT', '2026-02-18 14:02:46', '2026-02-18 14:02:48'),
(1771, 2, 202, 9, 'ABSENT', '2026-02-18 14:02:47', '2026-02-18 14:02:48'),
(1773, 2, 202, 10, 'ABSENT', '2026-02-18 14:02:47', '2026-02-18 14:02:49'),
(1775, 2, 202, 11, 'ABSENT', '2026-02-18 14:02:47', '2026-02-18 14:02:49'),
(1777, 2, 202, 12, 'ABSENT', '2026-02-18 14:02:48', '2026-02-18 14:02:49'),
(1779, 2, 202, 13, 'PRESENT', '2026-02-18 14:02:48', '2026-02-18 14:02:50'),
(1781, 2, 202, 14, 'ABSENT', '2026-02-18 14:02:48', '2026-02-18 14:02:50'),
(1783, 2, 202, 15, 'ABSENT', '2026-02-18 14:02:49', '2026-02-18 14:02:50'),
(1785, 2, 202, 16, 'PRESENT', '2026-02-18 14:02:49', '2026-02-18 14:02:50'),
(1787, 2, 202, 17, 'ABSENT', '2026-02-18 14:02:49', '2026-02-18 14:02:51'),
(1789, 2, 202, 18, 'PRESENT', '2026-02-18 14:02:50', '2026-02-18 14:02:51'),
(1790, 2, 202, 19, 'ABSENT', '2026-02-18 14:02:50', '2026-02-18 14:02:51'),
(1792, 2, 202, 20, 'PRESENT', '2026-02-18 14:02:50', '2026-02-18 14:02:52'),
(1795, 2, 202, 21, 'PRESENT', '2026-02-18 14:02:50', '2026-02-18 14:02:52'),
(1797, 2, 202, 22, 'ABSENT', '2026-02-18 14:02:51', '2026-02-18 14:02:53'),
(1799, 2, 202, 23, 'ABSENT', '2026-02-18 14:02:51', '2026-02-18 14:02:53'),
(1801, 2, 202, 24, 'ABSENT', '2026-02-18 14:02:52', '2026-02-18 14:02:53'),
(1803, 2, 202, 25, 'ABSENT', '2026-02-18 14:02:52', '2026-02-18 14:02:53'),
(1805, 2, 202, 26, 'ABSENT', '2026-02-18 14:02:53', '2026-02-18 14:02:54'),
(1807, 2, 202, 27, 'ABSENT', '2026-02-18 14:02:53', '2026-02-18 14:02:54'),
(1809, 2, 202, 28, 'ABSENT', '2026-02-18 14:02:53', '2026-02-18 14:02:54'),
(1811, 2, 202, 29, 'ABSENT', '2026-02-18 14:02:53', '2026-02-18 14:02:54'),
(1817, 2, 203, 1, 'ABSENT', '2026-02-18 15:10:34', '2026-02-18 15:10:41'),
(1818, 2, 203, 2, 'ABSENT', '2026-02-18 15:10:34', '2026-02-18 15:10:43'),
(1819, 2, 203, 3, 'ABSENT', '2026-02-18 15:10:35', '2026-02-18 15:10:44'),
(1820, 2, 203, 4, 'ABSENT', '2026-02-18 15:10:36', '2026-02-18 15:10:44'),
(1821, 2, 203, 5, 'ABSENT', '2026-02-18 15:10:37', '2026-02-18 15:10:45'),
(1822, 2, 203, 6, 'ABSENT', '2026-02-18 15:10:39', '2026-02-18 15:10:46'),
(1823, 2, 203, 7, 'ABSENT', '2026-02-18 15:10:40', '2026-02-18 15:10:47'),
(1824, 2, 203, 8, 'ABSENT', '2026-02-18 15:10:40', '2026-02-18 15:10:48'),
(1825, 2, 203, 9, 'ABSENT', '2026-02-18 15:10:41', '2026-02-18 15:10:49'),
(1827, 2, 203, 10, 'ABSENT', '2026-02-18 15:10:42', '2026-02-18 15:13:58'),
(1829, 2, 203, 11, 'ABSENT', '2026-02-18 15:10:43', '2026-02-18 15:13:59'),
(1831, 2, 203, 12, 'ABSENT', '2026-02-18 15:10:44', '2026-02-18 15:14:00'),
(1833, 2, 203, 13, 'PRESENT', '2026-02-18 15:10:44', '2026-02-18 15:14:00'),
(1836, 2, 203, 14, 'ABSENT', '2026-02-18 15:10:46', '2026-02-18 15:14:01'),
(1838, 2, 203, 15, 'ABSENT', '2026-02-18 15:10:47', '2026-02-18 15:14:02'),
(1840, 2, 203, 16, 'PRESENT', '2026-02-18 15:10:48', '2026-02-18 15:14:02'),
(1842, 2, 203, 17, 'ABSENT', '2026-02-18 15:10:49', '2026-02-18 15:14:03'),
(1844, 2, 203, 18, 'PRESENT', '2026-02-18 15:13:58', '2026-02-18 15:14:04'),
(1846, 2, 203, 19, 'ABSENT', '2026-02-18 15:13:59', '2026-02-18 15:14:04'),
(1848, 2, 203, 20, 'ABSENT', '2026-02-18 15:14:00', '2026-02-18 15:14:05'),
(1850, 2, 203, 21, 'PRESENT', '2026-02-18 15:14:01', '2026-02-18 15:14:05'),
(1852, 2, 203, 22, 'ABSENT', '2026-02-18 15:14:02', '2026-02-18 15:14:06'),
(1854, 2, 203, 23, 'ABSENT', '2026-02-18 15:14:02', '2026-02-18 15:14:06'),
(1856, 2, 203, 24, 'ABSENT', '2026-02-18 15:14:03', '2026-02-18 15:14:07'),
(1858, 2, 203, 25, 'ABSENT', '2026-02-18 15:14:03', '2026-02-18 15:14:08'),
(1861, 2, 203, 26, 'ABSENT', '2026-02-18 15:14:04', '2026-02-18 15:14:08'),
(1863, 2, 203, 27, 'PRESENT', '2026-02-18 15:14:05', '2026-02-18 15:16:18'),
(1865, 2, 203, 28, 'ABSENT', '2026-02-18 15:14:05', '2026-02-18 15:14:10'),
(1867, 2, 203, 29, 'ABSENT', '2026-02-18 15:14:06', '2026-02-18 15:16:18'),
(1877, 2, 204, 1, 'ABSENT', '2026-02-19 12:09:04', '2026-02-19 12:09:04'),
(1878, 2, 204, 2, 'ABSENT', '2026-02-19 12:09:04', '2026-02-19 12:09:04'),
(1879, 2, 204, 3, 'PRESENT', '2026-02-19 12:09:04', '2026-02-19 12:09:04'),
(1880, 2, 204, 4, 'ABSENT', '2026-02-19 12:09:05', '2026-02-19 12:09:05'),
(1881, 2, 204, 5, 'ABSENT', '2026-02-19 12:09:05', '2026-02-19 12:09:05'),
(1882, 2, 204, 6, 'ABSENT', '2026-02-19 12:09:05', '2026-02-19 12:09:05'),
(1883, 2, 204, 7, 'PRESENT', '2026-02-19 12:09:05', '2026-02-19 12:09:05'),
(1884, 2, 204, 8, 'ABSENT', '2026-02-19 12:09:06', '2026-02-19 12:09:06'),
(1885, 2, 204, 9, 'PRESENT', '2026-02-19 12:09:06', '2026-02-19 12:09:06'),
(1886, 2, 204, 10, 'PRESENT', '2026-02-19 12:09:07', '2026-02-19 12:09:07'),
(1887, 2, 204, 11, 'ABSENT', '2026-02-19 12:09:07', '2026-02-19 12:09:07'),
(1888, 2, 204, 12, 'ABSENT', '2026-02-19 12:09:07', '2026-02-19 12:09:07'),
(1889, 2, 204, 13, 'ABSENT', '2026-02-19 12:09:08', '2026-02-19 12:09:08'),
(1890, 2, 204, 14, 'ABSENT', '2026-02-19 12:09:08', '2026-02-19 12:09:08'),
(1891, 2, 204, 15, 'PRESENT', '2026-02-19 12:09:08', '2026-02-19 12:09:08'),
(1892, 2, 204, 16, 'PRESENT', '2026-02-19 12:09:09', '2026-02-19 12:09:09'),
(1893, 2, 204, 17, 'ABSENT', '2026-02-19 12:09:09', '2026-02-19 12:09:09'),
(1894, 2, 205, 18, 'ABSENT', '2026-02-19 12:09:09', '2026-02-19 12:09:09'),
(1895, 2, 205, 19, 'PRESENT', '2026-02-19 12:09:10', '2026-02-19 12:16:21'),
(1896, 2, 205, 20, 'ABSENT', '2026-02-19 12:09:10', '2026-02-19 12:09:10'),
(1897, 2, 205, 21, 'PRESENT', '2026-02-19 12:09:10', '2026-02-19 12:16:21'),
(1898, 2, 205, 22, 'PRESENT', '2026-02-19 12:09:11', '2026-02-19 12:16:21'),
(1899, 2, 205, 23, 'ABSENT', '2026-02-19 12:09:11', '2026-02-19 12:09:11'),
(1900, 2, 205, 24, 'ABSENT', '2026-02-19 12:09:11', '2026-02-19 12:09:11'),
(1901, 2, 205, 25, 'ABSENT', '2026-02-19 12:09:12', '2026-02-19 12:09:12'),
(1902, 2, 205, 26, 'ABSENT', '2026-02-19 12:09:12', '2026-02-19 12:09:12'),
(1903, 2, 205, 27, 'ABSENT', '2026-02-19 12:09:13', '2026-02-19 12:09:13'),
(1904, 2, 205, 28, 'ABSENT', '2026-02-19 12:09:13', '2026-02-19 12:09:13'),
(1905, 2, 205, 29, 'ABSENT', '2026-02-19 12:09:13', '2026-02-19 12:09:13'),
(1906, 2, 205, 3, 'PRESENT', '2026-02-19 12:16:19', '2026-02-19 12:16:19'),
(1907, 2, 205, 7, 'PRESENT', '2026-02-19 12:16:20', '2026-02-19 12:16:20'),
(1908, 2, 205, 9, 'PRESENT', '2026-02-19 12:16:20', '2026-02-19 12:16:20'),
(1909, 2, 205, 10, 'PRESENT', '2026-02-19 12:16:20', '2026-02-19 12:16:20'),
(1910, 2, 205, 15, 'PRESENT', '2026-02-19 12:16:20', '2026-02-19 12:16:20'),
(1911, 2, 205, 16, 'PRESENT', '2026-02-19 12:16:21', '2026-02-19 12:16:21'),
(1915, 2, 224, 36, 'ABSENT', '2026-02-19 12:25:49', '2026-02-19 12:25:49'),
(1916, 2, 224, 38, 'ABSENT', '2026-02-19 12:25:49', '2026-02-19 12:25:49');

INSERT INTO `attendance_records` (`attendance_id`, `term_id`, `schedule_id`, `student_id`, `status`, `created_at`, `updated_at`) VALUES
(1917, 2, 224, 39, 'ABSENT', '2026-02-19 12:25:50', '2026-02-19 12:25:50'),
(1918, 2, 224, 40, 'ABSENT', '2026-02-19 12:25:50', '2026-02-19 12:25:50'),
(1919, 2, 224, 34, 'PRESENT', '2026-02-19 12:25:50', '2026-02-19 12:25:50'),
(1920, 2, 224, 41, 'ABSENT', '2026-02-19 12:25:50', '2026-02-19 12:25:50'),
(1921, 2, 224, 42, 'ABSENT', '2026-02-19 12:25:50', '2026-02-19 12:25:50'),
(1922, 2, 224, 35, 'ABSENT', '2026-02-19 12:25:51', '2026-02-19 13:01:02'),
(1923, 2, 224, 31, 'ABSENT', '2026-02-19 12:25:51', '2026-02-19 12:25:51'),
(1924, 2, 224, 30, 'ABSENT', '2026-02-19 12:25:51', '2026-02-19 12:25:51'),
(1925, 2, 224, 33, 'ABSENT', '2026-02-19 12:25:52', '2026-02-19 12:25:52'),
(1926, 2, 225, 36, 'ABSENT', '2026-02-19 12:25:59', '2026-02-19 12:25:59'),
(1927, 2, 225, 38, 'ABSENT', '2026-02-19 12:25:59', '2026-02-19 12:25:59'),
(1928, 2, 225, 39, 'ABSENT', '2026-02-19 12:26:00', '2026-02-19 12:26:00'),
(1929, 2, 225, 40, 'ABSENT', '2026-02-19 12:26:00', '2026-02-19 12:26:00'),
(1930, 2, 225, 34, 'PRESENT', '2026-02-19 12:26:00', '2026-02-19 12:26:00'),
(1931, 2, 225, 41, 'ABSENT', '2026-02-19 12:26:00', '2026-02-19 12:26:00'),
(1932, 2, 225, 42, 'ABSENT', '2026-02-19 12:26:00', '2026-02-19 12:26:00'),
(1933, 2, 225, 35, 'ABSENT', '2026-02-19 12:26:01', '2026-02-19 13:00:56'),
(1934, 2, 225, 31, 'ABSENT', '2026-02-19 12:26:01', '2026-02-19 12:26:01'),
(1935, 2, 225, 30, 'ABSENT', '2026-02-19 12:26:01', '2026-02-19 12:26:01'),
(1936, 2, 225, 33, 'ABSENT', '2026-02-19 12:26:01', '2026-02-19 12:26:01'),
(1941, 2, 251, 1, 'ABSENT', '2026-02-22 11:06:19', '2026-02-22 11:06:19'),
(1942, 2, 251, 2, 'ABSENT', '2026-02-22 11:06:19', '2026-02-22 11:06:19'),
(1943, 2, 251, 3, 'ABSENT', '2026-02-22 11:06:19', '2026-02-22 11:06:19'),
(1944, 2, 251, 4, 'ABSENT', '2026-02-22 11:06:19', '2026-02-22 11:06:19'),
(1945, 2, 251, 5, 'ABSENT', '2026-02-22 11:06:19', '2026-02-22 11:06:19'),
(1946, 2, 251, 6, 'PRESENT', '2026-02-22 11:06:20', '2026-02-22 11:06:20'),
(1947, 2, 251, 7, 'ABSENT', '2026-02-22 11:06:20', '2026-02-22 11:06:20'),
(1948, 2, 251, 8, 'ABSENT', '2026-02-22 11:06:20', '2026-02-22 11:06:20'),
(1949, 2, 251, 9, 'ABSENT', '2026-02-22 11:06:21', '2026-02-22 11:06:21'),
(1950, 2, 251, 10, 'PRESENT', '2026-02-22 11:06:21', '2026-02-22 11:06:21'),
(1951, 2, 251, 11, 'PRESENT', '2026-02-22 11:06:21', '2026-02-22 11:06:21'),
(1952, 2, 251, 12, 'ABSENT', '2026-02-22 11:06:22', '2026-02-22 11:06:22'),
(1953, 2, 251, 13, 'ABSENT', '2026-02-22 11:06:22', '2026-02-22 11:06:22'),
(1954, 2, 251, 14, 'PRESENT', '2026-02-22 11:06:22', '2026-02-22 11:06:22'),
(1955, 2, 251, 15, 'PRESENT', '2026-02-22 11:06:23', '2026-02-22 11:06:23'),
(1956, 2, 251, 16, 'PRESENT', '2026-02-22 11:06:23', '2026-02-22 11:06:23'),
(1957, 2, 251, 17, 'PRESENT', '2026-02-22 11:06:23', '2026-02-22 11:06:23'),
(1958, 2, 251, 18, 'PRESENT', '2026-02-22 11:06:24', '2026-02-22 11:06:24'),
(1959, 2, 251, 19, 'ABSENT', '2026-02-22 11:06:24', '2026-02-22 11:06:24'),
(1960, 2, 251, 20, 'ABSENT', '2026-02-22 11:06:24', '2026-02-22 11:06:24'),
(1961, 2, 251, 21, 'PRESENT', '2026-02-22 11:06:24', '2026-02-22 11:06:24'),
(1962, 2, 251, 22, 'ABSENT', '2026-02-22 11:06:24', '2026-02-22 11:06:24'),
(1963, 2, 251, 23, 'ABSENT', '2026-02-22 11:06:24', '2026-02-22 11:06:24'),
(1964, 2, 251, 24, 'ABSENT', '2026-02-22 11:06:25', '2026-02-22 11:06:25'),
(1965, 2, 251, 25, 'ABSENT', '2026-02-22 11:06:25', '2026-02-22 11:06:25'),
(1966, 2, 252, 26, 'PRESENT', '2026-02-22 11:06:25', '2026-02-22 11:17:56'),
(1967, 2, 252, 27, 'ABSENT', '2026-02-22 11:06:25', '2026-02-22 11:16:42'),
(1968, 2, 252, 28, 'ABSENT', '2026-02-22 11:06:26', '2026-02-22 11:16:42'),
(1969, 2, 252, 29, 'ABSENT', '2026-02-22 11:06:26', '2026-02-22 11:16:42'),
(1970, 2, 252, 1, 'ABSENT', '2026-02-22 11:16:37', '2026-02-22 11:16:37'),
(1971, 2, 252, 2, 'ABSENT', '2026-02-22 11:16:37', '2026-02-22 11:16:37'),
(1972, 2, 252, 3, 'ABSENT', '2026-02-22 11:16:37', '2026-02-22 11:16:37'),
(1973, 2, 252, 4, 'ABSENT', '2026-02-22 11:16:37', '2026-02-22 11:16:37'),
(1974, 2, 252, 5, 'ABSENT', '2026-02-22 11:16:37', '2026-02-22 11:16:37'),
(1975, 2, 252, 6, 'PRESENT', '2026-02-22 11:16:38', '2026-02-22 11:16:38'),
(1976, 2, 252, 7, 'ABSENT', '2026-02-22 11:16:38', '2026-02-22 11:16:38'),
(1977, 2, 252, 8, 'ABSENT', '2026-02-22 11:16:38', '2026-02-22 11:16:38'),
(1978, 2, 252, 9, 'ABSENT', '2026-02-22 11:16:38', '2026-02-22 11:16:38'),
(1979, 2, 252, 10, 'PRESENT', '2026-02-22 11:16:38', '2026-02-22 11:16:38'),
(1980, 2, 252, 11, 'ABSENT', '2026-02-22 11:16:39', '2026-02-22 11:16:39'),
(1981, 2, 252, 12, 'ABSENT', '2026-02-22 11:16:39', '2026-02-22 11:16:39'),
(1982, 2, 252, 13, 'ABSENT', '2026-02-22 11:16:39', '2026-02-22 11:16:39'),
(1983, 2, 252, 14, 'PRESENT', '2026-02-22 11:16:39', '2026-02-22 11:16:39'),
(1984, 2, 252, 15, 'PRESENT', '2026-02-22 11:16:39', '2026-02-22 11:16:39'),
(1985, 2, 252, 16, 'PRESENT', '2026-02-22 11:16:39', '2026-02-22 11:16:39'),
(1986, 2, 252, 17, 'PRESENT', '2026-02-22 11:16:40', '2026-02-22 11:16:40'),
(1987, 2, 252, 18, 'PRESENT', '2026-02-22 11:16:40', '2026-02-22 11:16:40'),
(1988, 2, 252, 19, 'ABSENT', '2026-02-22 11:16:40', '2026-02-22 11:16:40'),
(1989, 2, 252, 20, 'ABSENT', '2026-02-22 11:16:40', '2026-02-22 11:16:40'),
(1990, 2, 252, 21, 'PRESENT', '2026-02-22 11:16:40', '2026-02-22 11:16:40'),
(1991, 2, 252, 22, 'ABSENT', '2026-02-22 11:16:41', '2026-02-22 11:16:41'),
(1992, 2, 252, 23, 'ABSENT', '2026-02-22 11:16:41', '2026-02-22 11:16:41'),
(1993, 2, 252, 24, 'ABSENT', '2026-02-22 11:16:41', '2026-02-22 11:16:41'),
(1994, 2, 252, 25, 'PRESENT', '2026-02-22 11:16:41', '2026-02-22 11:16:41'),
(2000, 2, 251, 26, 'PRESENT', '2026-02-22 11:18:37', '2026-02-22 11:18:37'),
(2001, 2, 240, 6, 'PRESENT', '2026-02-23 09:11:44', '2026-02-23 09:11:44'),
(2002, 2, 240, 7, 'PRESENT', '2026-02-23 09:11:44', '2026-02-23 09:11:44'),
(2003, 2, 240, 8, 'PRESENT', '2026-02-23 09:11:44', '2026-02-23 09:11:44'),
(2004, 2, 240, 9, 'PRESENT', '2026-02-23 09:11:44', '2026-02-23 09:11:44'),
(2005, 2, 240, 10, 'PRESENT', '2026-02-23 09:11:44', '2026-02-23 09:11:44'),
(2006, 2, 240, 12, 'PRESENT', '2026-02-23 09:11:45', '2026-02-23 09:11:45'),
(2007, 2, 240, 16, 'PRESENT', '2026-02-23 09:11:45', '2026-02-23 09:11:45'),
(2008, 2, 240, 18, 'PRESENT', '2026-02-23 09:11:45', '2026-02-23 09:11:45'),
(2009, 2, 240, 19, 'PRESENT', '2026-02-23 09:11:45', '2026-02-23 09:11:45'),
(2010, 2, 240, 20, 'PRESENT', '2026-02-23 09:11:45', '2026-02-23 09:11:45'),
(2011, 2, 240, 21, 'PRESENT', '2026-02-23 09:11:46', '2026-02-23 09:11:46'),
(2012, 2, 240, 24, 'PRESENT', '2026-02-23 09:11:46', '2026-02-23 09:11:46'),
(2013, 2, 240, 25, 'PRESENT', '2026-02-23 09:11:46', '2026-02-23 09:11:46'),
(2014, 2, 240, 26, 'PRESENT', '2026-02-23 09:11:46', '2026-02-23 09:11:46'),
(2015, 2, 240, 15, 'PRESENT', '2026-02-23 09:12:51', '2026-02-23 09:12:51'),
(2016, 2, 240, 14, 'PRESENT', '2026-02-23 09:12:51', '2026-02-23 09:12:51'),
(2017, 2, 241, 6, 'PRESENT', '2026-02-23 09:54:26', '2026-02-23 09:54:26'),
(2018, 2, 241, 7, 'PRESENT', '2026-02-23 09:54:26', '2026-02-23 09:54:26'),
(2019, 2, 241, 8, 'PRESENT', '2026-02-23 09:54:26', '2026-02-23 09:54:26'),
(2020, 2, 241, 9, 'PRESENT', '2026-02-23 09:54:26', '2026-02-23 09:54:26'),
(2021, 2, 241, 10, 'PRESENT', '2026-02-23 09:54:26', '2026-02-23 09:54:26'),
(2022, 2, 241, 12, 'PRESENT', '2026-02-23 09:54:26', '2026-02-23 09:54:26'),
(2023, 2, 241, 16, 'PRESENT', '2026-02-23 09:54:26', '2026-02-23 09:54:26'),
(2024, 2, 241, 18, 'PRESENT', '2026-02-23 09:54:26', '2026-02-23 09:54:26'),
(2025, 2, 241, 19, 'PRESENT', '2026-02-23 09:54:26', '2026-02-23 09:54:26'),
(2026, 2, 241, 20, 'PRESENT', '2026-02-23 09:54:26', '2026-02-23 09:54:26'),
(2027, 2, 241, 21, 'PRESENT', '2026-02-23 09:54:26', '2026-02-23 09:54:26'),
(2028, 2, 241, 24, 'PRESENT', '2026-02-23 09:54:26', '2026-02-23 09:54:26'),
(2029, 2, 241, 25, 'PRESENT', '2026-02-23 09:54:26', '2026-02-23 09:54:26'),
(2030, 2, 241, 26, 'PRESENT', '2026-02-23 09:54:26', '2026-02-23 09:54:26'),
(2031, 2, 241, 15, 'PRESENT', '2026-02-23 09:54:26', '2026-02-23 09:54:26'),
(2032, 2, 241, 14, 'PRESENT', '2026-02-23 09:54:26', '2026-02-23 09:54:26'),
(2033, 2, 241, 1, 'PRESENT', '2026-02-23 09:54:50', '2026-02-23 09:54:50'),
(2034, 2, 241, 3, 'PRESENT', '2026-02-23 09:54:50', '2026-02-23 09:54:50'),
(2035, 2, 241, 4, 'PRESENT', '2026-02-23 09:54:50', '2026-02-23 09:54:50'),
(2036, 2, 242, 6, 'PRESENT', '2026-02-23 11:47:16', '2026-02-23 11:47:16'),
(2037, 2, 242, 7, 'PRESENT', '2026-02-23 11:47:16', '2026-02-23 11:47:16'),
(2038, 2, 242, 8, 'PRESENT', '2026-02-23 11:47:16', '2026-02-23 11:47:16'),
(2039, 2, 242, 9, 'PRESENT', '2026-02-23 11:47:16', '2026-02-23 11:47:16'),
(2040, 2, 242, 10, 'PRESENT', '2026-02-23 11:47:16', '2026-02-23 11:47:16'),
(2041, 2, 242, 12, 'PRESENT', '2026-02-23 11:47:16', '2026-02-23 11:47:16'),
(2042, 2, 242, 16, 'PRESENT', '2026-02-23 11:47:16', '2026-02-23 11:47:16'),
(2043, 2, 242, 18, 'PRESENT', '2026-02-23 11:47:16', '2026-02-23 11:47:16'),
(2044, 2, 242, 19, 'PRESENT', '2026-02-23 11:47:16', '2026-02-23 11:47:16'),
(2045, 2, 242, 20, 'PRESENT', '2026-02-23 11:47:16', '2026-02-23 11:47:16'),
(2046, 2, 242, 21, 'PRESENT', '2026-02-23 11:47:16', '2026-02-23 11:47:16'),
(2047, 2, 242, 24, 'PRESENT', '2026-02-23 11:47:16', '2026-02-23 11:47:16'),
(2048, 2, 242, 25, 'PRESENT', '2026-02-23 11:47:16', '2026-02-23 11:47:16'),
(2049, 2, 242, 26, 'PRESENT', '2026-02-23 11:47:16', '2026-02-23 11:47:16'),
(2050, 2, 242, 15, 'PRESENT', '2026-02-23 11:47:16', '2026-02-23 11:47:16'),
(2051, 2, 242, 14, 'PRESENT', '2026-02-23 11:47:16', '2026-02-23 11:47:16'),
(2052, 2, 242, 1, 'PRESENT', '2026-02-23 11:47:16', '2026-02-23 11:47:16'),
(2053, 2, 242, 3, 'PRESENT', '2026-02-23 11:47:16', '2026-02-23 11:47:16'),
(2054, 2, 242, 4, 'PRESENT', '2026-02-23 11:47:16', '2026-02-23 11:47:16'),
(2055, 2, 242, 11, 'PRESENT', '2026-02-23 11:47:40', '2026-02-23 11:47:40'),
(2056, 2, 242, 13, 'PRESENT', '2026-02-23 11:47:41', '2026-02-23 11:47:41'),
(2057, 2, 248, 6, 'PRESENT', '2026-02-23 12:46:35', '2026-02-25 09:21:41'),
(2058, 2, 248, 7, 'PRESENT', '2026-02-23 12:46:35', '2026-02-25 09:21:41'),
(2059, 2, 248, 8, 'PRESENT', '2026-02-23 12:46:35', '2026-02-25 09:21:41'),
(2060, 2, 248, 9, 'ABSENT', '2026-02-23 12:46:35', '2026-02-25 09:21:41'),
(2061, 2, 248, 10, 'ABSENT', '2026-02-23 12:46:35', '2026-02-25 09:21:41'),
(2062, 2, 248, 12, 'PRESENT', '2026-02-23 12:46:35', '2026-02-25 09:21:42'),
(2063, 2, 248, 16, 'ABSENT', '2026-02-23 12:46:35', '2026-02-25 09:21:43'),
(2064, 2, 248, 18, 'PRESENT', '2026-02-23 12:46:35', '2026-02-25 09:21:43'),
(2065, 2, 248, 19, 'ABSENT', '2026-02-23 12:46:35', '2026-02-25 09:21:43'),
(2066, 2, 248, 20, 'PRESENT', '2026-02-23 12:46:35', '2026-02-25 09:21:43'),
(2067, 2, 248, 21, 'PRESENT', '2026-02-23 12:46:35', '2026-02-25 09:21:44'),
(2068, 2, 248, 24, 'ABSENT', '2026-02-23 12:46:35', '2026-02-25 09:21:44'),
(2069, 2, 248, 25, 'ABSENT', '2026-02-23 12:46:35', '2026-02-25 09:21:44'),
(2070, 2, 248, 26, 'PRESENT', '2026-02-23 12:46:35', '2026-02-25 09:21:45'),
(2071, 2, 248, 15, 'ABSENT', '2026-02-23 12:46:35', '2026-02-25 09:21:42'),
(2072, 2, 248, 14, 'ABSENT', '2026-02-23 12:46:35', '2026-02-25 09:21:42'),
(2073, 2, 248, 1, 'ABSENT', '2026-02-23 12:46:35', '2026-02-25 09:21:40'),
(2074, 2, 248, 3, 'ABSENT', '2026-02-23 12:46:35', '2026-02-25 09:21:40'),
(2075, 2, 248, 4, 'ABSENT', '2026-02-23 12:46:35', '2026-02-25 09:21:40'),
(2076, 2, 248, 11, 'ABSENT', '2026-02-23 12:46:35', '2026-02-25 09:21:42'),
(2077, 2, 248, 13, 'ABSENT', '2026-02-23 12:46:35', '2026-02-25 09:21:42'),
(2120, 2, 243, 1, 'PRESENT', '2026-02-23 12:48:22', '2026-02-23 12:48:22'),
(2121, 2, 243, 2, 'ABSENT', '2026-02-23 12:48:23', '2026-02-23 12:48:23'),
(2122, 2, 243, 3, 'PRESENT', '2026-02-23 12:48:23', '2026-02-23 12:48:23'),
(2123, 2, 243, 4, 'PRESENT', '2026-02-23 12:48:23', '2026-02-23 12:48:23'),
(2124, 2, 243, 5, 'ABSENT', '2026-02-23 12:48:23', '2026-02-23 12:48:23'),
(2125, 2, 243, 6, 'PRESENT', '2026-02-23 12:48:24', '2026-02-23 12:48:24'),
(2126, 2, 243, 7, 'PRESENT', '2026-02-23 12:48:24', '2026-02-23 12:48:24'),
(2127, 2, 243, 8, 'PRESENT', '2026-02-23 12:48:24', '2026-02-23 12:48:24'),
(2128, 2, 243, 9, 'PRESENT', '2026-02-23 12:48:24', '2026-02-23 12:48:24'),
(2129, 2, 243, 10, 'PRESENT', '2026-02-23 12:48:25', '2026-02-23 12:48:25'),
(2130, 2, 243, 11, 'PRESENT', '2026-02-23 12:48:25', '2026-02-23 12:48:25'),
(2131, 2, 243, 12, 'PRESENT', '2026-02-23 12:48:25', '2026-02-23 12:48:25'),
(2132, 2, 243, 13, 'PRESENT', '2026-02-23 12:48:25', '2026-02-23 12:48:25'),
(2133, 2, 243, 14, 'PRESENT', '2026-02-23 12:48:26', '2026-02-23 12:48:26'),
(2134, 2, 243, 15, 'PRESENT', '2026-02-23 12:48:26', '2026-02-23 12:48:26'),
(2135, 2, 243, 16, 'PRESENT', '2026-02-23 12:48:26', '2026-02-23 12:48:26'),
(2136, 2, 243, 17, 'ABSENT', '2026-02-23 12:48:26', '2026-02-23 12:48:26'),
(2137, 2, 243, 18, 'PRESENT', '2026-02-23 12:48:26', '2026-02-23 12:48:26'),
(2138, 2, 243, 19, 'PRESENT', '2026-02-23 12:48:27', '2026-02-23 12:48:27'),
(2139, 2, 243, 20, 'PRESENT', '2026-02-23 12:48:27', '2026-02-23 12:48:27'),
(2140, 2, 243, 21, 'PRESENT', '2026-02-23 12:48:27', '2026-02-23 12:48:27'),
(2141, 2, 243, 22, 'ABSENT', '2026-02-23 12:48:28', '2026-02-23 12:49:25'),
(2142, 2, 243, 23, 'ABSENT', '2026-02-23 12:48:28', '2026-02-23 12:48:28'),
(2143, 2, 243, 24, 'PRESENT', '2026-02-23 12:48:28', '2026-02-23 12:48:28'),
(2144, 2, 243, 25, 'PRESENT', '2026-02-23 12:48:28', '2026-02-23 12:48:28'),
(2145, 2, 243, 26, 'PRESENT', '2026-02-23 12:48:29', '2026-02-23 12:48:29'),
(2146, 2, 243, 27, 'ABSENT', '2026-02-23 12:48:29', '2026-02-23 12:48:29'),
(2147, 2, 243, 28, 'PRESENT', '2026-02-23 12:48:29', '2026-02-23 12:48:29'),
(2148, 2, 243, 29, 'ABSENT', '2026-02-23 12:48:29', '2026-02-23 12:48:29'),
(2149, 2, 244, 1, 'PRESENT', '2026-02-23 12:48:33', '2026-02-23 12:49:29'),
(2150, 2, 244, 2, 'ABSENT', '2026-02-23 12:48:33', '2026-02-23 12:49:29'),
(2151, 2, 244, 3, 'PRESENT', '2026-02-23 12:48:33', '2026-02-23 12:49:29'),
(2152, 2, 244, 4, 'PRESENT', '2026-02-23 12:48:33', '2026-02-23 12:49:29'),
(2153, 2, 244, 5, 'ABSENT', '2026-02-23 12:48:33', '2026-02-23 12:49:29'),
(2154, 2, 244, 6, 'PRESENT', '2026-02-23 12:48:33', '2026-02-23 12:49:29'),
(2155, 2, 244, 7, 'PRESENT', '2026-02-23 12:48:33', '2026-02-23 12:49:29'),
(2156, 2, 244, 8, 'PRESENT', '2026-02-23 12:48:33', '2026-02-23 12:49:29'),
(2157, 2, 244, 9, 'PRESENT', '2026-02-23 12:48:33', '2026-02-23 12:49:29'),
(2158, 2, 244, 10, 'PRESENT', '2026-02-23 12:48:33', '2026-02-23 12:49:29'),
(2159, 2, 244, 11, 'PRESENT', '2026-02-23 12:48:33', '2026-02-23 12:49:29'),
(2160, 2, 244, 12, 'PRESENT', '2026-02-23 12:48:33', '2026-02-23 12:49:29'),
(2161, 2, 244, 13, 'PRESENT', '2026-02-23 12:48:33', '2026-02-23 12:49:29'),
(2162, 2, 244, 14, 'PRESENT', '2026-02-23 12:48:33', '2026-02-23 12:49:29'),
(2163, 2, 244, 15, 'PRESENT', '2026-02-23 12:48:33', '2026-02-23 12:49:29'),
(2164, 2, 244, 16, 'PRESENT', '2026-02-23 12:48:33', '2026-02-23 12:49:29'),
(2165, 2, 244, 17, 'ABSENT', '2026-02-23 12:48:33', '2026-02-23 12:49:29'),
(2166, 2, 244, 18, 'PRESENT', '2026-02-23 12:48:33', '2026-02-23 12:49:29'),
(2167, 2, 244, 19, 'PRESENT', '2026-02-23 12:48:33', '2026-02-23 12:49:29');

INSERT INTO `attendance_records` (`attendance_id`, `term_id`, `schedule_id`, `student_id`, `status`, `created_at`, `updated_at`) VALUES
(2168, 2, 244, 20, 'PRESENT', '2026-02-23 12:48:33', '2026-02-23 12:49:29'),
(2169, 2, 244, 21, 'PRESENT', '2026-02-23 12:48:33', '2026-02-23 12:49:29'),
(2170, 2, 244, 22, 'ABSENT', '2026-02-23 12:48:33', '2026-02-23 12:49:29'),
(2171, 2, 244, 23, 'ABSENT', '2026-02-23 12:48:33', '2026-02-23 12:49:29'),
(2172, 2, 244, 24, 'PRESENT', '2026-02-23 12:48:33', '2026-02-23 12:49:29'),
(2173, 2, 244, 25, 'PRESENT', '2026-02-23 12:48:33', '2026-02-23 12:49:29'),
(2174, 2, 244, 26, 'PRESENT', '2026-02-23 12:48:33', '2026-02-23 12:49:29'),
(2175, 2, 244, 27, 'ABSENT', '2026-02-23 12:48:33', '2026-02-23 12:49:29'),
(2176, 2, 244, 28, 'PRESENT', '2026-02-23 12:48:33', '2026-02-23 12:49:29'),
(2177, 2, 244, 29, 'ABSENT', '2026-02-23 12:48:33', '2026-02-23 12:49:29'),
(2208, 2, 245, 1, 'ABSENT', '2026-02-24 09:11:21', '2026-02-24 09:11:21'),
(2209, 2, 245, 2, 'ABSENT', '2026-02-24 09:11:22', '2026-02-24 09:11:22'),
(2210, 2, 245, 3, 'ABSENT', '2026-02-24 09:11:22', '2026-02-24 09:11:22'),
(2211, 2, 245, 4, 'ABSENT', '2026-02-24 09:11:22', '2026-02-24 09:11:22'),
(2212, 2, 245, 5, 'ABSENT', '2026-02-24 09:11:22', '2026-02-24 09:11:22'),
(2213, 2, 245, 6, 'PRESENT', '2026-02-24 09:11:22', '2026-02-24 09:11:22'),
(2214, 2, 245, 7, 'PRESENT', '2026-02-24 09:11:23', '2026-02-24 09:11:23'),
(2215, 2, 245, 8, 'ABSENT', '2026-02-24 09:11:23', '2026-02-24 09:11:23'),
(2216, 2, 245, 9, 'PRESENT', '2026-02-24 09:11:23', '2026-02-24 09:11:23'),
(2217, 2, 245, 10, 'PRESENT', '2026-02-24 09:11:23', '2026-02-24 09:11:23'),
(2218, 2, 245, 11, 'ABSENT', '2026-02-24 09:11:23', '2026-02-24 09:11:23'),
(2219, 2, 245, 12, 'PRESENT', '2026-02-24 09:11:24', '2026-02-24 09:11:24'),
(2220, 2, 245, 13, 'ABSENT', '2026-02-24 09:11:24', '2026-02-24 09:11:24'),
(2221, 2, 245, 14, 'PRESENT', '2026-02-24 09:11:24', '2026-02-24 09:11:24'),
(2222, 2, 245, 15, 'PRESENT', '2026-02-24 09:11:24', '2026-02-24 09:11:24'),
(2223, 2, 245, 16, 'PRESENT', '2026-02-24 09:11:24', '2026-02-24 09:11:24'),
(2224, 2, 245, 17, 'ABSENT', '2026-02-24 09:11:25', '2026-02-24 09:11:25'),
(2225, 2, 245, 18, 'ABSENT', '2026-02-24 09:11:25', '2026-02-24 09:11:25'),
(2226, 2, 245, 19, 'PRESENT', '2026-02-24 09:11:25', '2026-02-24 09:11:25'),
(2227, 2, 245, 20, 'PRESENT', '2026-02-24 09:11:25', '2026-02-24 09:11:25'),
(2228, 2, 245, 21, 'PRESENT', '2026-02-24 09:11:25', '2026-02-24 09:11:25'),
(2229, 2, 245, 22, 'ABSENT', '2026-02-24 09:11:26', '2026-02-24 09:11:26'),
(2230, 2, 245, 23, 'ABSENT', '2026-02-24 09:11:26', '2026-02-24 09:11:26'),
(2231, 2, 245, 24, 'PRESENT', '2026-02-24 09:11:26', '2026-02-24 09:11:26'),
(2232, 2, 245, 25, 'ABSENT', '2026-02-24 09:11:26', '2026-02-24 09:11:26'),
(2233, 2, 245, 26, 'PRESENT', '2026-02-24 09:11:26', '2026-02-24 09:11:26'),
(2234, 2, 245, 27, 'ABSENT', '2026-02-24 09:11:27', '2026-02-24 09:11:27'),
(2235, 2, 245, 28, 'ABSENT', '2026-02-24 09:11:27', '2026-02-24 09:11:27'),
(2236, 2, 245, 29, 'ABSENT', '2026-02-24 09:11:27', '2026-02-24 09:11:27'),
(2237, 2, 246, 1, 'ABSENT', '2026-02-24 11:25:49', '2026-02-24 11:25:49'),
(2238, 2, 246, 2, 'ABSENT', '2026-02-24 11:25:49', '2026-02-24 11:25:49'),
(2239, 2, 246, 3, 'ABSENT', '2026-02-24 11:25:49', '2026-02-24 11:25:49'),
(2240, 2, 246, 4, 'ABSENT', '2026-02-24 11:25:49', '2026-02-24 11:25:49'),
(2241, 2, 246, 5, 'ABSENT', '2026-02-24 11:25:49', '2026-02-24 11:25:49'),
(2242, 2, 246, 6, 'PRESENT', '2026-02-24 11:25:49', '2026-02-24 11:25:49'),
(2243, 2, 246, 7, 'PRESENT', '2026-02-24 11:25:49', '2026-02-24 11:25:49'),
(2244, 2, 246, 8, 'ABSENT', '2026-02-24 11:25:49', '2026-02-24 11:25:49'),
(2245, 2, 246, 9, 'PRESENT', '2026-02-24 11:25:49', '2026-02-24 11:25:49'),
(2246, 2, 246, 10, 'PRESENT', '2026-02-24 11:25:49', '2026-02-24 11:25:49'),
(2247, 2, 246, 11, 'PRESENT', '2026-02-24 11:25:49', '2026-02-24 11:26:00'),
(2248, 2, 246, 12, 'PRESENT', '2026-02-24 11:25:49', '2026-02-24 11:25:49'),
(2249, 2, 246, 13, 'ABSENT', '2026-02-24 11:25:49', '2026-02-24 11:25:49'),
(2250, 2, 246, 14, 'PRESENT', '2026-02-24 11:25:49', '2026-02-24 11:25:49'),
(2251, 2, 246, 15, 'PRESENT', '2026-02-24 11:25:49', '2026-02-24 11:25:49'),
(2252, 2, 246, 16, 'PRESENT', '2026-02-24 11:25:49', '2026-02-24 11:25:49'),
(2253, 2, 246, 17, 'ABSENT', '2026-02-24 11:25:49', '2026-02-24 11:25:49'),
(2254, 2, 246, 18, 'ABSENT', '2026-02-24 11:25:49', '2026-02-24 11:25:49'),
(2255, 2, 246, 19, 'PRESENT', '2026-02-24 11:25:49', '2026-02-24 11:25:49'),
(2256, 2, 246, 20, 'PRESENT', '2026-02-24 11:25:49', '2026-02-24 11:25:49'),
(2257, 2, 246, 21, 'PRESENT', '2026-02-24 11:25:49', '2026-02-24 11:25:49'),
(2258, 2, 246, 22, 'ABSENT', '2026-02-24 11:25:49', '2026-02-24 11:25:49'),
(2259, 2, 246, 23, 'ABSENT', '2026-02-24 11:25:49', '2026-02-24 11:25:49'),
(2260, 2, 246, 24, 'PRESENT', '2026-02-24 11:25:49', '2026-02-24 11:25:49'),
(2261, 2, 246, 25, 'ABSENT', '2026-02-24 11:25:49', '2026-02-24 11:25:49'),
(2262, 2, 246, 26, 'PRESENT', '2026-02-24 11:25:49', '2026-02-24 11:25:49'),
(2263, 2, 246, 27, 'ABSENT', '2026-02-24 11:25:49', '2026-02-24 11:25:49'),
(2264, 2, 246, 28, 'ABSENT', '2026-02-24 11:25:49', '2026-02-24 11:25:49'),
(2265, 2, 246, 29, 'ABSENT', '2026-02-24 11:25:49', '2026-02-24 11:25:49'),
(2267, 2, 247, 1, 'ABSENT', '2026-02-24 11:26:03', '2026-02-24 11:26:03'),
(2268, 2, 247, 2, 'ABSENT', '2026-02-24 11:26:03', '2026-02-24 11:26:03'),
(2269, 2, 247, 3, 'ABSENT', '2026-02-24 11:26:03', '2026-02-24 11:26:03'),
(2270, 2, 247, 4, 'ABSENT', '2026-02-24 11:26:03', '2026-02-24 11:26:03'),
(2271, 2, 247, 5, 'ABSENT', '2026-02-24 11:26:03', '2026-02-24 11:26:03'),
(2272, 2, 247, 6, 'PRESENT', '2026-02-24 11:26:03', '2026-02-24 11:26:03'),
(2273, 2, 247, 7, 'PRESENT', '2026-02-24 11:26:03', '2026-02-24 11:26:03'),
(2274, 2, 247, 8, 'ABSENT', '2026-02-24 11:26:03', '2026-02-24 11:26:03'),
(2275, 2, 247, 9, 'PRESENT', '2026-02-24 11:26:03', '2026-02-24 11:26:03'),
(2276, 2, 247, 10, 'PRESENT', '2026-02-24 11:26:03', '2026-02-24 11:26:03'),
(2277, 2, 247, 11, 'PRESENT', '2026-02-24 11:26:03', '2026-02-24 11:26:03'),
(2278, 2, 247, 12, 'PRESENT', '2026-02-24 11:26:03', '2026-02-24 11:26:03'),
(2279, 2, 247, 13, 'ABSENT', '2026-02-24 11:26:03', '2026-02-24 11:26:03'),
(2280, 2, 247, 14, 'PRESENT', '2026-02-24 11:26:03', '2026-02-24 11:26:03'),
(2281, 2, 247, 15, 'PRESENT', '2026-02-24 11:26:03', '2026-02-24 11:26:03'),
(2282, 2, 247, 16, 'PRESENT', '2026-02-24 11:26:03', '2026-02-24 11:26:03'),
(2283, 2, 247, 17, 'ABSENT', '2026-02-24 11:26:03', '2026-02-24 11:26:03'),
(2284, 2, 247, 18, 'ABSENT', '2026-02-24 11:26:03', '2026-02-24 11:26:03'),
(2285, 2, 247, 19, 'PRESENT', '2026-02-24 11:26:03', '2026-02-24 11:26:03'),
(2286, 2, 247, 20, 'PRESENT', '2026-02-24 11:26:03', '2026-02-24 11:26:03'),
(2287, 2, 247, 21, 'PRESENT', '2026-02-24 11:26:03', '2026-02-24 11:26:03'),
(2288, 2, 247, 22, 'ABSENT', '2026-02-24 11:26:03', '2026-02-24 11:26:03'),
(2289, 2, 247, 23, 'ABSENT', '2026-02-24 11:26:03', '2026-02-24 11:26:03'),
(2290, 2, 247, 24, 'PRESENT', '2026-02-24 11:26:03', '2026-02-24 11:26:03'),
(2291, 2, 247, 25, 'ABSENT', '2026-02-24 11:26:03', '2026-02-24 11:26:03'),
(2292, 2, 247, 26, 'PRESENT', '2026-02-24 11:26:03', '2026-02-24 11:26:03'),
(2293, 2, 247, 27, 'ABSENT', '2026-02-24 11:26:03', '2026-02-24 11:26:03'),
(2294, 2, 247, 28, 'ABSENT', '2026-02-24 11:26:03', '2026-02-24 11:26:03'),
(2295, 2, 247, 29, 'ABSENT', '2026-02-24 11:26:03', '2026-02-24 11:26:03'),
(2296, 2, 137, 1, 'PRESENT', '2026-02-24 11:34:18', '2026-02-24 11:34:18'),
(2297, 2, 137, 3, 'PRESENT', '2026-02-24 11:34:19', '2026-02-24 11:34:19'),
(2298, 2, 137, 4, 'PRESENT', '2026-02-24 11:34:19', '2026-02-24 11:34:19'),
(2299, 2, 137, 5, 'PRESENT', '2026-02-24 11:34:19', '2026-02-24 11:34:19'),
(2300, 2, 137, 6, 'PRESENT', '2026-02-24 11:34:19', '2026-02-24 11:34:19'),
(2301, 2, 137, 7, 'PRESENT', '2026-02-24 11:34:20', '2026-02-24 11:34:20'),
(2302, 2, 137, 8, 'PRESENT', '2026-02-24 11:34:20', '2026-02-24 11:34:20'),
(2303, 2, 137, 2, 'ABSENT', '2026-02-24 11:34:20', '2026-02-24 11:34:20'),
(2304, 2, 137, 9, 'PRESENT', '2026-02-24 11:34:20', '2026-02-24 11:34:20'),
(2305, 2, 137, 10, 'PRESENT', '2026-02-24 11:34:20', '2026-02-24 11:34:20'),
(2306, 2, 137, 11, 'PRESENT', '2026-02-24 11:34:21', '2026-02-24 11:34:21'),
(2307, 2, 137, 12, 'PRESENT', '2026-02-24 11:34:21', '2026-02-24 11:34:21'),
(2308, 2, 137, 13, 'PRESENT', '2026-02-24 11:34:21', '2026-02-24 11:34:21'),
(2309, 2, 137, 14, 'PRESENT', '2026-02-24 11:34:21', '2026-02-24 11:34:21'),
(2310, 2, 137, 15, 'PRESENT', '2026-02-24 11:34:21', '2026-02-24 11:34:21'),
(2311, 2, 137, 16, 'PRESENT', '2026-02-24 11:34:22', '2026-02-24 11:34:22'),
(2312, 2, 137, 17, 'PRESENT', '2026-02-24 11:34:22', '2026-02-24 11:34:22'),
(2313, 2, 137, 18, 'PRESENT', '2026-02-24 11:34:22', '2026-02-24 11:34:22'),
(2314, 2, 137, 19, 'PRESENT', '2026-02-24 11:34:22', '2026-02-24 11:34:22'),
(2315, 2, 137, 20, 'PRESENT', '2026-02-24 11:34:22', '2026-02-24 11:34:22'),
(2316, 2, 137, 21, 'PRESENT', '2026-02-24 11:34:23', '2026-02-24 11:34:23'),
(2317, 2, 137, 22, 'ABSENT', '2026-02-24 11:34:23', '2026-02-24 11:34:23'),
(2318, 2, 137, 23, 'PRESENT', '2026-02-24 11:34:23', '2026-02-24 11:34:23'),
(2319, 2, 137, 24, 'PRESENT', '2026-02-24 11:34:23', '2026-02-24 11:34:23'),
(2320, 2, 137, 25, 'PRESENT', '2026-02-24 11:34:24', '2026-02-24 11:34:24'),
(2321, 2, 137, 26, 'PRESENT', '2026-02-24 11:34:24', '2026-02-24 11:34:24'),
(2322, 2, 137, 27, 'PRESENT', '2026-02-24 11:34:24', '2026-02-24 11:34:24'),
(2323, 2, 137, 28, 'PRESENT', '2026-02-24 11:34:24', '2026-02-24 11:34:24'),
(2324, 2, 137, 29, 'ABSENT', '2026-02-24 11:34:24', '2026-02-24 11:35:34'),
(2325, 2, 258, 1, 'PRESENT', '2026-02-24 11:34:27', '2026-02-24 11:34:40'),
(2326, 2, 258, 3, 'PRESENT', '2026-02-24 11:34:27', '2026-02-24 11:34:40'),
(2327, 2, 258, 4, 'PRESENT', '2026-02-24 11:34:27', '2026-02-24 11:34:40'),
(2328, 2, 258, 5, 'PRESENT', '2026-02-24 11:34:27', '2026-02-24 11:34:40'),
(2329, 2, 258, 6, 'PRESENT', '2026-02-24 11:34:27', '2026-02-24 11:34:40'),
(2330, 2, 258, 7, 'PRESENT', '2026-02-24 11:34:27', '2026-02-24 11:34:40'),
(2331, 2, 258, 8, 'PRESENT', '2026-02-24 11:34:27', '2026-02-24 11:34:40'),
(2332, 2, 258, 2, 'ABSENT', '2026-02-24 11:34:27', '2026-02-24 11:34:40'),
(2333, 2, 258, 9, 'PRESENT', '2026-02-24 11:34:27', '2026-02-24 11:34:40'),
(2334, 2, 258, 10, 'PRESENT', '2026-02-24 11:34:27', '2026-02-24 11:34:40'),
(2335, 2, 258, 11, 'PRESENT', '2026-02-24 11:34:27', '2026-02-24 11:34:40'),
(2336, 2, 258, 12, 'PRESENT', '2026-02-24 11:34:27', '2026-02-24 11:34:40'),
(2337, 2, 258, 13, 'PRESENT', '2026-02-24 11:34:27', '2026-02-24 11:34:40'),
(2338, 2, 258, 14, 'PRESENT', '2026-02-24 11:34:27', '2026-02-24 11:34:40'),
(2339, 2, 258, 15, 'PRESENT', '2026-02-24 11:34:27', '2026-02-24 11:34:40'),
(2340, 2, 258, 16, 'PRESENT', '2026-02-24 11:34:27', '2026-02-24 11:34:40'),
(2341, 2, 258, 17, 'PRESENT', '2026-02-24 11:34:27', '2026-02-24 11:34:40'),
(2342, 2, 258, 18, 'PRESENT', '2026-02-24 11:34:27', '2026-02-24 11:34:40'),
(2343, 2, 258, 19, 'PRESENT', '2026-02-24 11:34:27', '2026-02-24 11:34:40'),
(2344, 2, 258, 20, 'PRESENT', '2026-02-24 11:34:27', '2026-02-24 11:34:40'),
(2345, 2, 258, 21, 'PRESENT', '2026-02-24 11:34:27', '2026-02-24 11:34:40'),
(2346, 2, 258, 22, 'ABSENT', '2026-02-24 11:34:27', '2026-02-24 11:34:40'),
(2347, 2, 258, 23, 'PRESENT', '2026-02-24 11:34:27', '2026-02-24 11:34:40'),
(2348, 2, 258, 24, 'PRESENT', '2026-02-24 11:34:27', '2026-02-24 11:34:40'),
(2349, 2, 258, 25, 'PRESENT', '2026-02-24 11:34:27', '2026-02-24 11:34:40'),
(2350, 2, 258, 26, 'PRESENT', '2026-02-24 11:34:27', '2026-02-24 11:34:40'),
(2351, 2, 258, 27, 'PRESENT', '2026-02-24 11:34:27', '2026-02-24 11:34:40'),
(2352, 2, 258, 28, 'PRESENT', '2026-02-24 11:34:27', '2026-02-24 11:34:40'),
(2353, 2, 258, 29, 'PRESENT', '2026-02-24 11:34:27', '2026-02-24 11:34:40'),
(2383, 2, 138, 1, 'PRESENT', '2026-02-24 11:35:19', '2026-02-24 11:35:19'),
(2384, 2, 138, 2, 'ABSENT', '2026-02-24 11:35:20', '2026-02-24 11:35:20'),
(2385, 2, 138, 3, 'PRESENT', '2026-02-24 11:35:20', '2026-02-24 11:35:20'),
(2386, 2, 138, 4, 'PRESENT', '2026-02-24 11:35:20', '2026-02-24 11:35:20'),
(2387, 2, 138, 5, 'PRESENT', '2026-02-24 11:35:20', '2026-02-24 11:35:20'),
(2388, 2, 138, 6, 'PRESENT', '2026-02-24 11:35:20', '2026-02-24 11:35:20'),
(2389, 2, 138, 7, 'PRESENT', '2026-02-24 11:35:21', '2026-02-24 11:35:21'),
(2390, 2, 138, 8, 'PRESENT', '2026-02-24 11:35:21', '2026-02-24 11:35:21'),
(2391, 2, 138, 9, 'PRESENT', '2026-02-24 11:35:21', '2026-02-24 11:35:21'),
(2392, 2, 138, 10, 'PRESENT', '2026-02-24 11:35:21', '2026-02-24 11:35:21'),
(2393, 2, 138, 11, 'PRESENT', '2026-02-24 11:35:21', '2026-02-24 11:35:21'),
(2394, 2, 138, 12, 'PRESENT', '2026-02-24 11:35:22', '2026-02-24 11:35:22'),
(2395, 2, 138, 13, 'PRESENT', '2026-02-24 11:35:22', '2026-02-24 11:35:22'),
(2396, 2, 138, 14, 'PRESENT', '2026-02-24 11:35:22', '2026-02-24 11:35:22'),
(2397, 2, 138, 15, 'PRESENT', '2026-02-24 11:35:22', '2026-02-24 11:35:22'),
(2398, 2, 138, 16, 'PRESENT', '2026-02-24 11:35:22', '2026-02-24 11:35:22'),
(2399, 2, 138, 17, 'PRESENT', '2026-02-24 11:35:22', '2026-02-24 11:35:22'),
(2400, 2, 138, 18, 'PRESENT', '2026-02-24 11:35:23', '2026-02-24 11:35:23'),
(2401, 2, 138, 19, 'PRESENT', '2026-02-24 11:35:23', '2026-02-24 11:35:23'),
(2402, 2, 138, 20, 'PRESENT', '2026-02-24 11:35:23', '2026-02-24 11:35:23'),
(2403, 2, 138, 21, 'PRESENT', '2026-02-24 11:35:23', '2026-02-24 11:35:23'),
(2404, 2, 138, 22, 'ABSENT', '2026-02-24 11:35:23', '2026-02-24 11:35:23'),
(2405, 2, 138, 23, 'PRESENT', '2026-02-24 11:35:24', '2026-02-24 11:35:24'),
(2406, 2, 138, 24, 'PRESENT', '2026-02-24 11:35:24', '2026-02-24 11:35:24'),
(2407, 2, 138, 25, 'PRESENT', '2026-02-24 11:35:24', '2026-02-24 11:35:24'),
(2408, 2, 138, 26, 'PRESENT', '2026-02-24 11:35:24', '2026-02-24 11:35:24'),
(2409, 2, 138, 27, 'PRESENT', '2026-02-24 11:35:24', '2026-02-24 11:35:24'),
(2410, 2, 138, 28, 'PRESENT', '2026-02-24 11:35:24', '2026-02-24 11:35:24'),
(2411, 2, 138, 29, 'ABSENT', '2026-02-24 11:35:25', '2026-02-24 11:35:25'),
(2414, 2, 248, 2, 'ABSENT', '2026-02-25 09:21:40', '2026-02-25 09:21:40'),
(2417, 2, 248, 5, 'ABSENT', '2026-02-25 09:21:40', '2026-02-25 09:21:40'),
(2429, 2, 248, 17, 'ABSENT', '2026-02-25 09:21:43', '2026-02-25 09:21:43'),
(2434, 2, 248, 22, 'ABSENT', '2026-02-25 09:21:44', '2026-02-25 09:21:44'),
(2435, 2, 248, 23, 'ABSENT', '2026-02-25 09:21:44', '2026-02-25 09:21:44'),
(2439, 2, 248, 27, 'ABSENT', '2026-02-25 09:21:45', '2026-02-25 09:21:45'),
(2440, 2, 248, 28, 'ABSENT', '2026-02-25 09:21:45', '2026-02-25 09:21:45'),
(2441, 2, 248, 29, 'ABSENT', '2026-02-25 09:21:45', '2026-02-25 09:21:45'),
(2442, 2, 185, 1, 'ABSENT', '2026-02-25 09:46:40', '2026-02-25 09:46:49'),
(2443, 2, 185, 2, 'ABSENT', '2026-02-25 09:46:41', '2026-02-25 09:46:50'),
(2444, 2, 185, 3, 'ABSENT', '2026-02-25 09:46:42', '2026-02-25 09:46:51'),
(2445, 2, 185, 4, 'ABSENT', '2026-02-25 09:46:43', '2026-02-25 09:46:51'),
(2446, 2, 185, 5, 'ABSENT', '2026-02-25 09:46:44', '2026-02-25 09:46:52'),
(2447, 2, 185, 6, 'PRESENT', '2026-02-25 09:46:45', '2026-02-25 09:46:53'),
(2448, 2, 185, 7, 'ABSENT', '2026-02-25 09:46:45', '2026-02-25 09:46:54'),
(2449, 2, 185, 8, 'ABSENT', '2026-02-25 09:46:46', '2026-02-25 09:46:55');

INSERT INTO `attendance_records` (`attendance_id`, `term_id`, `schedule_id`, `student_id`, `status`, `created_at`, `updated_at`) VALUES
(2450, 2, 185, 9, 'PRESENT', '2026-02-25 09:46:47', '2026-02-25 09:46:56'),
(2451, 2, 185, 10, 'PRESENT', '2026-02-25 09:46:48', '2026-02-25 09:46:57'),
(2453, 2, 185, 11, 'PRESENT', '2026-02-25 09:46:49', '2026-02-25 09:46:59'),
(2455, 2, 185, 12, 'ABSENT', '2026-02-25 09:46:50', '2026-02-25 09:46:59'),
(2457, 2, 185, 13, 'PRESENT', '2026-02-25 09:46:51', '2026-02-25 09:47:00'),
(2459, 2, 185, 14, 'PRESENT', '2026-02-25 09:46:52', '2026-02-25 09:47:01'),
(2461, 2, 185, 15, 'PRESENT', '2026-02-25 09:46:53', '2026-02-25 09:47:02'),
(2463, 2, 185, 16, 'PRESENT', '2026-02-25 09:46:54', '2026-02-25 09:47:03'),
(2465, 2, 185, 17, 'ABSENT', '2026-02-25 09:46:55', '2026-02-25 09:47:04'),
(2467, 2, 185, 18, 'PRESENT', '2026-02-25 09:46:56', '2026-02-25 09:47:05'),
(2469, 2, 185, 19, 'PRESENT', '2026-02-25 09:46:57', '2026-02-25 09:47:06'),
(2471, 2, 185, 20, 'PRESENT', '2026-02-25 09:46:58', '2026-02-25 09:47:07'),
(2473, 2, 185, 21, 'PRESENT', '2026-02-25 09:46:59', '2026-02-25 09:47:08'),
(2475, 2, 185, 22, 'PRESENT', '2026-02-25 09:47:00', '2026-02-25 09:47:09'),
(2477, 2, 185, 23, 'ABSENT', '2026-02-25 09:47:01', '2026-02-25 09:47:10'),
(2479, 2, 185, 24, 'ABSENT', '2026-02-25 09:47:02', '2026-02-25 09:47:11'),
(2481, 2, 185, 25, 'PRESENT', '2026-02-25 09:47:03', '2026-02-25 09:47:12'),
(2483, 2, 185, 26, 'ABSENT', '2026-02-25 09:47:04', '2026-02-25 09:47:13'),
(2485, 2, 185, 27, 'ABSENT', '2026-02-25 09:47:05', '2026-02-25 09:47:14'),
(2487, 2, 185, 28, 'PRESENT', '2026-02-25 09:47:06', '2026-02-25 09:47:15'),
(2489, 2, 185, 29, 'ABSENT', '2026-02-25 09:47:07', '2026-02-25 09:47:16'),
(2500, 2, 186, 1, 'ABSENT', '2026-02-25 09:49:46', '2026-02-25 09:49:46'),
(2501, 2, 186, 2, 'PRESENT', '2026-02-25 09:49:47', '2026-02-25 09:49:47'),
(2502, 2, 186, 3, 'PRESENT', '2026-02-25 09:49:48', '2026-02-25 09:49:48'),
(2503, 2, 186, 4, 'PRESENT', '2026-02-25 09:49:49', '2026-02-25 09:49:49'),
(2504, 2, 186, 5, 'PRESENT', '2026-02-25 09:49:50', '2026-02-25 09:49:50'),
(2505, 2, 186, 6, 'PRESENT', '2026-02-25 09:49:51', '2026-02-25 09:49:51'),
(2506, 2, 186, 7, 'ABSENT', '2026-02-25 09:49:52', '2026-02-25 09:49:52'),
(2507, 2, 186, 8, 'PRESENT', '2026-02-25 09:49:53', '2026-02-25 09:49:53'),
(2508, 2, 186, 9, 'PRESENT', '2026-02-25 09:49:53', '2026-02-25 09:49:53'),
(2509, 2, 186, 10, 'PRESENT', '2026-02-25 09:49:54', '2026-02-25 09:49:54'),
(2510, 2, 186, 11, 'PRESENT', '2026-02-25 09:49:55', '2026-02-25 09:49:55'),
(2511, 2, 186, 12, 'PRESENT', '2026-02-25 09:49:56', '2026-02-25 09:49:56'),
(2512, 2, 186, 13, 'PRESENT', '2026-02-25 09:49:57', '2026-02-25 09:49:57'),
(2513, 2, 186, 14, 'PRESENT', '2026-02-25 09:49:59', '2026-02-25 09:49:59'),
(2514, 2, 186, 15, 'PRESENT', '2026-02-25 09:49:59', '2026-02-25 09:49:59'),
(2515, 2, 186, 16, 'PRESENT', '2026-02-25 09:50:00', '2026-02-25 09:50:00'),
(2516, 2, 186, 17, 'ABSENT', '2026-02-25 09:50:01', '2026-02-25 09:50:01'),
(2517, 2, 186, 18, 'PRESENT', '2026-02-25 09:50:02', '2026-02-25 09:50:02'),
(2518, 2, 186, 19, 'PRESENT', '2026-02-25 09:50:03', '2026-02-25 09:50:03'),
(2519, 2, 186, 20, 'PRESENT', '2026-02-25 09:50:04', '2026-02-25 09:50:04'),
(2520, 2, 186, 21, 'PRESENT', '2026-02-25 09:50:05', '2026-02-25 09:50:05'),
(2521, 2, 186, 22, 'PRESENT', '2026-02-25 09:50:06', '2026-02-25 09:50:06'),
(2522, 2, 186, 23, 'ABSENT', '2026-02-25 09:50:07', '2026-02-25 09:50:07'),
(2523, 2, 186, 24, 'ABSENT', '2026-02-25 09:50:08', '2026-02-25 09:50:08'),
(2524, 2, 186, 25, 'PRESENT', '2026-02-25 09:50:09', '2026-02-25 09:50:09'),
(2525, 2, 186, 26, 'PRESENT', '2026-02-25 09:50:10', '2026-02-25 09:50:10'),
(2526, 2, 186, 27, 'PRESENT', '2026-02-25 09:50:11', '2026-02-25 09:50:11'),
(2527, 2, 186, 28, 'PRESENT', '2026-02-25 09:50:12', '2026-02-25 09:50:12'),
(2528, 2, 186, 29, 'ABSENT', '2026-02-25 09:50:13', '2026-02-25 09:50:13'),
(2529, 2, 230, 1, 'ABSENT', '2026-02-25 09:52:46', '2026-02-25 09:52:46'),
(2530, 2, 230, 2, 'PRESENT', '2026-02-25 09:52:47', '2026-02-25 09:52:47'),
(2531, 2, 230, 3, 'PRESENT', '2026-02-25 09:52:48', '2026-02-25 09:52:48'),
(2532, 2, 230, 4, 'ABSENT', '2026-02-25 09:52:49', '2026-02-25 09:52:49'),
(2533, 2, 230, 5, 'ABSENT', '2026-02-25 09:52:50', '2026-02-25 09:52:50'),
(2534, 2, 230, 6, 'PRESENT', '2026-02-25 09:52:51', '2026-02-25 09:52:51'),
(2535, 2, 230, 7, 'ABSENT', '2026-02-25 09:52:52', '2026-02-25 09:52:52'),
(2536, 2, 230, 8, 'ABSENT', '2026-02-25 09:52:53', '2026-02-25 09:52:53'),
(2537, 2, 230, 9, 'PRESENT', '2026-02-25 09:52:54', '2026-02-25 09:52:54'),
(2538, 2, 230, 10, 'ABSENT', '2026-02-25 09:52:54', '2026-02-25 09:52:54'),
(2539, 2, 230, 11, 'ABSENT', '2026-02-25 09:52:55', '2026-02-25 09:52:55'),
(2540, 2, 230, 12, 'ABSENT', '2026-02-25 09:52:56', '2026-02-25 09:52:56'),
(2541, 2, 230, 13, 'PRESENT', '2026-02-25 09:52:57', '2026-02-25 09:52:57'),
(2542, 2, 230, 14, 'PRESENT', '2026-02-25 09:52:59', '2026-02-25 09:52:59'),
(2543, 2, 230, 15, 'PRESENT', '2026-02-25 09:52:59', '2026-02-25 09:52:59'),
(2544, 2, 230, 16, 'PRESENT', '2026-02-25 09:53:00', '2026-02-25 09:53:00'),
(2545, 2, 230, 17, 'ABSENT', '2026-02-25 09:53:01', '2026-02-25 09:53:01'),
(2546, 2, 230, 18, 'PRESENT', '2026-02-25 09:53:02', '2026-02-25 09:53:02'),
(2547, 2, 230, 19, 'PRESENT', '2026-02-25 09:53:03', '2026-02-25 09:53:03'),
(2548, 2, 230, 20, 'ABSENT', '2026-02-25 09:53:04', '2026-02-25 09:53:04'),
(2549, 2, 230, 21, 'PRESENT', '2026-02-25 09:53:05', '2026-02-25 09:53:05'),
(2550, 2, 230, 22, 'ABSENT', '2026-02-25 09:53:06', '2026-02-25 09:53:06'),
(2551, 2, 230, 23, 'ABSENT', '2026-02-25 09:53:07', '2026-02-25 09:53:07'),
(2552, 2, 230, 24, 'PRESENT', '2026-02-25 09:53:08', '2026-02-25 09:53:08'),
(2553, 2, 230, 25, 'PRESENT', '2026-02-25 09:53:08', '2026-02-25 09:53:08'),
(2554, 2, 230, 26, 'ABSENT', '2026-02-25 09:53:09', '2026-02-25 09:53:09'),
(2555, 2, 230, 27, 'ABSENT', '2026-02-25 09:53:10', '2026-02-25 09:53:10'),
(2556, 2, 230, 28, 'ABSENT', '2026-02-25 09:53:12', '2026-02-25 09:53:12'),
(2557, 2, 230, 29, 'ABSENT', '2026-02-25 09:53:12', '2026-02-25 09:53:12'),
(2558, 2, 231, 1, 'ABSENT', '2026-02-25 09:55:05', '2026-02-25 10:49:30'),
(2559, 2, 231, 2, 'ABSENT', '2026-02-25 09:55:06', '2026-02-25 10:49:31'),
(2560, 2, 231, 3, 'ABSENT', '2026-02-25 09:55:07', '2026-02-25 10:49:32'),
(2561, 2, 231, 4, 'ABSENT', '2026-02-25 09:55:08', '2026-02-25 10:49:33'),
(2562, 2, 231, 5, 'ABSENT', '2026-02-25 09:55:08', '2026-02-25 10:49:33'),
(2563, 2, 231, 6, 'ABSENT', '2026-02-25 09:55:09', '2026-02-25 10:49:34'),
(2564, 2, 231, 7, 'ABSENT', '2026-02-25 09:55:10', '2026-02-25 10:49:35'),
(2565, 2, 231, 8, 'ABSENT', '2026-02-25 09:55:11', '2026-02-25 10:49:36'),
(2566, 2, 231, 9, 'ABSENT', '2026-02-25 09:55:12', '2026-02-25 10:49:37'),
(2567, 2, 231, 10, 'ABSENT', '2026-02-25 09:55:13', '2026-02-25 10:49:38'),
(2568, 2, 231, 11, 'ABSENT', '2026-02-25 09:55:14', '2026-02-25 10:49:39'),
(2569, 2, 231, 12, 'ABSENT', '2026-02-25 09:55:15', '2026-02-25 10:49:40'),
(2570, 2, 231, 13, 'PRESENT', '2026-02-25 09:55:16', '2026-02-25 10:49:41'),
(2571, 2, 231, 14, 'ABSENT', '2026-02-25 09:55:17', '2026-02-25 10:49:41'),
(2572, 2, 231, 15, 'PRESENT', '2026-02-25 09:55:17', '2026-02-25 10:49:42'),
(2573, 2, 231, 16, 'PRESENT', '2026-02-25 09:55:18', '2026-02-25 10:49:43'),
(2574, 2, 231, 17, 'ABSENT', '2026-02-25 09:55:19', '2026-02-25 10:49:44'),
(2575, 2, 231, 18, 'ABSENT', '2026-02-25 09:55:20', '2026-02-25 10:49:45'),
(2576, 2, 231, 19, 'ABSENT', '2026-02-25 09:55:21', '2026-02-25 10:49:46'),
(2577, 2, 231, 20, 'ABSENT', '2026-02-25 09:55:22', '2026-02-25 10:49:47'),
(2578, 2, 231, 21, 'ABSENT', '2026-02-25 09:55:23', '2026-02-25 10:49:48'),
(2579, 2, 231, 22, 'ABSENT', '2026-02-25 09:55:24', '2026-02-25 10:49:49'),
(2580, 2, 231, 23, 'ABSENT', '2026-02-25 09:55:25', '2026-02-25 10:49:50'),
(2581, 2, 231, 24, 'ABSENT', '2026-02-25 09:55:26', '2026-02-25 10:49:51'),
(2582, 2, 231, 25, 'ABSENT', '2026-02-25 09:55:27', '2026-02-25 10:49:52'),
(2583, 2, 231, 26, 'ABSENT', '2026-02-25 09:55:27', '2026-02-25 10:49:53'),
(2584, 2, 231, 27, 'ABSENT', '2026-02-25 09:55:29', '2026-02-25 10:49:54'),
(2585, 2, 231, 28, 'ABSENT', '2026-02-25 09:55:30', '2026-02-25 10:49:55'),
(2586, 2, 231, 29, 'ABSENT', '2026-02-25 09:55:31', '2026-02-25 10:49:56'),
(2587, 2, 188, 1, 'PRESENT', '2026-02-25 09:57:38', '2026-02-25 09:57:38'),
(2588, 2, 188, 2, 'ABSENT', '2026-02-25 09:57:39', '2026-02-25 09:57:39'),
(2589, 2, 188, 3, 'PRESENT', '2026-02-25 09:57:40', '2026-02-25 09:57:40'),
(2590, 2, 188, 4, 'ABSENT', '2026-02-25 09:57:41', '2026-02-25 09:57:41'),
(2591, 2, 188, 5, 'ABSENT', '2026-02-25 09:57:42', '2026-02-25 09:57:42'),
(2592, 2, 188, 6, 'PRESENT', '2026-02-25 09:57:43', '2026-02-25 09:57:43'),
(2593, 2, 188, 7, 'PRESENT', '2026-02-25 09:57:44', '2026-02-25 09:57:44'),
(2594, 2, 188, 8, 'ABSENT', '2026-02-25 09:57:45', '2026-02-25 09:57:45'),
(2595, 2, 188, 9, 'PRESENT', '2026-02-25 09:57:46', '2026-02-25 09:57:46'),
(2596, 2, 188, 10, 'PRESENT', '2026-02-25 09:57:47', '2026-02-25 09:57:47'),
(2597, 2, 188, 11, 'ABSENT', '2026-02-25 09:57:48', '2026-02-25 09:57:48'),
(2598, 2, 188, 12, 'PRESENT', '2026-02-25 09:57:49', '2026-02-25 09:57:49'),
(2599, 2, 188, 13, 'PRESENT', '2026-02-25 09:57:49', '2026-02-25 09:57:49'),
(2600, 2, 188, 14, 'ABSENT', '2026-02-25 09:57:50', '2026-02-25 09:57:50'),
(2601, 2, 188, 15, 'PRESENT', '2026-02-25 09:57:51', '2026-02-25 09:57:51'),
(2602, 2, 188, 16, 'PRESENT', '2026-02-25 09:57:52', '2026-02-25 09:57:52'),
(2603, 2, 188, 17, 'ABSENT', '2026-02-25 09:57:53', '2026-02-25 09:57:53'),
(2604, 2, 188, 18, 'PRESENT', '2026-02-25 09:57:54', '2026-02-25 09:57:54'),
(2605, 2, 188, 19, 'PRESENT', '2026-02-25 09:57:55', '2026-02-25 09:57:55'),
(2606, 2, 188, 20, 'PRESENT', '2026-02-25 09:57:56', '2026-02-25 09:57:56'),
(2607, 2, 188, 21, 'PRESENT', '2026-02-25 09:57:57', '2026-02-25 09:57:57'),
(2608, 2, 188, 22, 'ABSENT', '2026-02-25 09:57:58', '2026-02-25 09:57:58'),
(2609, 2, 188, 23, 'ABSENT', '2026-02-25 09:57:59', '2026-02-25 09:57:59'),
(2610, 2, 188, 24, 'ABSENT', '2026-02-25 09:58:00', '2026-02-25 09:58:00'),
(2611, 2, 188, 25, 'ABSENT', '2026-02-25 09:58:01', '2026-02-25 09:58:01'),
(2612, 2, 188, 26, 'ABSENT', '2026-02-25 09:58:01', '2026-02-25 09:58:01'),
(2613, 2, 188, 27, 'PRESENT', '2026-02-25 09:58:02', '2026-02-25 09:58:02'),
(2614, 2, 188, 28, 'ABSENT', '2026-02-25 09:58:03', '2026-02-25 09:58:03'),
(2615, 2, 188, 29, 'ABSENT', '2026-02-25 09:58:04', '2026-02-25 09:58:04'),
(2616, 2, 189, 1, 'PRESENT', '2026-02-25 09:59:14', '2026-02-25 09:59:14'),
(2617, 2, 189, 2, 'ABSENT', '2026-02-25 09:59:14', '2026-02-25 09:59:14'),
(2618, 2, 189, 3, 'PRESENT', '2026-02-25 09:59:15', '2026-02-25 09:59:15'),
(2619, 2, 189, 4, 'ABSENT', '2026-02-25 09:59:16', '2026-02-25 09:59:16'),
(2620, 2, 189, 5, 'ABSENT', '2026-02-25 09:59:17', '2026-02-25 09:59:17'),
(2621, 2, 189, 6, 'PRESENT', '2026-02-25 09:59:18', '2026-02-25 09:59:18'),
(2622, 2, 189, 7, 'PRESENT', '2026-02-25 09:59:19', '2026-02-25 09:59:19'),
(2623, 2, 189, 8, 'ABSENT', '2026-02-25 09:59:20', '2026-02-25 09:59:20'),
(2624, 2, 189, 9, 'PRESENT', '2026-02-25 09:59:21', '2026-02-25 09:59:21'),
(2625, 2, 189, 10, 'PRESENT', '2026-02-25 09:59:22', '2026-02-25 09:59:22'),
(2626, 2, 189, 11, 'ABSENT', '2026-02-25 09:59:23', '2026-02-25 09:59:23'),
(2627, 2, 189, 12, 'PRESENT', '2026-02-25 09:59:24', '2026-02-25 09:59:24'),
(2628, 2, 189, 13, 'PRESENT', '2026-02-25 09:59:24', '2026-02-25 09:59:24'),
(2629, 2, 189, 14, 'ABSENT', '2026-02-25 09:59:25', '2026-02-25 09:59:25'),
(2630, 2, 189, 15, 'PRESENT', '2026-02-25 09:59:26', '2026-02-25 09:59:26'),
(2631, 2, 189, 16, 'PRESENT', '2026-02-25 09:59:27', '2026-02-25 09:59:27'),
(2632, 2, 189, 17, 'ABSENT', '2026-02-25 09:59:28', '2026-02-25 09:59:28'),
(2633, 2, 189, 18, 'PRESENT', '2026-02-25 09:59:29', '2026-02-25 09:59:29'),
(2634, 2, 189, 19, 'PRESENT', '2026-02-25 09:59:30', '2026-02-25 09:59:30'),
(2635, 2, 189, 20, 'PRESENT', '2026-02-25 09:59:31', '2026-02-25 09:59:31'),
(2636, 2, 189, 21, 'PRESENT', '2026-02-25 09:59:32', '2026-02-25 09:59:32'),
(2637, 2, 189, 22, 'ABSENT', '2026-02-25 09:59:33', '2026-02-25 09:59:33'),
(2638, 2, 189, 23, 'ABSENT', '2026-02-25 09:59:34', '2026-02-25 09:59:34'),
(2639, 2, 189, 24, 'ABSENT', '2026-02-25 09:59:35', '2026-02-25 09:59:35'),
(2640, 2, 189, 25, 'ABSENT', '2026-02-25 09:59:36', '2026-02-25 09:59:36'),
(2641, 2, 189, 26, 'ABSENT', '2026-02-25 09:59:37', '2026-02-25 09:59:37'),
(2642, 2, 189, 27, 'PRESENT', '2026-02-25 09:59:38', '2026-02-25 09:59:38'),
(2643, 2, 189, 28, 'ABSENT', '2026-02-25 09:59:39', '2026-02-25 09:59:39'),
(2644, 2, 189, 29, 'ABSENT', '2026-02-25 09:59:40', '2026-02-25 09:59:40'),
(2674, 2, 233, 1, 'PRESENT', '2026-02-25 10:03:11', '2026-02-25 10:03:11'),
(2675, 2, 233, 2, 'ABSENT', '2026-02-25 10:03:12', '2026-02-25 10:03:12'),
(2676, 2, 233, 3, 'PRESENT', '2026-02-25 10:03:13', '2026-02-25 10:03:13'),
(2677, 2, 233, 4, 'ABSENT', '2026-02-25 10:03:14', '2026-02-25 10:03:14'),
(2678, 2, 233, 5, 'ABSENT', '2026-02-25 10:03:15', '2026-02-25 10:03:15'),
(2679, 2, 233, 6, 'PRESENT', '2026-02-25 10:03:16', '2026-02-25 10:03:16'),
(2680, 2, 233, 7, 'ABSENT', '2026-02-25 10:03:17', '2026-02-25 10:03:17'),
(2681, 2, 233, 8, 'ABSENT', '2026-02-25 10:03:18', '2026-02-25 10:03:18'),
(2682, 2, 233, 9, 'PRESENT', '2026-02-25 10:03:19', '2026-02-25 10:03:19'),
(2683, 2, 233, 10, 'PRESENT', '2026-02-25 10:03:19', '2026-02-25 10:03:19'),
(2684, 2, 233, 11, 'ABSENT', '2026-02-25 10:03:20', '2026-02-25 10:03:20'),
(2685, 2, 233, 12, 'PRESENT', '2026-02-25 10:03:21', '2026-02-25 10:03:21'),
(2686, 2, 233, 13, 'PRESENT', '2026-02-25 10:03:22', '2026-02-25 10:03:22'),
(2687, 2, 233, 14, 'ABSENT', '2026-02-25 10:03:23', '2026-02-25 10:03:23'),
(2688, 2, 233, 15, 'PRESENT', '2026-02-25 10:03:24', '2026-02-25 10:03:24'),
(2689, 2, 233, 16, 'PRESENT', '2026-02-25 10:03:25', '2026-02-25 10:03:25'),
(2690, 2, 233, 17, 'PRESENT', '2026-02-25 10:03:26', '2026-02-25 10:03:26'),
(2691, 2, 233, 18, 'PRESENT', '2026-02-25 10:03:27', '2026-02-25 10:03:27'),
(2692, 2, 233, 19, 'PRESENT', '2026-02-25 10:03:27', '2026-02-25 10:03:27'),
(2693, 2, 233, 20, 'PRESENT', '2026-02-25 10:03:29', '2026-02-25 10:03:29'),
(2694, 2, 233, 21, 'PRESENT', '2026-02-25 10:03:30', '2026-02-25 10:03:30'),
(2695, 2, 233, 22, 'PRESENT', '2026-02-25 10:03:30', '2026-02-25 10:03:30'),
(2696, 2, 233, 23, 'ABSENT', '2026-02-25 10:03:31', '2026-02-25 10:03:31'),
(2697, 2, 233, 24, 'ABSENT', '2026-02-25 10:03:32', '2026-02-25 10:03:32'),
(2698, 2, 233, 25, 'PRESENT', '2026-02-25 10:03:34', '2026-02-25 10:03:34'),
(2699, 2, 233, 26, 'ABSENT', '2026-02-25 10:03:34', '2026-02-25 10:03:34'),
(2700, 2, 233, 27, 'PRESENT', '2026-02-25 10:03:35', '2026-02-25 10:03:35'),
(2701, 2, 233, 28, 'ABSENT', '2026-02-25 10:03:36', '2026-02-25 10:03:36'),
(2702, 2, 233, 29, 'ABSENT', '2026-02-25 10:03:37', '2026-02-25 10:03:37'),
(2703, 2, 234, 1, 'PRESENT', '2026-02-25 10:05:27', '2026-02-25 10:05:27'),
(2704, 2, 234, 2, 'ABSENT', '2026-02-25 10:05:28', '2026-02-25 10:05:28'),
(2705, 2, 234, 3, 'PRESENT', '2026-02-25 10:05:29', '2026-02-25 10:05:29'),
(2706, 2, 234, 4, 'ABSENT', '2026-02-25 10:05:30', '2026-02-25 10:05:30'),
(2707, 2, 234, 5, 'ABSENT', '2026-02-25 10:05:31', '2026-02-25 10:05:31');

INSERT INTO `attendance_records` (`attendance_id`, `term_id`, `schedule_id`, `student_id`, `status`, `created_at`, `updated_at`) VALUES
(2708, 2, 234, 6, 'PRESENT', '2026-02-25 10:05:31', '2026-02-25 10:05:31'),
(2709, 2, 234, 7, 'ABSENT', '2026-02-25 10:05:33', '2026-02-25 10:05:33'),
(2710, 2, 234, 8, 'ABSENT', '2026-02-25 10:05:33', '2026-02-25 10:05:33'),
(2711, 2, 234, 9, 'PRESENT', '2026-02-25 10:05:34', '2026-02-25 10:05:34'),
(2712, 2, 234, 10, 'PRESENT', '2026-02-25 10:05:35', '2026-02-25 10:05:35'),
(2713, 2, 234, 11, 'ABSENT', '2026-02-25 10:05:36', '2026-02-25 10:05:36'),
(2714, 2, 234, 12, 'PRESENT', '2026-02-25 10:05:37', '2026-02-25 10:05:37'),
(2715, 2, 234, 13, 'PRESENT', '2026-02-25 10:05:38', '2026-02-25 10:05:38'),
(2716, 2, 234, 14, 'ABSENT', '2026-02-25 10:05:39', '2026-02-25 10:05:39'),
(2717, 2, 234, 15, 'PRESENT', '2026-02-25 10:05:40', '2026-02-25 10:05:40'),
(2718, 2, 234, 16, 'PRESENT', '2026-02-25 10:05:41', '2026-02-25 10:05:41'),
(2719, 2, 234, 17, 'PRESENT', '2026-02-25 10:05:42', '2026-02-25 10:05:42'),
(2720, 2, 234, 18, 'PRESENT', '2026-02-25 10:05:43', '2026-02-25 10:05:43'),
(2721, 2, 234, 19, 'PRESENT', '2026-02-25 10:05:44', '2026-02-25 10:05:44'),
(2722, 2, 234, 20, 'PRESENT', '2026-02-25 10:05:45', '2026-02-25 10:05:45'),
(2723, 2, 234, 21, 'PRESENT', '2026-02-25 10:05:46', '2026-02-25 10:05:46'),
(2724, 2, 234, 22, 'PRESENT', '2026-02-25 10:05:47', '2026-02-25 10:05:47'),
(2725, 2, 234, 23, 'ABSENT', '2026-02-25 10:05:48', '2026-02-25 10:05:48'),
(2726, 2, 234, 24, 'ABSENT', '2026-02-25 10:05:49', '2026-02-25 10:05:49'),
(2727, 2, 234, 25, 'PRESENT', '2026-02-25 10:05:49', '2026-02-25 10:05:49'),
(2728, 2, 234, 26, 'ABSENT', '2026-02-25 10:05:50', '2026-02-25 10:05:50'),
(2729, 2, 234, 27, 'PRESENT', '2026-02-25 10:05:51', '2026-02-25 10:05:51'),
(2730, 2, 234, 28, 'ABSENT', '2026-02-25 10:05:52', '2026-02-25 10:05:52'),
(2731, 2, 234, 29, 'ABSENT', '2026-02-25 10:05:53', '2026-02-25 10:05:53'),
(2732, 2, 249, 6, 'PRESENT', '2026-02-25 10:08:30', '2026-02-25 10:08:30'),
(2733, 2, 249, 7, 'PRESENT', '2026-02-25 10:08:30', '2026-02-25 10:08:30'),
(2734, 2, 249, 8, 'PRESENT', '2026-02-25 10:08:30', '2026-02-25 10:08:30'),
(2735, 2, 249, 12, 'PRESENT', '2026-02-25 10:08:30', '2026-02-25 10:08:30'),
(2736, 2, 249, 13, 'PRESENT', '2026-02-25 10:08:31', '2026-02-25 10:08:31'),
(2737, 2, 249, 17, 'PRESENT', '2026-02-25 10:08:31', '2026-02-25 10:08:31'),
(2738, 2, 249, 18, 'PRESENT', '2026-02-25 10:08:31', '2026-02-25 10:08:31'),
(2739, 2, 249, 20, 'PRESENT', '2026-02-25 10:08:31', '2026-02-25 10:08:31'),
(2740, 2, 249, 21, 'PRESENT', '2026-02-25 10:08:31', '2026-02-25 10:08:31'),
(2741, 2, 249, 24, 'PRESENT', '2026-02-25 10:08:32', '2026-02-25 10:08:32'),
(2742, 2, 250, 6, 'PRESENT', '2026-02-25 10:08:37', '2026-02-25 10:08:37'),
(2743, 2, 250, 7, 'PRESENT', '2026-02-25 10:08:37', '2026-02-25 10:08:37'),
(2744, 2, 250, 8, 'PRESENT', '2026-02-25 10:08:37', '2026-02-25 10:08:37'),
(2745, 2, 250, 12, 'PRESENT', '2026-02-25 10:08:37', '2026-02-25 10:08:37'),
(2746, 2, 250, 13, 'PRESENT', '2026-02-25 10:08:37', '2026-02-25 10:08:37'),
(2747, 2, 250, 17, 'PRESENT', '2026-02-25 10:08:37', '2026-02-25 10:08:37'),
(2748, 2, 250, 18, 'PRESENT', '2026-02-25 10:08:37', '2026-02-25 10:08:37'),
(2749, 2, 250, 20, 'PRESENT', '2026-02-25 10:08:37', '2026-02-25 10:08:37'),
(2750, 2, 250, 21, 'PRESENT', '2026-02-25 10:08:37', '2026-02-25 10:08:37'),
(2751, 2, 250, 24, 'PRESENT', '2026-02-25 10:08:37', '2026-02-25 10:08:37'),
(2752, 2, 249, 10, 'PRESENT', '2026-02-25 10:35:05', '2026-02-25 10:35:05'),
(2753, 2, 250, 10, 'PRESENT', '2026-02-25 10:35:21', '2026-02-25 10:35:21'),
(2754, 2, 191, 1, 'ABSENT', '2026-02-25 10:38:40', '2026-02-25 10:38:40'),
(2755, 2, 191, 2, 'ABSENT', '2026-02-25 10:38:41', '2026-02-25 10:38:41'),
(2756, 2, 191, 3, 'ABSENT', '2026-02-25 10:38:42', '2026-02-25 10:38:42'),
(2757, 2, 191, 4, 'ABSENT', '2026-02-25 10:38:43', '2026-02-25 10:38:43'),
(2758, 2, 191, 5, 'ABSENT', '2026-02-25 10:38:44', '2026-02-25 10:38:44'),
(2759, 2, 191, 6, 'PRESENT', '2026-02-25 10:38:45', '2026-02-25 10:38:45'),
(2760, 2, 191, 7, 'ABSENT', '2026-02-25 10:38:46', '2026-02-25 10:38:46'),
(2761, 2, 191, 8, 'ABSENT', '2026-02-25 10:38:46', '2026-02-25 10:38:46'),
(2762, 2, 191, 9, 'PRESENT', '2026-02-25 10:38:47', '2026-02-25 10:38:47'),
(2763, 2, 191, 10, 'PRESENT', '2026-02-25 10:38:48', '2026-02-25 10:38:48'),
(2764, 2, 191, 11, 'ABSENT', '2026-02-25 10:38:49', '2026-02-25 10:38:49'),
(2765, 2, 191, 12, 'ABSENT', '2026-02-25 10:38:50', '2026-02-25 10:38:50'),
(2766, 2, 191, 13, 'ABSENT', '2026-02-25 10:38:51', '2026-02-25 10:38:51'),
(2767, 2, 191, 14, 'PRESENT', '2026-02-25 10:38:52', '2026-02-25 10:38:52'),
(2768, 2, 191, 15, 'PRESENT', '2026-02-25 10:38:53', '2026-02-25 10:38:53'),
(2769, 2, 191, 16, 'ABSENT', '2026-02-25 10:38:54', '2026-02-25 10:38:54'),
(2770, 2, 191, 17, 'ABSENT', '2026-02-25 10:38:55', '2026-02-25 10:38:55'),
(2771, 2, 191, 18, 'PRESENT', '2026-02-25 10:38:56', '2026-02-25 10:38:56'),
(2772, 2, 191, 19, 'PRESENT', '2026-02-25 10:38:57', '2026-02-25 10:38:57'),
(2773, 2, 191, 20, 'PRESENT', '2026-02-25 10:38:58', '2026-02-25 10:38:58'),
(2774, 2, 191, 21, 'PRESENT', '2026-02-25 10:38:59', '2026-02-25 10:38:59'),
(2775, 2, 191, 22, 'PRESENT', '2026-02-25 10:39:00', '2026-02-25 10:39:00'),
(2776, 2, 191, 23, 'ABSENT', '2026-02-25 10:39:01', '2026-02-25 10:39:01'),
(2777, 2, 191, 24, 'ABSENT', '2026-02-25 10:39:01', '2026-02-25 10:39:01'),
(2778, 2, 191, 25, 'ABSENT', '2026-02-25 10:39:02', '2026-02-25 10:39:02'),
(2779, 2, 191, 26, 'ABSENT', '2026-02-25 10:39:03', '2026-02-25 10:39:03'),
(2780, 2, 191, 27, 'PRESENT', '2026-02-25 10:39:04', '2026-02-25 10:39:04'),
(2781, 2, 191, 28, 'ABSENT', '2026-02-25 10:39:05', '2026-02-25 10:39:05'),
(2782, 2, 191, 29, 'ABSENT', '2026-02-25 10:39:06', '2026-02-25 10:39:06'),
(2783, 2, 192, 1, 'ABSENT', '2026-02-25 10:39:56', '2026-02-25 10:39:56'),
(2784, 2, 192, 2, 'ABSENT', '2026-02-25 10:39:57', '2026-02-25 10:39:57'),
(2785, 2, 192, 3, 'ABSENT', '2026-02-25 10:39:58', '2026-02-25 10:39:58'),
(2786, 2, 192, 4, 'ABSENT', '2026-02-25 10:39:59', '2026-02-25 10:39:59'),
(2787, 2, 192, 5, 'ABSENT', '2026-02-25 10:40:00', '2026-02-25 10:40:00'),
(2788, 2, 192, 6, 'PRESENT', '2026-02-25 10:40:01', '2026-02-25 10:40:01'),
(2789, 2, 192, 7, 'ABSENT', '2026-02-25 10:40:02', '2026-02-25 10:40:02'),
(2790, 2, 192, 8, 'ABSENT', '2026-02-25 10:40:02', '2026-02-25 10:40:02'),
(2791, 2, 192, 9, 'PRESENT', '2026-02-25 10:40:03', '2026-02-25 10:40:03'),
(2792, 2, 192, 10, 'PRESENT', '2026-02-25 10:40:04', '2026-02-25 10:40:04'),
(2793, 2, 192, 11, 'ABSENT', '2026-02-25 10:40:05', '2026-02-25 10:40:05'),
(2794, 2, 192, 12, 'ABSENT', '2026-02-25 10:40:06', '2026-02-25 10:40:06'),
(2795, 2, 192, 13, 'ABSENT', '2026-02-25 10:40:07', '2026-02-25 10:40:07'),
(2796, 2, 192, 14, 'PRESENT', '2026-02-25 10:40:08', '2026-02-25 10:40:08'),
(2797, 2, 192, 15, 'PRESENT', '2026-02-25 10:40:09', '2026-02-25 10:40:09'),
(2798, 2, 192, 16, 'ABSENT', '2026-02-25 10:40:10', '2026-02-25 10:40:10'),
(2799, 2, 192, 17, 'ABSENT', '2026-02-25 10:40:10', '2026-02-25 10:40:10'),
(2800, 2, 192, 18, 'PRESENT', '2026-02-25 10:40:11', '2026-02-25 10:40:11'),
(2801, 2, 192, 19, 'PRESENT', '2026-02-25 10:40:12', '2026-02-25 10:40:12'),
(2802, 2, 192, 20, 'PRESENT', '2026-02-25 10:40:13', '2026-02-25 10:40:13'),
(2803, 2, 192, 21, 'PRESENT', '2026-02-25 10:40:14', '2026-02-25 10:40:14'),
(2804, 2, 192, 22, 'PRESENT', '2026-02-25 10:40:15', '2026-02-25 10:40:15'),
(2805, 2, 192, 23, 'ABSENT', '2026-02-25 10:40:16', '2026-02-25 10:40:16'),
(2806, 2, 192, 24, 'ABSENT', '2026-02-25 10:40:17', '2026-02-25 10:40:17'),
(2807, 2, 192, 25, 'ABSENT', '2026-02-25 10:40:18', '2026-02-25 10:40:18'),
(2808, 2, 192, 26, 'ABSENT', '2026-02-25 10:40:19', '2026-02-25 10:40:19'),
(2809, 2, 192, 27, 'PRESENT', '2026-02-25 10:40:20', '2026-02-25 10:40:20'),
(2810, 2, 192, 28, 'ABSENT', '2026-02-25 10:40:21', '2026-02-25 10:40:21'),
(2811, 2, 192, 29, 'ABSENT', '2026-02-25 10:40:21', '2026-02-25 10:40:21'),
(2812, 2, 235, 1, 'PRESENT', '2026-02-25 10:41:15', '2026-02-25 10:52:32'),
(2813, 2, 235, 2, 'ABSENT', '2026-02-25 10:41:16', '2026-02-25 10:52:33'),
(2814, 2, 235, 3, 'ABSENT', '2026-02-25 10:41:17', '2026-02-25 10:52:34'),
(2815, 2, 235, 4, 'ABSENT', '2026-02-25 10:41:18', '2026-02-25 10:52:35'),
(2816, 2, 235, 5, 'PRESENT', '2026-02-25 10:41:19', '2026-02-25 10:52:36'),
(2817, 2, 235, 6, 'PRESENT', '2026-02-25 10:41:20', '2026-02-25 10:52:37'),
(2818, 2, 235, 7, 'ABSENT', '2026-02-25 10:41:20', '2026-02-25 10:52:38'),
(2819, 2, 235, 8, 'ABSENT', '2026-02-25 10:41:21', '2026-02-25 10:52:38'),
(2820, 2, 235, 9, 'PRESENT', '2026-02-25 10:41:22', '2026-02-25 10:52:39'),
(2821, 2, 235, 10, 'PRESENT', '2026-02-25 10:41:23', '2026-02-25 10:52:40'),
(2822, 2, 235, 11, 'ABSENT', '2026-02-25 10:41:24', '2026-02-25 10:52:41'),
(2823, 2, 235, 12, 'PRESENT', '2026-02-25 10:41:25', '2026-02-25 10:52:42'),
(2824, 2, 235, 13, 'ABSENT', '2026-02-25 10:41:26', '2026-02-25 10:52:43'),
(2825, 2, 235, 14, 'PRESENT', '2026-02-25 10:41:27', '2026-02-25 10:52:44'),
(2826, 2, 235, 15, 'PRESENT', '2026-02-25 10:41:28', '2026-02-25 10:52:45'),
(2827, 2, 235, 16, 'ABSENT', '2026-02-25 10:41:29', '2026-02-25 10:52:45'),
(2828, 2, 235, 17, 'PRESENT', '2026-02-25 10:41:30', '2026-02-25 10:52:46'),
(2829, 2, 235, 18, 'PRESENT', '2026-02-25 10:41:31', '2026-02-25 10:52:47'),
(2830, 2, 235, 19, 'PRESENT', '2026-02-25 10:41:32', '2026-02-25 10:52:48'),
(2831, 2, 235, 20, 'ABSENT', '2026-02-25 10:41:33', '2026-02-25 10:52:49'),
(2832, 2, 235, 21, 'PRESENT', '2026-02-25 10:41:34', '2026-02-25 10:52:50'),
(2833, 2, 235, 22, 'PRESENT', '2026-02-25 10:41:35', '2026-02-25 10:52:51'),
(2834, 2, 235, 23, 'ABSENT', '2026-02-25 10:41:36', '2026-02-25 10:52:52'),
(2835, 2, 235, 24, 'ABSENT', '2026-02-25 10:41:37', '2026-02-25 10:52:53'),
(2836, 2, 235, 25, 'ABSENT', '2026-02-25 10:41:37', '2026-02-25 10:52:54'),
(2837, 2, 235, 26, 'ABSENT', '2026-02-25 10:41:38', '2026-02-25 10:52:55'),
(2838, 2, 235, 27, 'ABSENT', '2026-02-25 10:41:39', '2026-02-25 10:52:56'),
(2839, 2, 235, 28, 'ABSENT', '2026-02-25 10:41:40', '2026-02-25 10:52:56'),
(2840, 2, 235, 29, 'ABSENT', '2026-02-25 10:41:41', '2026-02-25 10:52:57'),
(2841, 2, 237, 1, 'ABSENT', '2026-02-25 10:42:30', '2026-02-25 10:42:30'),
(2842, 2, 237, 2, 'ABSENT', '2026-02-25 10:42:31', '2026-02-25 10:42:31'),
(2843, 2, 237, 3, 'ABSENT', '2026-02-25 10:42:32', '2026-02-25 10:42:32'),
(2844, 2, 237, 4, 'ABSENT', '2026-02-25 10:42:32', '2026-02-25 10:42:32'),
(2845, 2, 237, 5, 'ABSENT', '2026-02-25 10:42:33', '2026-02-25 10:42:33'),
(2846, 2, 237, 6, 'PRESENT', '2026-02-25 10:42:34', '2026-02-25 10:42:34'),
(2847, 2, 237, 7, 'ABSENT', '2026-02-25 10:42:35', '2026-02-25 10:42:35'),
(2848, 2, 237, 8, 'ABSENT', '2026-02-25 10:42:36', '2026-02-25 10:42:36'),
(2849, 2, 237, 9, 'PRESENT', '2026-02-25 10:42:37', '2026-02-25 10:42:37'),
(2850, 2, 237, 10, 'ABSENT', '2026-02-25 10:42:38', '2026-02-25 10:42:38'),
(2851, 2, 237, 11, 'ABSENT', '2026-02-25 10:42:39', '2026-02-25 10:42:39'),
(2852, 2, 237, 12, 'PRESENT', '2026-02-25 10:42:40', '2026-02-25 10:42:40'),
(2853, 2, 237, 13, 'ABSENT', '2026-02-25 10:42:40', '2026-02-25 10:42:40'),
(2854, 2, 237, 14, 'PRESENT', '2026-02-25 10:42:41', '2026-02-25 10:42:41'),
(2855, 2, 237, 15, 'ABSENT', '2026-02-25 10:42:43', '2026-02-25 10:42:43'),
(2856, 2, 237, 16, 'ABSENT', '2026-02-25 10:42:43', '2026-02-25 10:42:43'),
(2857, 2, 237, 17, 'ABSENT', '2026-02-25 10:42:44', '2026-02-25 10:42:44'),
(2858, 2, 237, 18, 'PRESENT', '2026-02-25 10:42:45', '2026-02-25 10:42:45'),
(2859, 2, 237, 19, 'PRESENT', '2026-02-25 10:42:46', '2026-02-25 10:42:46'),
(2860, 2, 237, 20, 'PRESENT', '2026-02-25 10:42:47', '2026-02-25 10:42:47'),
(2861, 2, 237, 21, 'PRESENT', '2026-02-25 10:42:48', '2026-02-25 10:42:48'),
(2862, 2, 237, 22, 'PRESENT', '2026-02-25 10:42:49', '2026-02-25 10:42:49'),
(2863, 2, 237, 23, 'ABSENT', '2026-02-25 10:42:50', '2026-02-25 10:42:50'),
(2864, 2, 237, 24, 'ABSENT', '2026-02-25 10:42:51', '2026-02-25 10:42:51'),
(2865, 2, 237, 25, 'ABSENT', '2026-02-25 10:42:52', '2026-02-25 10:42:52'),
(2866, 2, 237, 26, 'PRESENT', '2026-02-25 10:42:52', '2026-02-25 10:42:52'),
(2867, 2, 237, 27, 'PRESENT', '2026-02-25 10:42:53', '2026-02-25 10:42:53'),
(2868, 2, 237, 28, 'ABSENT', '2026-02-25 10:42:54', '2026-02-25 10:42:54'),
(2869, 2, 237, 29, 'ABSENT', '2026-02-25 10:42:55', '2026-02-25 10:42:55'),
(2870, 2, 238, 1, 'PRESENT', '2026-02-25 10:43:37', '2026-02-25 10:43:37'),
(2871, 2, 238, 2, 'ABSENT', '2026-02-25 10:43:38', '2026-02-25 10:43:38'),
(2872, 2, 238, 3, 'ABSENT', '2026-02-25 10:43:39', '2026-02-25 10:43:39'),
(2873, 2, 238, 4, 'ABSENT', '2026-02-25 10:43:40', '2026-02-25 10:43:40'),
(2874, 2, 238, 5, 'ABSENT', '2026-02-25 10:43:40', '2026-02-25 10:43:40'),
(2875, 2, 238, 6, 'PRESENT', '2026-02-25 10:43:42', '2026-02-25 10:43:42'),
(2876, 2, 238, 7, 'ABSENT', '2026-02-25 10:43:42', '2026-02-25 10:43:42'),
(2877, 2, 238, 8, 'ABSENT', '2026-02-25 10:43:43', '2026-02-25 10:43:43'),
(2878, 2, 238, 9, 'PRESENT', '2026-02-25 10:43:44', '2026-02-25 10:43:44'),
(2879, 2, 238, 10, 'PRESENT', '2026-02-25 10:43:45', '2026-02-25 10:43:45'),
(2880, 2, 238, 11, 'ABSENT', '2026-02-25 10:43:46', '2026-02-25 10:43:46'),
(2881, 2, 238, 12, 'PRESENT', '2026-02-25 10:43:47', '2026-02-25 10:43:47'),
(2882, 2, 238, 13, 'PRESENT', '2026-02-25 10:43:48', '2026-02-25 10:43:48'),
(2883, 2, 238, 14, 'PRESENT', '2026-02-25 10:43:49', '2026-02-25 10:43:49'),
(2884, 2, 238, 15, 'PRESENT', '2026-02-25 10:43:49', '2026-02-25 10:43:49'),
(2885, 2, 238, 16, 'PRESENT', '2026-02-25 10:43:50', '2026-02-25 10:43:50'),
(2886, 2, 238, 17, 'ABSENT', '2026-02-25 10:43:51', '2026-02-25 10:43:51'),
(2887, 2, 238, 18, 'PRESENT', '2026-02-25 10:43:52', '2026-02-25 10:43:52'),
(2888, 2, 238, 19, 'PRESENT', '2026-02-25 10:43:53', '2026-02-25 10:43:53'),
(2889, 2, 238, 20, 'PRESENT', '2026-02-25 10:43:54', '2026-02-25 10:43:54'),
(2890, 2, 238, 21, 'PRESENT', '2026-02-25 10:43:55', '2026-02-25 10:43:55'),
(2891, 2, 238, 22, 'PRESENT', '2026-02-25 10:43:56', '2026-02-25 10:43:56'),
(2892, 2, 238, 23, 'ABSENT', '2026-02-25 10:43:57', '2026-02-25 10:43:57'),
(2893, 2, 238, 24, 'ABSENT', '2026-02-25 10:43:58', '2026-02-25 10:43:58'),
(2894, 2, 238, 25, 'PRESENT', '2026-02-25 10:43:59', '2026-02-25 10:43:59'),
(2895, 2, 238, 26, 'PRESENT', '2026-02-25 10:44:00', '2026-02-25 10:44:00'),
(2896, 2, 238, 27, 'PRESENT', '2026-02-25 10:44:01', '2026-02-25 10:44:01'),
(2897, 2, 238, 28, 'ABSENT', '2026-02-25 10:44:02', '2026-02-25 10:44:02'),
(2898, 2, 238, 29, 'ABSENT', '2026-02-25 10:44:03', '2026-02-25 10:44:03'),
(2899, 2, 236, 1, 'PRESENT', '2026-02-25 10:47:13', '2026-02-25 10:47:13'),
(2900, 2, 236, 2, 'ABSENT', '2026-02-25 10:47:14', '2026-02-25 10:47:14'),
(2901, 2, 236, 3, 'ABSENT', '2026-02-25 10:47:15', '2026-02-25 10:47:15'),
(2902, 2, 236, 4, 'ABSENT', '2026-02-25 10:47:16', '2026-02-25 10:47:16'),
(2903, 2, 236, 5, 'PRESENT', '2026-02-25 10:47:17', '2026-02-25 10:47:17'),
(2904, 2, 236, 6, 'PRESENT', '2026-02-25 10:47:18', '2026-02-25 10:47:18'),
(2905, 2, 236, 7, 'ABSENT', '2026-02-25 10:47:19', '2026-02-25 10:47:19'),
(2906, 2, 236, 8, 'ABSENT', '2026-02-25 10:47:20', '2026-02-25 10:47:20'),
(2907, 2, 236, 9, 'PRESENT', '2026-02-25 10:47:20', '2026-02-25 10:47:20');

INSERT INTO `attendance_records` (`attendance_id`, `term_id`, `schedule_id`, `student_id`, `status`, `created_at`, `updated_at`) VALUES
(2908, 2, 236, 10, 'PRESENT', '2026-02-25 10:47:21', '2026-02-25 10:47:21'),
(2909, 2, 236, 11, 'ABSENT', '2026-02-25 10:47:22', '2026-02-25 10:47:22'),
(2910, 2, 236, 12, 'PRESENT', '2026-02-25 10:47:23', '2026-02-25 10:47:23'),
(2911, 2, 236, 13, 'ABSENT', '2026-02-25 10:47:24', '2026-02-25 10:47:24'),
(2912, 2, 236, 14, 'PRESENT', '2026-02-25 10:47:25', '2026-02-25 10:47:25'),
(2913, 2, 236, 15, 'PRESENT', '2026-02-25 10:47:26', '2026-02-25 10:47:26'),
(2914, 2, 236, 16, 'ABSENT', '2026-02-25 10:47:27', '2026-02-25 10:47:27'),
(2915, 2, 236, 17, 'PRESENT', '2026-02-25 10:47:28', '2026-02-25 10:47:28'),
(2916, 2, 236, 18, 'PRESENT', '2026-02-25 10:47:29', '2026-02-25 10:47:29'),
(2917, 2, 236, 19, 'PRESENT', '2026-02-25 10:47:30', '2026-02-25 10:47:30'),
(2918, 2, 236, 20, 'ABSENT', '2026-02-25 10:47:31', '2026-02-25 10:47:31'),
(2919, 2, 236, 21, 'PRESENT', '2026-02-25 10:47:32', '2026-02-25 10:47:32'),
(2920, 2, 236, 22, 'PRESENT', '2026-02-25 10:47:33', '2026-02-25 10:47:33'),
(2921, 2, 236, 23, 'ABSENT', '2026-02-25 10:47:33', '2026-02-25 10:47:33'),
(2922, 2, 236, 24, 'ABSENT', '2026-02-25 10:47:34', '2026-02-25 10:47:34'),
(2923, 2, 236, 25, 'ABSENT', '2026-02-25 10:47:35', '2026-02-25 10:47:35'),
(2924, 2, 236, 26, 'ABSENT', '2026-02-25 10:47:36', '2026-02-25 10:47:36'),
(2925, 2, 236, 27, 'ABSENT', '2026-02-25 10:47:37', '2026-02-25 10:47:37'),
(2926, 2, 236, 28, 'ABSENT', '2026-02-25 10:47:38', '2026-02-25 10:47:38'),
(2927, 2, 236, 29, 'ABSENT', '2026-02-25 10:47:39', '2026-02-25 10:47:39'),
(3004, 2, 255, 1, 'ABSENT', '2026-02-25 13:55:44', '2026-02-25 13:55:44'),
(3005, 2, 255, 2, 'ABSENT', '2026-02-25 13:55:44', '2026-02-25 13:55:44'),
(3006, 2, 255, 3, 'ABSENT', '2026-02-25 13:55:44', '2026-02-25 13:55:44'),
(3007, 2, 255, 4, 'ABSENT', '2026-02-25 13:55:44', '2026-02-25 13:55:44'),
(3008, 2, 255, 5, 'ABSENT', '2026-02-25 13:55:44', '2026-02-25 13:55:44'),
(3009, 2, 255, 6, 'PRESENT', '2026-02-25 13:55:45', '2026-02-25 13:55:45'),
(3010, 2, 255, 7, 'PRESENT', '2026-02-25 13:55:45', '2026-02-25 13:55:45'),
(3011, 2, 255, 8, 'PRESENT', '2026-02-25 13:55:45', '2026-02-25 13:55:45'),
(3012, 2, 255, 9, 'ABSENT', '2026-02-25 13:55:45', '2026-02-25 13:55:45'),
(3013, 2, 255, 10, 'PRESENT', '2026-02-25 13:55:45', '2026-02-25 13:55:45'),
(3014, 2, 255, 11, 'ABSENT', '2026-02-25 13:55:46', '2026-02-25 13:55:46'),
(3015, 2, 255, 12, 'PRESENT', '2026-02-25 13:55:46', '2026-02-25 13:55:46'),
(3016, 2, 255, 13, 'PRESENT', '2026-02-25 13:55:46', '2026-02-25 13:55:46'),
(3017, 2, 255, 14, 'ABSENT', '2026-02-25 13:55:46', '2026-02-25 13:55:46'),
(3018, 2, 255, 15, 'ABSENT', '2026-02-25 13:55:46', '2026-02-25 13:55:46'),
(3019, 2, 255, 16, 'ABSENT', '2026-02-25 13:55:47', '2026-02-25 13:55:47'),
(3020, 2, 255, 17, 'PRESENT', '2026-02-25 13:55:47', '2026-02-25 13:55:47'),
(3021, 2, 255, 18, 'PRESENT', '2026-02-25 13:55:47', '2026-02-25 13:55:47'),
(3022, 2, 255, 19, 'ABSENT', '2026-02-25 13:55:47', '2026-02-25 13:55:47'),
(3023, 2, 255, 20, 'PRESENT', '2026-02-25 13:55:47', '2026-02-25 13:55:47'),
(3024, 2, 255, 21, 'PRESENT', '2026-02-25 13:55:47', '2026-02-25 13:55:47'),
(3025, 2, 255, 22, 'ABSENT', '2026-02-25 13:55:48', '2026-02-25 13:55:48'),
(3026, 2, 255, 23, 'ABSENT', '2026-02-25 13:55:48', '2026-02-25 13:55:48'),
(3027, 2, 255, 24, 'ABSENT', '2026-02-25 13:55:48', '2026-02-25 13:55:48'),
(3028, 2, 255, 25, 'ABSENT', '2026-02-25 13:55:48', '2026-02-25 13:55:48'),
(3029, 2, 255, 26, 'PRESENT', '2026-02-25 13:55:48', '2026-02-25 13:55:48'),
(3030, 2, 255, 27, 'ABSENT', '2026-02-25 13:55:49', '2026-02-25 13:55:49'),
(3031, 2, 255, 28, 'ABSENT', '2026-02-25 13:55:49', '2026-02-25 13:55:49'),
(3032, 2, 255, 29, 'ABSENT', '2026-02-25 13:55:49', '2026-02-25 13:55:49'),
(3033, 2, 256, 1, 'ABSENT', '2026-02-25 13:58:40', '2026-02-25 13:58:40'),
(3034, 2, 256, 2, 'ABSENT', '2026-02-25 13:58:40', '2026-02-25 13:58:40'),
(3035, 2, 256, 3, 'ABSENT', '2026-02-25 13:58:40', '2026-02-25 13:58:40'),
(3036, 2, 256, 4, 'ABSENT', '2026-02-25 13:58:40', '2026-02-25 13:58:40'),
(3037, 2, 256, 5, 'ABSENT', '2026-02-25 13:58:41', '2026-02-25 13:58:41'),
(3038, 2, 256, 6, 'ABSENT', '2026-02-25 13:58:41', '2026-02-25 13:58:41'),
(3039, 2, 256, 7, 'ABSENT', '2026-02-25 13:58:41', '2026-02-25 13:58:41'),
(3040, 2, 256, 8, 'ABSENT', '2026-02-25 13:58:41', '2026-02-25 13:58:41'),
(3041, 2, 256, 9, 'ABSENT', '2026-02-25 13:58:41', '2026-02-25 13:58:41'),
(3042, 2, 256, 10, 'PRESENT', '2026-02-25 13:58:42', '2026-02-25 13:58:42'),
(3043, 2, 256, 11, 'ABSENT', '2026-02-25 13:58:42', '2026-02-25 13:58:42'),
(3044, 2, 256, 12, 'ABSENT', '2026-02-25 13:58:42', '2026-02-25 13:58:42'),
(3045, 2, 256, 13, 'PRESENT', '2026-02-25 13:58:42', '2026-02-25 13:58:42'),
(3046, 2, 256, 14, 'ABSENT', '2026-02-25 13:58:42', '2026-02-25 13:58:42'),
(3047, 2, 256, 15, 'ABSENT', '2026-02-25 13:58:42', '2026-02-25 13:58:42'),
(3048, 2, 256, 16, 'ABSENT', '2026-02-25 13:58:43', '2026-02-25 13:58:43'),
(3049, 2, 256, 17, 'PRESENT', '2026-02-25 13:58:43', '2026-02-25 13:58:43'),
(3050, 2, 256, 18, 'PRESENT', '2026-02-25 13:58:43', '2026-02-25 13:58:43'),
(3051, 2, 256, 19, 'ABSENT', '2026-02-25 13:58:43', '2026-02-25 13:58:43'),
(3052, 2, 256, 20, 'PRESENT', '2026-02-25 13:58:43', '2026-02-25 13:58:43'),
(3053, 2, 256, 21, 'PRESENT', '2026-02-25 13:58:43', '2026-02-25 13:58:43'),
(3054, 2, 256, 22, 'ABSENT', '2026-02-25 13:58:44', '2026-02-25 13:58:44'),
(3055, 2, 256, 23, 'ABSENT', '2026-02-25 13:58:44', '2026-02-25 13:58:44'),
(3056, 2, 256, 24, 'ABSENT', '2026-02-25 13:58:44', '2026-02-25 13:58:44'),
(3057, 2, 256, 25, 'ABSENT', '2026-02-25 13:58:44', '2026-02-25 13:58:44'),
(3058, 2, 256, 26, 'ABSENT', '2026-02-25 13:58:44', '2026-02-25 13:58:44'),
(3059, 2, 256, 27, 'ABSENT', '2026-02-25 13:58:45', '2026-02-25 13:58:45'),
(3060, 2, 256, 28, 'ABSENT', '2026-02-25 13:58:45', '2026-02-25 13:58:45'),
(3061, 2, 256, 29, 'ABSENT', '2026-02-25 13:58:45', '2026-02-25 13:58:45'),
(3062, 2, 265, 1, 'ABSENT', '2026-02-26 11:11:25', '2026-02-26 11:11:25'),
(3063, 2, 265, 2, 'ABSENT', '2026-02-26 11:11:26', '2026-02-26 11:11:26'),
(3064, 2, 265, 3, 'PRESENT', '2026-02-26 11:11:26', '2026-02-26 11:11:26'),
(3065, 2, 265, 4, 'ABSENT', '2026-02-26 11:11:26', '2026-02-26 11:11:26'),
(3066, 2, 265, 5, 'ABSENT', '2026-02-26 11:11:26', '2026-02-26 11:11:26'),
(3067, 2, 265, 6, 'ABSENT', '2026-02-26 11:11:27', '2026-02-26 11:11:27'),
(3068, 2, 265, 7, 'ABSENT', '2026-02-26 11:11:27', '2026-02-26 11:11:27'),
(3069, 2, 265, 8, 'ABSENT', '2026-02-26 11:11:27', '2026-02-26 11:11:27'),
(3070, 2, 265, 9, 'PRESENT', '2026-02-26 11:11:28', '2026-02-26 11:11:28'),
(3071, 2, 265, 10, 'PRESENT', '2026-02-26 11:11:28', '2026-02-26 11:11:28'),
(3072, 2, 265, 11, 'ABSENT', '2026-02-26 11:11:28', '2026-02-26 11:11:28'),
(3073, 2, 265, 12, 'PRESENT', '2026-02-26 11:11:28', '2026-02-26 11:11:28'),
(3074, 2, 265, 13, 'ABSENT', '2026-02-26 11:11:29', '2026-02-26 11:11:29'),
(3075, 2, 265, 14, 'PRESENT', '2026-02-26 11:11:29', '2026-02-26 11:11:29'),
(3076, 2, 265, 15, 'ABSENT', '2026-02-26 11:11:29', '2026-02-26 11:11:29'),
(3077, 2, 265, 16, 'PRESENT', '2026-02-26 11:11:30', '2026-02-26 11:11:30'),
(3078, 2, 265, 17, 'ABSENT', '2026-02-26 11:11:30', '2026-02-26 11:11:30'),
(3079, 2, 265, 18, 'PRESENT', '2026-02-26 11:11:30', '2026-02-26 11:11:30'),
(3080, 2, 265, 19, 'PRESENT', '2026-02-26 11:11:31', '2026-02-26 11:11:31'),
(3081, 2, 265, 20, 'ABSENT', '2026-02-26 11:11:31', '2026-02-26 11:11:31'),
(3082, 2, 265, 21, 'PRESENT', '2026-02-26 11:11:31', '2026-02-26 11:11:31'),
(3083, 2, 265, 22, 'ABSENT', '2026-02-26 11:11:31', '2026-02-26 11:11:31'),
(3084, 2, 265, 23, 'ABSENT', '2026-02-26 11:11:32', '2026-02-26 11:11:32'),
(3085, 2, 265, 24, 'ABSENT', '2026-02-26 11:11:32', '2026-02-26 11:11:32'),
(3086, 2, 265, 25, 'ABSENT', '2026-02-26 11:11:32', '2026-02-26 11:11:32'),
(3087, 2, 265, 26, 'PRESENT', '2026-02-26 11:11:33', '2026-02-26 11:11:33'),
(3088, 2, 265, 27, 'ABSENT', '2026-02-26 11:11:33', '2026-02-26 11:11:33'),
(3089, 2, 265, 28, 'ABSENT', '2026-02-26 11:11:33', '2026-02-26 11:11:33'),
(3090, 2, 265, 29, 'ABSENT', '2026-02-26 11:11:34', '2026-02-26 11:11:34'),
(3091, 2, 291, 3, 'PRESENT', '2026-03-02 09:58:56', '2026-03-02 09:59:33'),
(3092, 2, 291, 5, 'PRESENT', '2026-03-02 09:58:56', '2026-03-02 09:59:34'),
(3093, 2, 291, 6, 'PRESENT', '2026-03-02 09:58:56', '2026-03-02 09:59:34'),
(3094, 2, 291, 9, 'PRESENT', '2026-03-02 09:58:57', '2026-03-02 09:59:34'),
(3095, 2, 291, 10, 'PRESENT', '2026-03-02 09:58:57', '2026-03-02 09:59:35'),
(3096, 2, 291, 11, 'PRESENT', '2026-03-02 09:58:57', '2026-03-02 09:59:35'),
(3097, 2, 291, 13, 'PRESENT', '2026-03-02 09:58:57', '2026-03-02 09:59:35'),
(3098, 2, 291, 15, 'PRESENT', '2026-03-02 09:58:57', '2026-03-02 09:59:36'),
(3099, 2, 291, 17, 'PRESENT', '2026-03-02 09:58:58', '2026-03-02 09:59:36'),
(3100, 2, 291, 18, 'PRESENT', '2026-03-02 09:58:58', '2026-03-02 09:59:36'),
(3101, 2, 291, 19, 'PRESENT', '2026-03-02 09:58:58', '2026-03-02 09:59:36'),
(3102, 2, 291, 20, 'PRESENT', '2026-03-02 09:58:58', '2026-03-02 09:59:37'),
(3103, 2, 291, 21, 'PRESENT', '2026-03-02 09:58:58', '2026-03-02 09:59:37'),
(3104, 2, 291, 24, 'PRESENT', '2026-03-02 09:58:59', '2026-03-02 09:59:37'),
(3105, 2, 291, 25, 'PRESENT', '2026-03-02 09:58:59', '2026-03-02 09:59:37'),
(3106, 2, 291, 26, 'PRESENT', '2026-03-02 09:58:59', '2026-03-02 09:59:38'),
(3107, 2, 291, 1, 'ABSENT', '2026-03-02 09:59:33', '2026-03-02 09:59:33'),
(3108, 2, 291, 2, 'ABSENT', '2026-03-02 09:59:33', '2026-03-02 09:59:33'),
(3110, 2, 291, 4, 'ABSENT', '2026-03-02 09:59:33', '2026-03-02 09:59:33'),
(3113, 2, 291, 7, 'ABSENT', '2026-03-02 09:59:34', '2026-03-02 09:59:34'),
(3114, 2, 291, 8, 'ABSENT', '2026-03-02 09:59:34', '2026-03-02 09:59:34'),
(3118, 2, 291, 12, 'ABSENT', '2026-03-02 09:59:35', '2026-03-02 09:59:35'),
(3120, 2, 291, 14, 'ABSENT', '2026-03-02 09:59:35', '2026-03-02 09:59:35'),
(3122, 2, 291, 16, 'ABSENT', '2026-03-02 09:59:36', '2026-03-02 09:59:36'),
(3128, 2, 291, 22, 'ABSENT', '2026-03-02 09:59:37', '2026-03-02 09:59:37'),
(3129, 2, 291, 23, 'ABSENT', '2026-03-02 09:59:37', '2026-03-02 09:59:37'),
(3133, 2, 291, 27, 'ABSENT', '2026-03-02 09:59:38', '2026-03-02 09:59:38'),
(3134, 2, 291, 28, 'ABSENT', '2026-03-02 09:59:38', '2026-03-02 09:59:38'),
(3135, 2, 291, 29, 'ABSENT', '2026-03-02 09:59:38', '2026-03-02 09:59:38'),
(3136, 2, 315, 1, 'ABSENT', '2026-03-02 11:34:10', '2026-03-02 11:34:10'),
(3137, 2, 315, 2, 'ABSENT', '2026-03-02 11:34:10', '2026-03-02 11:34:10'),
(3138, 2, 315, 3, 'PRESENT', '2026-03-02 11:34:10', '2026-03-02 11:34:10'),
(3139, 2, 315, 4, 'ABSENT', '2026-03-02 11:34:10', '2026-03-02 11:34:10'),
(3140, 2, 315, 5, 'ABSENT', '2026-03-02 11:34:11', '2026-03-02 11:34:11'),
(3141, 2, 315, 6, 'PRESENT', '2026-03-02 11:34:11', '2026-03-02 11:34:11'),
(3142, 2, 315, 7, 'PRESENT', '2026-03-02 11:34:11', '2026-03-02 11:34:11'),
(3143, 2, 315, 8, 'ABSENT', '2026-03-02 11:34:11', '2026-03-02 11:34:11'),
(3144, 2, 315, 9, 'PRESENT', '2026-03-02 11:34:11', '2026-03-02 11:34:11'),
(3145, 2, 315, 10, 'PRESENT', '2026-03-02 11:34:12', '2026-03-02 11:34:12'),
(3146, 2, 315, 11, 'ABSENT', '2026-03-02 11:34:12', '2026-03-02 11:34:12'),
(3147, 2, 315, 12, 'ABSENT', '2026-03-02 11:34:12', '2026-03-02 11:34:12'),
(3148, 2, 315, 13, 'ABSENT', '2026-03-02 11:34:12', '2026-03-02 11:34:12'),
(3149, 2, 315, 14, 'ABSENT', '2026-03-02 11:34:12', '2026-03-02 11:34:12'),
(3150, 2, 315, 15, 'PRESENT', '2026-03-02 11:34:13', '2026-03-02 11:34:13'),
(3151, 2, 315, 16, 'ABSENT', '2026-03-02 11:34:13', '2026-03-02 11:34:13'),
(3152, 2, 315, 17, 'PRESENT', '2026-03-02 11:34:13', '2026-03-02 11:34:13'),
(3153, 2, 315, 18, 'PRESENT', '2026-03-02 11:34:13', '2026-03-02 11:34:13'),
(3154, 2, 315, 19, 'PRESENT', '2026-03-02 11:34:13', '2026-03-02 11:34:13'),
(3155, 2, 315, 20, 'PRESENT', '2026-03-02 11:34:13', '2026-03-02 11:34:13'),
(3156, 2, 315, 21, 'PRESENT', '2026-03-02 11:34:14', '2026-03-02 11:34:14'),
(3157, 2, 315, 22, 'ABSENT', '2026-03-02 11:34:14', '2026-03-02 11:34:14'),
(3158, 2, 315, 23, 'ABSENT', '2026-03-02 11:34:14', '2026-03-02 11:34:14'),
(3159, 2, 315, 24, 'PRESENT', '2026-03-02 11:34:14', '2026-03-02 11:34:14'),
(3160, 2, 315, 25, 'PRESENT', '2026-03-02 11:34:14', '2026-03-02 11:34:14'),
(3161, 2, 315, 26, 'PRESENT', '2026-03-02 11:34:15', '2026-03-02 11:34:15'),
(3162, 2, 315, 27, 'ABSENT', '2026-03-02 11:34:15', '2026-03-02 11:34:15'),
(3163, 2, 315, 28, 'PRESENT', '2026-03-02 11:34:15', '2026-03-02 11:34:15'),
(3164, 2, 315, 29, 'ABSENT', '2026-03-02 11:34:15', '2026-03-02 11:34:15'),
(3165, 2, 293, 1, 'ABSENT', '2026-03-02 11:34:18', '2026-03-02 11:34:18'),
(3166, 2, 293, 2, 'ABSENT', '2026-03-02 11:34:18', '2026-03-02 11:34:18'),
(3167, 2, 293, 3, 'PRESENT', '2026-03-02 11:34:18', '2026-03-02 11:34:18'),
(3168, 2, 293, 4, 'ABSENT', '2026-03-02 11:34:18', '2026-03-02 11:34:18'),
(3169, 2, 293, 5, 'ABSENT', '2026-03-02 11:34:18', '2026-03-02 11:34:18'),
(3170, 2, 293, 6, 'PRESENT', '2026-03-02 11:34:18', '2026-03-02 11:34:18'),
(3171, 2, 293, 7, 'PRESENT', '2026-03-02 11:34:18', '2026-03-02 11:34:18'),
(3172, 2, 293, 8, 'ABSENT', '2026-03-02 11:34:18', '2026-03-02 11:34:18'),
(3173, 2, 293, 9, 'PRESENT', '2026-03-02 11:34:18', '2026-03-02 11:34:18'),
(3174, 2, 293, 10, 'PRESENT', '2026-03-02 11:34:18', '2026-03-02 11:34:18'),
(3175, 2, 293, 11, 'ABSENT', '2026-03-02 11:34:18', '2026-03-02 11:34:18'),
(3176, 2, 293, 12, 'ABSENT', '2026-03-02 11:34:18', '2026-03-02 11:34:18'),
(3177, 2, 293, 13, 'ABSENT', '2026-03-02 11:34:18', '2026-03-02 11:34:18'),
(3178, 2, 293, 14, 'ABSENT', '2026-03-02 11:34:18', '2026-03-02 11:34:18'),
(3179, 2, 293, 15, 'PRESENT', '2026-03-02 11:34:18', '2026-03-02 11:34:18'),
(3180, 2, 293, 16, 'ABSENT', '2026-03-02 11:34:18', '2026-03-02 11:34:18'),
(3181, 2, 293, 17, 'PRESENT', '2026-03-02 11:34:18', '2026-03-02 11:34:18'),
(3182, 2, 293, 18, 'PRESENT', '2026-03-02 11:34:18', '2026-03-02 11:34:18'),
(3183, 2, 293, 19, 'PRESENT', '2026-03-02 11:34:18', '2026-03-02 11:34:18'),
(3184, 2, 293, 20, 'PRESENT', '2026-03-02 11:34:18', '2026-03-02 11:34:18'),
(3185, 2, 293, 21, 'PRESENT', '2026-03-02 11:34:18', '2026-03-02 11:34:18'),
(3186, 2, 293, 22, 'ABSENT', '2026-03-02 11:34:18', '2026-03-02 11:34:18'),
(3187, 2, 293, 23, 'ABSENT', '2026-03-02 11:34:18', '2026-03-02 11:34:18'),
(3188, 2, 293, 24, 'PRESENT', '2026-03-02 11:34:18', '2026-03-02 11:34:18'),
(3189, 2, 293, 25, 'PRESENT', '2026-03-02 11:34:18', '2026-03-02 11:34:18'),
(3190, 2, 293, 26, 'PRESENT', '2026-03-02 11:34:18', '2026-03-02 11:34:18'),
(3191, 2, 293, 27, 'ABSENT', '2026-03-02 11:34:18', '2026-03-02 11:34:18'),
(3192, 2, 293, 28, 'PRESENT', '2026-03-02 11:34:18', '2026-03-02 11:34:18'),
(3193, 2, 293, 29, 'ABSENT', '2026-03-02 11:34:18', '2026-03-02 11:34:18'),
(3194, 2, 300, 5, 'PRESENT', '2026-03-04 09:16:16', '2026-03-04 09:16:16'),
(3195, 2, 300, 6, 'PRESENT', '2026-03-04 09:16:17', '2026-03-04 09:16:17'),
(3196, 2, 300, 9, 'PRESENT', '2026-03-04 09:16:17', '2026-03-04 09:16:17'),
(3197, 2, 300, 11, 'PRESENT', '2026-03-04 09:16:17', '2026-03-04 09:16:17'),
(3198, 2, 300, 13, 'PRESENT', '2026-03-04 09:16:17', '2026-03-04 09:16:17'),
(3199, 2, 300, 14, 'PRESENT', '2026-03-04 09:16:17', '2026-03-04 09:16:17');

INSERT INTO `attendance_records` (`attendance_id`, `term_id`, `schedule_id`, `student_id`, `status`, `created_at`, `updated_at`) VALUES
(3200, 2, 300, 15, 'PRESENT', '2026-03-04 09:16:18', '2026-03-04 09:16:18'),
(3201, 2, 300, 16, 'PRESENT', '2026-03-04 09:16:18', '2026-03-04 09:16:18'),
(3202, 2, 300, 17, 'PRESENT', '2026-03-04 09:16:18', '2026-03-04 09:16:18'),
(3203, 2, 300, 18, 'PRESENT', '2026-03-04 09:16:18', '2026-03-04 09:16:18'),
(3204, 2, 300, 20, 'PRESENT', '2026-03-04 09:16:19', '2026-03-04 09:16:19'),
(3205, 2, 300, 21, 'PRESENT', '2026-03-04 09:16:19', '2026-03-04 09:16:19'),
(3206, 2, 300, 24, 'PRESENT', '2026-03-04 09:16:19', '2026-03-04 09:16:19'),
(3207, 2, 300, 26, 'PRESENT', '2026-03-04 09:16:19', '2026-03-04 09:16:19'),
(3208, 2, 301, 5, 'PRESENT', '2026-03-04 11:30:14', '2026-03-04 11:30:14'),
(3209, 2, 301, 6, 'PRESENT', '2026-03-04 11:30:14', '2026-03-04 11:30:14'),
(3210, 2, 301, 9, 'PRESENT', '2026-03-04 11:30:14', '2026-03-04 11:30:14'),
(3211, 2, 301, 11, 'PRESENT', '2026-03-04 11:30:14', '2026-03-04 11:30:14'),
(3212, 2, 301, 13, 'PRESENT', '2026-03-04 11:30:14', '2026-03-04 11:30:14'),
(3213, 2, 301, 14, 'PRESENT', '2026-03-04 11:30:14', '2026-03-04 11:30:14'),
(3214, 2, 301, 15, 'PRESENT', '2026-03-04 11:30:14', '2026-03-04 11:30:14'),
(3215, 2, 301, 16, 'PRESENT', '2026-03-04 11:30:14', '2026-03-04 11:30:14'),
(3216, 2, 301, 17, 'PRESENT', '2026-03-04 11:30:14', '2026-03-04 11:30:14'),
(3217, 2, 301, 18, 'PRESENT', '2026-03-04 11:30:14', '2026-03-04 11:30:14'),
(3218, 2, 301, 20, 'PRESENT', '2026-03-04 11:30:14', '2026-03-04 11:30:14'),
(3219, 2, 301, 21, 'PRESENT', '2026-03-04 11:30:14', '2026-03-04 11:30:14'),
(3220, 2, 301, 24, 'PRESENT', '2026-03-04 11:30:14', '2026-03-04 11:30:14'),
(3221, 2, 301, 26, 'PRESENT', '2026-03-04 11:30:14', '2026-03-04 11:30:14'),
(3222, 2, 302, 5, 'PRESENT', '2026-03-04 11:30:18', '2026-03-04 11:31:42'),
(3223, 2, 302, 6, 'PRESENT', '2026-03-04 11:30:18', '2026-03-04 11:31:42'),
(3224, 2, 302, 9, 'PRESENT', '2026-03-04 11:30:18', '2026-03-04 11:31:42'),
(3225, 2, 302, 11, 'PRESENT', '2026-03-04 11:30:18', '2026-03-04 11:31:42'),
(3226, 2, 302, 13, 'PRESENT', '2026-03-04 11:30:18', '2026-03-04 11:31:42'),
(3227, 2, 302, 14, 'PRESENT', '2026-03-04 11:30:18', '2026-03-04 11:31:42'),
(3228, 2, 302, 15, 'PRESENT', '2026-03-04 11:30:18', '2026-03-04 11:31:42'),
(3229, 2, 302, 16, 'PRESENT', '2026-03-04 11:30:18', '2026-03-04 11:31:42'),
(3230, 2, 302, 17, 'PRESENT', '2026-03-04 11:30:18', '2026-03-04 11:31:42'),
(3231, 2, 302, 18, 'PRESENT', '2026-03-04 11:30:18', '2026-03-04 11:31:42'),
(3232, 2, 302, 20, 'PRESENT', '2026-03-04 11:30:18', '2026-03-04 11:31:42'),
(3233, 2, 302, 21, 'PRESENT', '2026-03-04 11:30:18', '2026-03-04 11:31:42'),
(3234, 2, 302, 24, 'PRESENT', '2026-03-04 11:30:18', '2026-03-04 11:31:42'),
(3235, 2, 302, 26, 'PRESENT', '2026-03-04 11:30:18', '2026-03-04 11:31:42'),
(3236, 2, 301, 1, 'PRESENT', '2026-03-04 11:31:39', '2026-03-04 11:31:39'),
(3237, 2, 301, 3, 'PRESENT', '2026-03-04 11:31:39', '2026-03-04 11:31:39'),
(3238, 2, 301, 4, 'PRESENT', '2026-03-04 11:31:39', '2026-03-04 11:31:39'),
(3239, 2, 301, 28, 'PRESENT', '2026-03-04 11:31:40', '2026-03-04 11:31:40'),
(3240, 2, 301, 10, 'PRESENT', '2026-03-04 11:31:40', '2026-03-04 11:31:40'),
(3241, 2, 301, 19, 'PRESENT', '2026-03-04 11:31:40', '2026-03-04 11:31:40'),
(3242, 2, 301, 12, 'PRESENT', '2026-03-04 11:31:40', '2026-03-04 11:31:40'),
(3257, 2, 302, 1, 'PRESENT', '2026-03-04 11:31:42', '2026-03-04 11:31:42'),
(3258, 2, 302, 3, 'PRESENT', '2026-03-04 11:31:42', '2026-03-04 11:31:42'),
(3259, 2, 302, 4, 'PRESENT', '2026-03-04 11:31:42', '2026-03-04 11:31:42'),
(3260, 2, 302, 28, 'PRESENT', '2026-03-04 11:31:42', '2026-03-04 11:31:42'),
(3261, 2, 302, 10, 'PRESENT', '2026-03-04 11:31:42', '2026-03-04 11:31:42'),
(3262, 2, 302, 19, 'PRESENT', '2026-03-04 11:31:42', '2026-03-04 11:31:42'),
(3263, 2, 302, 12, 'PRESENT', '2026-03-04 11:31:42', '2026-03-04 11:31:42'),
(3264, 2, 302, 8, 'PRESENT', '2026-03-04 11:32:01', '2026-03-04 11:32:01'),
(3265, 2, 301, 8, 'PRESENT', '2026-03-04 11:32:12', '2026-03-04 11:32:12'),
(3266, 2, 273, 36, 'PRESENT', '2026-03-04 11:37:52', '2026-03-04 11:37:52'),
(3267, 2, 273, 38, 'ABSENT', '2026-03-04 11:37:53', '2026-03-04 11:37:53'),
(3268, 2, 273, 39, 'ABSENT', '2026-03-04 11:37:53', '2026-03-04 11:37:53'),
(3269, 2, 273, 40, 'PRESENT', '2026-03-04 11:37:53', '2026-03-04 11:46:08'),
(3270, 2, 273, 34, 'PRESENT', '2026-03-04 11:37:54', '2026-03-04 11:46:08'),
(3271, 2, 273, 41, 'ABSENT', '2026-03-04 11:37:54', '2026-03-04 11:37:54'),
(3272, 2, 273, 42, 'PRESENT', '2026-03-04 11:37:54', '2026-03-04 11:46:09'),
(3273, 2, 273, 35, 'PRESENT', '2026-03-04 11:37:54', '2026-03-04 11:46:09'),
(3274, 2, 273, 31, 'PRESENT', '2026-03-04 11:37:54', '2026-03-04 11:46:10'),
(3275, 2, 273, 30, 'PRESENT', '2026-03-04 11:37:55', '2026-03-04 11:46:11'),
(3276, 2, 273, 33, 'PRESENT', '2026-03-04 11:37:55', '2026-03-04 11:46:11'),
(3277, 2, 272, 36, 'PRESENT', '2026-03-04 11:45:38', '2026-03-04 11:45:38'),
(3278, 2, 272, 40, 'PRESENT', '2026-03-04 11:45:38', '2026-03-04 11:45:38'),
(3279, 2, 272, 34, 'PRESENT', '2026-03-04 11:45:39', '2026-03-04 11:45:39'),
(3280, 2, 272, 42, 'PRESENT', '2026-03-04 11:45:39', '2026-03-04 11:45:39'),
(3281, 2, 272, 31, 'PRESENT', '2026-03-04 11:45:40', '2026-03-04 11:45:40'),
(3282, 2, 272, 35, 'PRESENT', '2026-03-04 11:45:41', '2026-03-04 11:45:41'),
(3283, 2, 272, 30, 'PRESENT', '2026-03-04 11:45:41', '2026-03-04 11:45:41'),
(3284, 2, 272, 33, 'PRESENT', '2026-03-04 11:45:42', '2026-03-04 11:45:42'),
(3299, 2, 287, 6, 'PRESENT', '2026-03-04 13:15:30', '2026-03-04 13:15:30'),
(3300, 2, 287, 9, 'PRESENT', '2026-03-04 13:15:30', '2026-03-04 13:15:30'),
(3301, 2, 287, 10, 'PRESENT', '2026-03-04 13:15:30', '2026-03-04 13:15:30'),
(3302, 2, 287, 12, 'PRESENT', '2026-03-04 13:15:31', '2026-03-04 13:15:31'),
(3303, 2, 287, 13, 'PRESENT', '2026-03-04 13:15:31', '2026-03-04 13:15:31'),
(3304, 2, 287, 14, 'PRESENT', '2026-03-04 13:15:31', '2026-03-04 13:15:31'),
(3305, 2, 287, 15, 'PRESENT', '2026-03-04 13:15:31', '2026-03-04 13:15:31'),
(3306, 2, 287, 16, 'PRESENT', '2026-03-04 13:15:32', '2026-03-04 13:15:32'),
(3307, 2, 287, 17, 'PRESENT', '2026-03-04 13:15:32', '2026-03-04 13:15:32'),
(3308, 2, 287, 18, 'PRESENT', '2026-03-04 13:15:32', '2026-03-04 13:15:32'),
(3309, 2, 287, 20, 'PRESENT', '2026-03-04 13:15:32', '2026-03-04 13:15:32'),
(3310, 2, 287, 19, 'PRESENT', '2026-03-04 13:15:32', '2026-03-04 13:15:32'),
(3311, 2, 287, 21, 'PRESENT', '2026-03-04 13:15:33', '2026-03-04 13:15:33'),
(3312, 2, 287, 1, 'PRESENT', '2026-03-04 13:15:33', '2026-03-04 13:15:33'),
(3313, 2, 287, 28, 'PRESENT', '2026-03-04 13:15:33', '2026-03-04 13:15:33'),
(3314, 2, 274, 36, 'PRESENT', '2026-03-04 14:05:32', '2026-03-04 14:05:32'),
(3315, 2, 274, 38, 'ABSENT', '2026-03-04 14:05:32', '2026-03-04 14:05:32'),
(3316, 2, 274, 39, 'ABSENT', '2026-03-04 14:05:32', '2026-03-04 14:05:32'),
(3317, 2, 274, 40, 'PRESENT', '2026-03-04 14:05:32', '2026-03-04 14:05:32'),
(3318, 2, 274, 34, 'PRESENT', '2026-03-04 14:05:32', '2026-03-04 14:05:32'),
(3319, 2, 274, 41, 'ABSENT', '2026-03-04 14:05:32', '2026-03-04 14:05:32'),
(3320, 2, 274, 42, 'PRESENT', '2026-03-04 14:05:32', '2026-03-04 14:05:32'),
(3321, 2, 274, 35, 'PRESENT', '2026-03-04 14:05:32', '2026-03-04 14:05:32'),
(3322, 2, 274, 31, 'PRESENT', '2026-03-04 14:05:32', '2026-03-04 14:05:32'),
(3323, 2, 274, 30, 'PRESENT', '2026-03-04 14:05:33', '2026-03-04 14:05:33'),
(3324, 2, 274, 33, 'PRESENT', '2026-03-04 14:05:33', '2026-03-04 14:05:33'),
(3325, 2, 275, 36, 'PRESENT', '2026-03-04 14:05:33', '2026-03-04 14:05:33'),
(3326, 2, 275, 38, 'ABSENT', '2026-03-04 14:05:33', '2026-03-04 14:05:33'),
(3327, 2, 275, 39, 'ABSENT', '2026-03-04 14:05:33', '2026-03-04 14:05:33'),
(3328, 2, 275, 40, 'PRESENT', '2026-03-04 14:05:33', '2026-03-04 14:05:33'),
(3329, 2, 275, 34, 'PRESENT', '2026-03-04 14:05:33', '2026-03-04 14:05:33'),
(3330, 2, 275, 41, 'ABSENT', '2026-03-04 14:05:33', '2026-03-04 14:05:33'),
(3331, 2, 275, 42, 'PRESENT', '2026-03-04 14:05:33', '2026-03-04 14:05:33'),
(3332, 2, 275, 35, 'PRESENT', '2026-03-04 14:05:33', '2026-03-04 14:05:33'),
(3333, 2, 275, 31, 'PRESENT', '2026-03-04 14:05:33', '2026-03-04 14:05:33'),
(3334, 2, 275, 30, 'PRESENT', '2026-03-04 14:05:33', '2026-03-04 14:05:33'),
(3335, 2, 275, 33, 'PRESENT', '2026-03-04 14:05:33', '2026-03-04 14:05:33'),
(3336, 2, 288, 6, 'PRESENT', '2026-03-04 14:26:30', '2026-03-04 14:26:30'),
(3337, 2, 288, 9, 'PRESENT', '2026-03-04 14:26:30', '2026-03-04 14:26:30'),
(3338, 2, 288, 10, 'PRESENT', '2026-03-04 14:26:30', '2026-03-04 14:26:30'),
(3339, 2, 288, 12, 'PRESENT', '2026-03-04 14:26:30', '2026-03-04 14:26:30'),
(3340, 2, 288, 13, 'PRESENT', '2026-03-04 14:26:30', '2026-03-04 14:26:30'),
(3341, 2, 288, 14, 'PRESENT', '2026-03-04 14:26:30', '2026-03-04 14:26:30'),
(3342, 2, 288, 15, 'PRESENT', '2026-03-04 14:26:30', '2026-03-04 14:26:30'),
(3343, 2, 288, 16, 'PRESENT', '2026-03-04 14:26:30', '2026-03-04 14:26:30'),
(3344, 2, 288, 17, 'PRESENT', '2026-03-04 14:26:30', '2026-03-04 14:26:30'),
(3345, 2, 288, 18, 'PRESENT', '2026-03-04 14:26:30', '2026-03-04 14:26:30'),
(3346, 2, 288, 20, 'PRESENT', '2026-03-04 14:26:30', '2026-03-04 14:26:30'),
(3347, 2, 288, 19, 'PRESENT', '2026-03-04 14:26:30', '2026-03-04 14:26:30'),
(3348, 2, 288, 21, 'PRESENT', '2026-03-04 14:26:30', '2026-03-04 14:26:30'),
(3349, 2, 288, 1, 'PRESENT', '2026-03-04 14:26:30', '2026-03-04 14:26:30'),
(3350, 2, 288, 28, 'PRESENT', '2026-03-04 14:26:30', '2026-03-04 14:26:30'),
(3351, 2, 276, 36, 'ABSENT', '2026-03-08 10:28:54', '2026-03-08 10:29:39'),
(3352, 2, 276, 38, 'PRESENT', '2026-03-08 10:28:54', '2026-03-08 10:29:30'),
(3353, 2, 276, 39, 'PRESENT', '2026-03-08 10:28:54', '2026-03-08 10:29:31'),
(3354, 2, 276, 40, 'PRESENT', '2026-03-08 10:28:54', '2026-03-08 10:29:31'),
(3355, 2, 276, 34, 'PRESENT', '2026-03-08 10:28:54', '2026-03-08 10:29:31'),
(3356, 2, 276, 41, 'PRESENT', '2026-03-08 10:28:54', '2026-03-08 10:29:31'),
(3357, 2, 276, 42, 'PRESENT', '2026-03-08 10:28:54', '2026-03-08 10:29:31'),
(3358, 2, 276, 35, 'PRESENT', '2026-03-08 10:28:54', '2026-03-08 10:29:31'),
(3359, 2, 276, 31, 'PRESENT', '2026-03-08 10:28:54', '2026-03-08 10:29:31'),
(3360, 2, 276, 30, 'PRESENT', '2026-03-08 10:28:54', '2026-03-08 10:29:32'),
(3361, 2, 276, 33, 'PRESENT', '2026-03-08 10:28:54', '2026-03-08 10:29:32'),
(3362, 2, 277, 36, 'ABSENT', '2026-03-08 10:28:55', '2026-03-08 10:29:40'),
(3363, 2, 277, 38, 'PRESENT', '2026-03-08 10:28:55', '2026-03-08 10:29:40'),
(3364, 2, 277, 39, 'PRESENT', '2026-03-08 10:28:55', '2026-03-08 10:29:40'),
(3365, 2, 277, 40, 'PRESENT', '2026-03-08 10:28:55', '2026-03-08 10:29:40'),
(3366, 2, 277, 34, 'PRESENT', '2026-03-08 10:28:55', '2026-03-08 10:29:40'),
(3367, 2, 277, 41, 'PRESENT', '2026-03-08 10:28:55', '2026-03-08 10:29:40'),
(3368, 2, 277, 42, 'PRESENT', '2026-03-08 10:28:55', '2026-03-08 10:29:40'),
(3369, 2, 277, 35, 'PRESENT', '2026-03-08 10:28:55', '2026-03-08 10:29:40'),
(3370, 2, 277, 31, 'PRESENT', '2026-03-08 10:28:55', '2026-03-08 10:29:40'),
(3371, 2, 277, 30, 'PRESENT', '2026-03-08 10:28:55', '2026-03-08 10:29:40'),
(3372, 2, 277, 33, 'PRESENT', '2026-03-08 10:28:55', '2026-03-08 10:29:40'),
(3384, 2, 278, 36, 'ABSENT', '2026-03-08 10:28:56', '2026-03-08 10:29:42'),
(3385, 2, 278, 38, 'PRESENT', '2026-03-08 10:28:56', '2026-03-08 10:29:42'),
(3386, 2, 278, 39, 'PRESENT', '2026-03-08 10:28:56', '2026-03-08 10:29:42'),
(3387, 2, 278, 40, 'PRESENT', '2026-03-08 10:28:56', '2026-03-08 10:29:42'),
(3388, 2, 278, 34, 'PRESENT', '2026-03-08 10:28:56', '2026-03-08 10:29:42'),
(3389, 2, 278, 41, 'PRESENT', '2026-03-08 10:28:56', '2026-03-08 10:29:42'),
(3390, 2, 278, 42, 'PRESENT', '2026-03-08 10:28:56', '2026-03-08 10:29:42'),
(3391, 2, 278, 35, 'PRESENT', '2026-03-08 10:28:56', '2026-03-08 10:29:42'),
(3392, 2, 278, 31, 'PRESENT', '2026-03-08 10:28:56', '2026-03-08 10:29:42'),
(3393, 2, 278, 30, 'PRESENT', '2026-03-08 10:28:56', '2026-03-08 10:29:42'),
(3394, 2, 278, 33, 'PRESENT', '2026-03-08 10:28:56', '2026-03-08 10:29:42'),
(3395, 2, 279, 36, 'ABSENT', '2026-03-08 10:28:57', '2026-03-08 10:29:43'),
(3396, 2, 279, 38, 'PRESENT', '2026-03-08 10:28:57', '2026-03-08 10:29:43'),
(3397, 2, 279, 39, 'PRESENT', '2026-03-08 10:28:57', '2026-03-08 10:29:43'),
(3398, 2, 279, 40, 'PRESENT', '2026-03-08 10:28:57', '2026-03-08 10:29:43'),
(3399, 2, 279, 34, 'PRESENT', '2026-03-08 10:28:57', '2026-03-08 10:29:43'),
(3400, 2, 279, 41, 'PRESENT', '2026-03-08 10:28:57', '2026-03-08 10:29:43'),
(3401, 2, 279, 42, 'PRESENT', '2026-03-08 10:28:57', '2026-03-08 10:29:43'),
(3402, 2, 279, 35, 'PRESENT', '2026-03-08 10:28:57', '2026-03-08 10:29:43'),
(3403, 2, 279, 31, 'PRESENT', '2026-03-08 10:28:57', '2026-03-08 10:29:43'),
(3404, 2, 279, 30, 'PRESENT', '2026-03-08 10:28:57', '2026-03-08 10:29:43'),
(3405, 2, 279, 33, 'PRESENT', '2026-03-08 10:28:57', '2026-03-08 10:29:43'),
(3467, 2, 336, 40, 'PRESENT', '2026-03-08 12:31:22', '2026-03-08 12:31:22'),
(3468, 2, 336, 34, 'ABSENT', '2026-03-08 12:31:22', '2026-03-08 12:31:22'),
(3469, 2, 336, 41, 'PRESENT', '2026-03-08 12:31:23', '2026-03-08 12:31:23'),
(3470, 2, 336, 42, 'PRESENT', '2026-03-08 12:31:23', '2026-03-08 12:31:23'),
(3471, 2, 336, 35, 'PRESENT', '2026-03-08 12:31:23', '2026-03-08 12:31:23'),
(3472, 2, 336, 30, 'PRESENT', '2026-03-08 12:31:23', '2026-03-08 12:31:23'),
(3473, 2, 336, 33, 'PRESENT', '2026-03-08 12:31:24', '2026-03-08 12:31:24'),
(3474, 2, 337, 33, 'PRESENT', '2026-03-08 12:31:44', '2026-03-08 12:31:44'),
(3475, 2, 337, 30, 'PRESENT', '2026-03-08 12:31:44', '2026-03-08 12:31:44'),
(3476, 2, 337, 35, 'PRESENT', '2026-03-08 12:31:45', '2026-03-08 12:31:45'),
(3477, 2, 337, 42, 'PRESENT', '2026-03-08 12:31:45', '2026-03-08 12:31:45'),
(3478, 2, 337, 41, 'PRESENT', '2026-03-08 12:31:45', '2026-03-08 12:31:45'),
(3479, 2, 337, 40, 'PRESENT', '2026-03-08 12:31:45', '2026-03-08 12:31:45'),
(3480, 2, 339, 40, 'PRESENT', '2026-03-08 13:56:03', '2026-03-08 13:56:03'),
(3481, 2, 339, 38, 'PRESENT', '2026-03-08 13:56:03', '2026-03-08 13:56:03'),
(3482, 2, 339, 41, 'PRESENT', '2026-03-08 13:56:03', '2026-03-08 13:56:03'),
(3483, 2, 339, 42, 'PRESENT', '2026-03-08 13:56:03', '2026-03-08 13:56:03'),
(3484, 2, 339, 35, 'PRESENT', '2026-03-08 13:56:03', '2026-03-08 13:56:03'),
(3485, 2, 339, 30, 'PRESENT', '2026-03-08 13:56:03', '2026-03-08 13:56:03'),
(3486, 2, 339, 33, 'PRESENT', '2026-03-08 13:56:03', '2026-03-08 13:56:03'),
(3487, 2, 340, 40, 'PRESENT', '2026-03-08 13:56:04', '2026-03-08 13:56:04'),
(3488, 2, 340, 38, 'PRESENT', '2026-03-08 13:56:04', '2026-03-08 13:56:04'),
(3489, 2, 340, 41, 'PRESENT', '2026-03-08 13:56:04', '2026-03-08 13:56:04'),
(3490, 2, 340, 42, 'PRESENT', '2026-03-08 13:56:04', '2026-03-08 13:56:04'),
(3491, 2, 340, 35, 'PRESENT', '2026-03-08 13:56:04', '2026-03-08 13:56:04'),
(3492, 2, 340, 30, 'PRESENT', '2026-03-08 13:56:04', '2026-03-08 13:56:04'),
(3493, 2, 340, 33, 'PRESENT', '2026-03-08 13:56:04', '2026-03-08 13:56:04'),
(3494, 2, 328, 3, 'PRESENT', '2026-03-09 10:23:04', '2026-03-09 10:23:04'),
(3495, 2, 328, 6, 'PRESENT', '2026-03-09 10:23:05', '2026-03-09 10:23:05'),
(3496, 2, 328, 7, 'PRESENT', '2026-03-09 10:23:05', '2026-03-09 10:23:05'),
(3497, 2, 328, 9, 'PRESENT', '2026-03-09 10:23:05', '2026-03-09 10:23:05'),
(3498, 2, 328, 10, 'PRESENT', '2026-03-09 10:23:05', '2026-03-09 10:23:05'),
(3499, 2, 328, 11, 'PRESENT', '2026-03-09 10:23:05', '2026-03-09 10:23:05');

INSERT INTO `attendance_records` (`attendance_id`, `term_id`, `schedule_id`, `student_id`, `status`, `created_at`, `updated_at`) VALUES
(3500, 2, 328, 12, 'PRESENT', '2026-03-09 10:23:06', '2026-03-09 10:23:06'),
(3501, 2, 328, 13, 'PRESENT', '2026-03-09 10:23:06', '2026-03-09 10:23:06'),
(3502, 2, 328, 15, 'PRESENT', '2026-03-09 10:23:06', '2026-03-09 10:23:06'),
(3503, 2, 328, 16, 'PRESENT', '2026-03-09 10:23:06', '2026-03-09 10:23:06'),
(3504, 2, 328, 17, 'PRESENT', '2026-03-09 10:23:06', '2026-03-09 10:23:06'),
(3505, 2, 328, 18, 'PRESENT', '2026-03-09 10:23:07', '2026-03-09 10:23:07'),
(3506, 2, 328, 19, 'PRESENT', '2026-03-09 10:23:07', '2026-03-09 10:23:07'),
(3507, 2, 328, 20, 'PRESENT', '2026-03-09 10:23:07', '2026-03-09 10:23:07'),
(3508, 2, 328, 21, 'PRESENT', '2026-03-09 10:23:07', '2026-03-09 10:23:07'),
(3509, 2, 328, 22, 'PRESENT', '2026-03-09 10:23:07', '2026-03-09 10:23:07'),
(3510, 2, 328, 24, 'PRESENT', '2026-03-09 10:23:08', '2026-03-09 10:23:08'),
(3511, 2, 328, 25, 'PRESENT', '2026-03-09 10:23:08', '2026-03-09 10:23:08'),
(3512, 2, 328, 26, 'PRESENT', '2026-03-09 10:23:08', '2026-03-09 10:23:08'),
(3513, 2, 328, 28, 'PRESENT', '2026-03-09 10:23:08', '2026-03-09 10:23:08'),
(3514, 2, 329, 3, 'PRESENT', '2026-03-09 10:23:20', '2026-03-09 10:23:20'),
(3515, 2, 329, 6, 'PRESENT', '2026-03-09 10:23:20', '2026-03-09 10:23:20'),
(3516, 2, 329, 7, 'PRESENT', '2026-03-09 10:23:20', '2026-03-09 10:23:20'),
(3517, 2, 329, 9, 'PRESENT', '2026-03-09 10:23:20', '2026-03-09 10:23:20'),
(3518, 2, 329, 10, 'PRESENT', '2026-03-09 10:23:20', '2026-03-09 10:23:20'),
(3519, 2, 329, 11, 'PRESENT', '2026-03-09 10:23:20', '2026-03-09 10:23:20'),
(3520, 2, 329, 12, 'PRESENT', '2026-03-09 10:23:20', '2026-03-09 10:23:20'),
(3521, 2, 329, 13, 'PRESENT', '2026-03-09 10:23:20', '2026-03-09 10:23:20'),
(3522, 2, 329, 15, 'PRESENT', '2026-03-09 10:23:20', '2026-03-09 10:23:20'),
(3523, 2, 329, 16, 'PRESENT', '2026-03-09 10:23:20', '2026-03-09 10:23:20'),
(3524, 2, 329, 17, 'PRESENT', '2026-03-09 10:23:20', '2026-03-09 10:23:20'),
(3525, 2, 329, 18, 'PRESENT', '2026-03-09 10:23:20', '2026-03-09 10:23:20'),
(3526, 2, 329, 19, 'PRESENT', '2026-03-09 10:23:20', '2026-03-09 10:23:20'),
(3527, 2, 329, 20, 'PRESENT', '2026-03-09 10:23:20', '2026-03-09 10:23:20'),
(3528, 2, 329, 21, 'PRESENT', '2026-03-09 10:23:20', '2026-03-09 10:23:20'),
(3529, 2, 329, 22, 'PRESENT', '2026-03-09 10:23:20', '2026-03-09 10:23:20'),
(3530, 2, 329, 24, 'PRESENT', '2026-03-09 10:23:20', '2026-03-09 10:23:20'),
(3531, 2, 329, 25, 'PRESENT', '2026-03-09 10:23:20', '2026-03-09 10:23:20'),
(3532, 2, 329, 26, 'PRESENT', '2026-03-09 10:23:20', '2026-03-09 10:23:20'),
(3533, 2, 329, 28, 'PRESENT', '2026-03-09 10:23:20', '2026-03-09 10:23:20'),
(3534, 2, 341, 36, 'ABSENT', '2026-03-09 10:59:42', '2026-03-09 10:59:42'),
(3536, 2, 341, 38, 'ABSENT', '2026-03-09 10:59:42', '2026-03-09 10:59:42'),
(3538, 2, 341, 39, 'ABSENT', '2026-03-09 10:59:42', '2026-03-09 10:59:42'),
(3540, 2, 341, 40, 'ABSENT', '2026-03-09 10:59:43', '2026-03-09 10:59:43'),
(3542, 2, 341, 34, 'PRESENT', '2026-03-09 10:59:43', '2026-03-09 10:59:43'),
(3544, 2, 341, 41, 'PRESENT', '2026-03-09 10:59:43', '2026-03-09 10:59:43'),
(3546, 2, 341, 42, 'PRESENT', '2026-03-09 10:59:44', '2026-03-09 10:59:44'),
(3548, 2, 341, 35, 'PRESENT', '2026-03-09 10:59:44', '2026-03-09 10:59:44'),
(3550, 2, 341, 31, 'ABSENT', '2026-03-09 10:59:44', '2026-03-09 10:59:48'),
(3552, 2, 341, 30, 'PRESENT', '2026-03-09 10:59:45', '2026-03-09 10:59:45'),
(3554, 2, 341, 33, 'PRESENT', '2026-03-09 10:59:45', '2026-03-09 10:59:45'),
(3557, 2, 342, 36, 'ABSENT', '2026-03-09 10:59:49', '2026-03-09 10:59:49'),
(3558, 2, 342, 38, 'ABSENT', '2026-03-09 10:59:49', '2026-03-09 10:59:49'),
(3559, 2, 342, 39, 'ABSENT', '2026-03-09 10:59:49', '2026-03-09 10:59:49'),
(3560, 2, 342, 40, 'PRESENT', '2026-03-09 10:59:49', '2026-03-09 10:59:56'),
(3561, 2, 342, 34, 'PRESENT', '2026-03-09 10:59:49', '2026-03-09 10:59:49'),
(3562, 2, 342, 41, 'PRESENT', '2026-03-09 10:59:49', '2026-03-09 10:59:49'),
(3563, 2, 342, 42, 'PRESENT', '2026-03-09 10:59:49', '2026-03-09 10:59:49'),
(3564, 2, 342, 35, 'PRESENT', '2026-03-09 10:59:49', '2026-03-09 10:59:49'),
(3565, 2, 342, 31, 'PRESENT', '2026-03-09 10:59:49', '2026-03-09 10:59:55'),
(3566, 2, 342, 30, 'PRESENT', '2026-03-09 10:59:49', '2026-03-09 10:59:49'),
(3567, 2, 342, 33, 'PRESENT', '2026-03-09 10:59:49', '2026-03-09 10:59:49'),
(3570, 2, 330, 3, 'PRESENT', '2026-03-09 11:59:11', '2026-03-09 11:59:11'),
(3571, 2, 330, 6, 'PRESENT', '2026-03-09 11:59:11', '2026-03-09 11:59:11'),
(3572, 2, 330, 7, 'PRESENT', '2026-03-09 11:59:11', '2026-03-09 11:59:11'),
(3573, 2, 330, 9, 'PRESENT', '2026-03-09 11:59:11', '2026-03-09 11:59:11'),
(3574, 2, 330, 10, 'PRESENT', '2026-03-09 11:59:11', '2026-03-09 11:59:11'),
(3575, 2, 330, 11, 'PRESENT', '2026-03-09 11:59:11', '2026-03-09 11:59:11'),
(3576, 2, 330, 12, 'PRESENT', '2026-03-09 11:59:11', '2026-03-09 11:59:11'),
(3577, 2, 330, 13, 'PRESENT', '2026-03-09 11:59:11', '2026-03-09 11:59:11'),
(3578, 2, 330, 15, 'PRESENT', '2026-03-09 11:59:11', '2026-03-09 11:59:11'),
(3579, 2, 330, 16, 'PRESENT', '2026-03-09 11:59:11', '2026-03-09 11:59:11'),
(3580, 2, 330, 17, 'PRESENT', '2026-03-09 11:59:11', '2026-03-09 11:59:11'),
(3581, 2, 330, 18, 'PRESENT', '2026-03-09 11:59:11', '2026-03-09 11:59:11'),
(3582, 2, 330, 19, 'PRESENT', '2026-03-09 11:59:11', '2026-03-09 11:59:11'),
(3583, 2, 330, 20, 'PRESENT', '2026-03-09 11:59:11', '2026-03-09 11:59:11'),
(3584, 2, 330, 21, 'PRESENT', '2026-03-09 11:59:11', '2026-03-09 11:59:11'),
(3585, 2, 330, 22, 'PRESENT', '2026-03-09 11:59:11', '2026-03-09 11:59:11'),
(3586, 2, 330, 24, 'PRESENT', '2026-03-09 11:59:11', '2026-03-09 11:59:11'),
(3587, 2, 330, 25, 'PRESENT', '2026-03-09 11:59:11', '2026-03-09 11:59:11'),
(3588, 2, 330, 26, 'PRESENT', '2026-03-09 11:59:11', '2026-03-09 11:59:11'),
(3589, 2, 330, 28, 'PRESENT', '2026-03-09 11:59:11', '2026-03-09 11:59:11'),
(3590, 2, 330, 8, 'PRESENT', '2026-03-09 11:59:35', '2026-03-09 11:59:35'),
(3591, 2, 331, 3, 'PRESENT', '2026-03-09 12:57:21', '2026-03-09 12:57:21'),
(3592, 2, 331, 6, 'PRESENT', '2026-03-09 12:57:21', '2026-03-09 12:57:21'),
(3593, 2, 331, 7, 'PRESENT', '2026-03-09 12:57:21', '2026-03-09 12:57:21'),
(3594, 2, 331, 8, 'PRESENT', '2026-03-09 12:57:21', '2026-03-09 12:57:21'),
(3595, 2, 331, 9, 'PRESENT', '2026-03-09 12:57:22', '2026-03-09 12:57:22'),
(3596, 2, 331, 10, 'PRESENT', '2026-03-09 12:57:22', '2026-03-09 12:57:22'),
(3597, 2, 331, 12, 'PRESENT', '2026-03-09 12:57:22', '2026-03-09 12:57:22'),
(3598, 2, 331, 13, 'PRESENT', '2026-03-09 12:57:22', '2026-03-09 12:57:22'),
(3599, 2, 331, 15, 'PRESENT', '2026-03-09 12:57:22', '2026-03-09 12:57:22'),
(3600, 2, 331, 16, 'PRESENT', '2026-03-09 12:57:23', '2026-03-09 12:57:23'),
(3601, 2, 331, 17, 'PRESENT', '2026-03-09 12:57:23', '2026-03-09 12:57:23'),
(3602, 2, 331, 18, 'PRESENT', '2026-03-09 12:57:23', '2026-03-09 12:57:23'),
(3603, 2, 331, 19, 'PRESENT', '2026-03-09 12:57:23', '2026-03-09 12:57:23'),
(3604, 2, 331, 20, 'PRESENT', '2026-03-09 12:57:23', '2026-03-09 12:57:23'),
(3605, 2, 331, 21, 'PRESENT', '2026-03-09 12:57:24', '2026-03-09 12:57:24'),
(3606, 2, 331, 22, 'PRESENT', '2026-03-09 12:57:24', '2026-03-09 12:57:24'),
(3607, 2, 331, 24, 'PRESENT', '2026-03-09 12:57:24', '2026-03-09 12:57:24'),
(3608, 2, 331, 25, 'PRESENT', '2026-03-09 12:57:24', '2026-03-09 12:57:24'),
(3609, 2, 332, 3, 'PRESENT', '2026-03-09 12:57:40', '2026-03-09 12:57:40'),
(3610, 2, 332, 6, 'PRESENT', '2026-03-09 12:57:40', '2026-03-09 12:57:40'),
(3611, 2, 332, 7, 'PRESENT', '2026-03-09 12:57:40', '2026-03-09 12:57:40'),
(3612, 2, 332, 8, 'PRESENT', '2026-03-09 12:57:40', '2026-03-09 12:57:40'),
(3613, 2, 332, 9, 'PRESENT', '2026-03-09 12:57:40', '2026-03-09 12:57:40'),
(3614, 2, 332, 10, 'PRESENT', '2026-03-09 12:57:40', '2026-03-09 12:57:40'),
(3615, 2, 332, 12, 'PRESENT', '2026-03-09 12:57:40', '2026-03-09 12:57:40'),
(3616, 2, 332, 13, 'PRESENT', '2026-03-09 12:57:40', '2026-03-09 12:57:40'),
(3617, 2, 332, 15, 'PRESENT', '2026-03-09 12:57:40', '2026-03-09 12:57:40'),
(3618, 2, 332, 16, 'PRESENT', '2026-03-09 12:57:40', '2026-03-09 12:57:40'),
(3619, 2, 332, 17, 'PRESENT', '2026-03-09 12:57:40', '2026-03-09 12:57:40'),
(3620, 2, 332, 18, 'PRESENT', '2026-03-09 12:57:40', '2026-03-09 12:57:40'),
(3621, 2, 332, 19, 'PRESENT', '2026-03-09 12:57:40', '2026-03-09 12:57:40'),
(3622, 2, 332, 20, 'PRESENT', '2026-03-09 12:57:40', '2026-03-09 12:57:40'),
(3623, 2, 332, 21, 'PRESENT', '2026-03-09 12:57:40', '2026-03-09 12:57:40'),
(3624, 2, 332, 22, 'PRESENT', '2026-03-09 12:57:40', '2026-03-09 12:57:40'),
(3625, 2, 332, 24, 'PRESENT', '2026-03-09 12:57:40', '2026-03-09 12:57:40'),
(3626, 2, 332, 25, 'PRESENT', '2026-03-09 12:57:40', '2026-03-09 12:57:40'),
(3627, 2, 323, 6, 'PRESENT', '2026-03-10 08:58:03', '2026-03-10 08:58:03'),
(3628, 2, 323, 7, 'PRESENT', '2026-03-10 08:58:03', '2026-03-10 08:58:03'),
(3629, 2, 323, 9, 'PRESENT', '2026-03-10 08:58:03', '2026-03-10 08:58:03'),
(3630, 2, 323, 14, 'PRESENT', '2026-03-10 08:58:03', '2026-03-10 08:58:03'),
(3631, 2, 323, 15, 'PRESENT', '2026-03-10 08:58:04', '2026-03-10 08:58:04'),
(3632, 2, 323, 16, 'PRESENT', '2026-03-10 08:58:04', '2026-03-10 08:58:04'),
(3633, 2, 323, 18, 'PRESENT', '2026-03-10 08:58:04', '2026-03-10 08:58:04'),
(3634, 2, 323, 19, 'PRESENT', '2026-03-10 08:58:04', '2026-03-10 08:58:04'),
(3635, 2, 323, 20, 'PRESENT', '2026-03-10 08:58:04', '2026-03-10 08:58:04'),
(3636, 2, 323, 21, 'PRESENT', '2026-03-10 08:58:05', '2026-03-10 08:58:05'),
(3637, 2, 323, 22, 'PRESENT', '2026-03-10 08:58:05', '2026-03-10 08:58:05'),
(3638, 2, 323, 12, 'PRESENT', '2026-03-10 09:09:39', '2026-03-10 09:09:39'),
(3639, 2, 323, 10, 'PRESENT', '2026-03-10 09:09:39', '2026-03-10 09:09:39'),
(3640, 2, 323, 3, 'PRESENT', '2026-03-10 10:01:23', '2026-03-10 10:01:23'),
(3641, 2, 323, 13, 'PRESENT', '2026-03-10 10:01:23', '2026-03-10 10:01:23'),
(3642, 2, 323, 26, 'PRESENT', '2026-03-10 10:01:23', '2026-03-10 10:01:23'),
(3643, 2, 323, 25, 'PRESENT', '2026-03-10 10:01:30', '2026-03-10 10:01:30'),
(3644, 2, 324, 6, 'PRESENT', '2026-03-10 10:01:36', '2026-03-10 10:01:36'),
(3645, 2, 324, 7, 'PRESENT', '2026-03-10 10:01:36', '2026-03-10 10:01:36'),
(3646, 2, 324, 9, 'PRESENT', '2026-03-10 10:01:36', '2026-03-10 10:01:36'),
(3647, 2, 324, 14, 'PRESENT', '2026-03-10 10:01:36', '2026-03-10 10:01:36'),
(3648, 2, 324, 15, 'PRESENT', '2026-03-10 10:01:36', '2026-03-10 10:01:36'),
(3649, 2, 324, 16, 'PRESENT', '2026-03-10 10:01:36', '2026-03-10 10:01:36'),
(3650, 2, 324, 18, 'PRESENT', '2026-03-10 10:01:36', '2026-03-10 10:01:36'),
(3651, 2, 324, 19, 'PRESENT', '2026-03-10 10:01:36', '2026-03-10 10:01:36'),
(3652, 2, 324, 20, 'PRESENT', '2026-03-10 10:01:36', '2026-03-10 10:01:36'),
(3653, 2, 324, 21, 'PRESENT', '2026-03-10 10:01:36', '2026-03-10 10:01:36'),
(3654, 2, 324, 22, 'PRESENT', '2026-03-10 10:01:36', '2026-03-10 10:01:36'),
(3655, 2, 324, 12, 'PRESENT', '2026-03-10 10:01:36', '2026-03-10 10:01:36'),
(3656, 2, 324, 10, 'PRESENT', '2026-03-10 10:01:36', '2026-03-10 10:01:36'),
(3657, 2, 324, 3, 'PRESENT', '2026-03-10 10:01:36', '2026-03-10 10:01:36'),
(3658, 2, 324, 13, 'PRESENT', '2026-03-10 10:01:36', '2026-03-10 10:01:36'),
(3659, 2, 324, 26, 'PRESENT', '2026-03-10 10:01:36', '2026-03-10 10:01:36'),
(3660, 2, 324, 25, 'PRESENT', '2026-03-10 10:01:36', '2026-03-10 10:01:36'),
(3661, 2, 346, 36, 'PRESENT', '2026-03-10 10:06:19', '2026-03-10 10:06:19'),
(3662, 2, 346, 38, 'ABSENT', '2026-03-10 10:06:19', '2026-03-10 10:06:19'),
(3663, 2, 346, 39, 'ABSENT', '2026-03-10 10:06:19', '2026-03-10 10:06:19'),
(3664, 2, 346, 40, 'PRESENT', '2026-03-10 10:06:19', '2026-03-10 10:06:19'),
(3665, 2, 346, 34, 'PRESENT', '2026-03-10 10:06:19', '2026-03-10 10:06:19'),
(3666, 2, 346, 41, 'PRESENT', '2026-03-10 10:06:19', '2026-03-10 10:06:19'),
(3667, 2, 346, 42, 'PRESENT', '2026-03-10 10:06:20', '2026-03-10 10:06:20'),
(3668, 2, 346, 35, 'PRESENT', '2026-03-10 10:06:20', '2026-03-10 10:06:20'),
(3669, 2, 346, 31, 'PRESENT', '2026-03-10 10:06:20', '2026-03-10 10:06:20'),
(3670, 2, 346, 30, 'ABSENT', '2026-03-10 10:06:20', '2026-03-10 10:06:20'),
(3671, 2, 346, 33, 'ABSENT', '2026-03-10 10:06:20', '2026-03-10 10:06:20'),
(3672, 2, 347, 36, 'PRESENT', '2026-03-10 10:06:22', '2026-03-10 10:06:22'),
(3673, 2, 347, 38, 'ABSENT', '2026-03-10 10:06:22', '2026-03-10 10:06:22'),
(3674, 2, 347, 39, 'ABSENT', '2026-03-10 10:06:22', '2026-03-10 10:06:22'),
(3675, 2, 347, 40, 'PRESENT', '2026-03-10 10:06:22', '2026-03-10 10:06:22'),
(3676, 2, 347, 34, 'PRESENT', '2026-03-10 10:06:22', '2026-03-10 10:06:22'),
(3677, 2, 347, 41, 'PRESENT', '2026-03-10 10:06:22', '2026-03-10 10:06:22'),
(3678, 2, 347, 42, 'PRESENT', '2026-03-10 10:06:22', '2026-03-10 10:06:22'),
(3679, 2, 347, 35, 'PRESENT', '2026-03-10 10:06:22', '2026-03-10 10:06:22'),
(3680, 2, 347, 31, 'PRESENT', '2026-03-10 10:06:22', '2026-03-10 10:06:22'),
(3681, 2, 347, 30, 'PRESENT', '2026-03-10 10:06:22', '2026-03-10 12:18:58'),
(3682, 2, 347, 33, 'PRESENT', '2026-03-10 10:06:22', '2026-03-10 12:18:58'),
(3683, 2, 324, 4, 'PRESENT', '2026-03-10 10:14:11', '2026-03-10 10:14:11'),
(3684, 2, 324, 28, 'PRESENT', '2026-03-10 10:35:15', '2026-03-10 10:35:15'),
(3685, 2, 327, 3, 'PRESENT', '2026-03-10 11:36:58', '2026-03-10 11:36:58'),
(3686, 2, 327, 4, 'PRESENT', '2026-03-10 11:36:59', '2026-03-10 11:36:59'),
(3687, 2, 327, 6, 'PRESENT', '2026-03-10 11:36:59', '2026-03-10 11:36:59'),
(3688, 2, 327, 7, 'PRESENT', '2026-03-10 11:36:59', '2026-03-10 11:36:59'),
(3689, 2, 327, 9, 'PRESENT', '2026-03-10 11:36:59', '2026-03-10 11:36:59'),
(3690, 2, 327, 10, 'PRESENT', '2026-03-10 11:36:59', '2026-03-10 11:36:59'),
(3691, 2, 327, 11, 'PRESENT', '2026-03-10 11:36:59', '2026-03-10 11:36:59'),
(3692, 2, 327, 12, 'PRESENT', '2026-03-10 11:37:00', '2026-03-10 11:37:00'),
(3693, 2, 327, 13, 'PRESENT', '2026-03-10 11:37:00', '2026-03-10 11:37:00'),
(3694, 2, 327, 14, 'PRESENT', '2026-03-10 11:37:00', '2026-03-10 11:37:00'),
(3695, 2, 327, 15, 'PRESENT', '2026-03-10 11:37:00', '2026-03-10 11:37:00'),
(3696, 2, 327, 16, 'PRESENT', '2026-03-10 11:37:00', '2026-03-10 11:37:00'),
(3697, 2, 327, 17, 'PRESENT', '2026-03-10 11:37:00', '2026-03-10 11:37:00'),
(3698, 2, 327, 18, 'PRESENT', '2026-03-10 11:37:01', '2026-03-10 11:37:01'),
(3699, 2, 327, 19, 'PRESENT', '2026-03-10 11:37:01', '2026-03-10 11:37:01'),
(3700, 2, 327, 20, 'PRESENT', '2026-03-10 11:37:01', '2026-03-10 11:37:01'),
(3701, 2, 327, 21, 'PRESENT', '2026-03-10 11:37:01', '2026-03-10 11:37:01'),
(3702, 2, 327, 22, 'PRESENT', '2026-03-10 11:37:01', '2026-03-10 11:37:01'),
(3703, 2, 327, 25, 'PRESENT', '2026-03-10 11:37:02', '2026-03-10 11:37:02'),
(3704, 2, 327, 26, 'PRESENT', '2026-03-10 11:37:02', '2026-03-10 11:37:02'),
(3705, 2, 327, 28, 'PRESENT', '2026-03-10 11:37:02', '2026-03-10 11:37:02'),
(3706, 2, 349, 36, 'PRESENT', '2026-03-10 12:18:51', '2026-03-10 12:18:51'),
(3707, 2, 349, 38, 'ABSENT', '2026-03-10 12:18:51', '2026-03-10 12:18:51'),
(3708, 2, 349, 39, 'PRESENT', '2026-03-10 12:18:51', '2026-03-10 12:20:38'),
(3709, 2, 349, 40, 'PRESENT', '2026-03-10 12:18:51', '2026-03-10 12:18:51'),
(3710, 2, 349, 34, 'PRESENT', '2026-03-10 12:18:51', '2026-03-10 12:18:51'),
(3711, 2, 349, 41, 'PRESENT', '2026-03-10 12:18:51', '2026-03-10 12:18:51'),
(3712, 2, 349, 42, 'PRESENT', '2026-03-10 12:18:51', '2026-03-10 12:18:51'),
(3713, 2, 349, 35, 'PRESENT', '2026-03-10 12:18:51', '2026-03-10 12:18:51');

INSERT INTO `attendance_records` (`attendance_id`, `term_id`, `schedule_id`, `student_id`, `status`, `created_at`, `updated_at`) VALUES
(3714, 2, 349, 31, 'PRESENT', '2026-03-10 12:18:51', '2026-03-10 12:18:51'),
(3715, 2, 349, 30, 'PRESENT', '2026-03-10 12:18:51', '2026-03-10 12:26:32'),
(3716, 2, 349, 33, 'PRESENT', '2026-03-10 12:18:51', '2026-03-10 12:26:32'),
(3717, 2, 352, 36, 'PRESENT', '2026-03-10 12:18:52', '2026-03-10 12:18:52'),
(3718, 2, 352, 38, 'ABSENT', '2026-03-10 12:18:52', '2026-03-10 12:18:52'),
(3719, 2, 352, 39, 'PRESENT', '2026-03-10 12:18:52', '2026-03-10 12:21:01'),
(3720, 2, 352, 40, 'PRESENT', '2026-03-10 12:18:52', '2026-03-10 12:18:52'),
(3721, 2, 352, 34, 'PRESENT', '2026-03-10 12:18:52', '2026-03-10 12:18:52'),
(3722, 2, 352, 41, 'PRESENT', '2026-03-10 12:18:52', '2026-03-10 12:18:52'),
(3723, 2, 352, 42, 'PRESENT', '2026-03-10 12:18:52', '2026-03-10 12:18:52'),
(3724, 2, 352, 35, 'PRESENT', '2026-03-10 12:18:52', '2026-03-10 12:18:52'),
(3725, 2, 352, 31, 'PRESENT', '2026-03-10 12:18:52', '2026-03-10 12:18:52'),
(3726, 2, 352, 30, 'PRESENT', '2026-03-10 12:18:52', '2026-03-10 12:26:38'),
(3727, 2, 352, 33, 'PRESENT', '2026-03-10 12:18:52', '2026-03-10 12:26:38'),
(3736, 2, 357, 3, 'PRESENT', '2026-03-10 13:02:06', '2026-03-10 13:02:06'),
(3737, 2, 357, 4, 'PRESENT', '2026-03-10 13:02:06', '2026-03-10 13:02:06'),
(3738, 2, 357, 6, 'PRESENT', '2026-03-10 13:02:06', '2026-03-10 13:02:06'),
(3739, 2, 357, 7, 'PRESENT', '2026-03-10 13:02:06', '2026-03-10 13:02:06'),
(3740, 2, 357, 9, 'PRESENT', '2026-03-10 13:02:06', '2026-03-10 13:02:06'),
(3741, 2, 357, 10, 'PRESENT', '2026-03-10 13:02:06', '2026-03-10 13:02:06'),
(3742, 2, 357, 11, 'PRESENT', '2026-03-10 13:02:06', '2026-03-10 13:02:06'),
(3743, 2, 357, 12, 'PRESENT', '2026-03-10 13:02:06', '2026-03-10 13:02:06'),
(3744, 2, 357, 13, 'PRESENT', '2026-03-10 13:02:06', '2026-03-10 13:02:06'),
(3745, 2, 357, 14, 'PRESENT', '2026-03-10 13:02:06', '2026-03-10 13:02:06'),
(3746, 2, 357, 15, 'PRESENT', '2026-03-10 13:02:06', '2026-03-10 13:02:06'),
(3747, 2, 357, 16, 'PRESENT', '2026-03-10 13:02:06', '2026-03-10 13:02:06'),
(3748, 2, 357, 17, 'PRESENT', '2026-03-10 13:02:06', '2026-03-10 13:02:06'),
(3749, 2, 357, 18, 'PRESENT', '2026-03-10 13:02:06', '2026-03-10 13:02:06'),
(3750, 2, 357, 19, 'PRESENT', '2026-03-10 13:02:06', '2026-03-10 13:02:06'),
(3751, 2, 357, 20, 'PRESENT', '2026-03-10 13:02:06', '2026-03-10 13:02:06'),
(3752, 2, 357, 21, 'PRESENT', '2026-03-10 13:02:06', '2026-03-10 13:02:06'),
(3753, 2, 357, 22, 'PRESENT', '2026-03-10 13:02:06', '2026-03-10 13:02:06'),
(3754, 2, 357, 25, 'PRESENT', '2026-03-10 13:02:06', '2026-03-10 13:02:06'),
(3755, 2, 357, 26, 'PRESENT', '2026-03-10 13:02:06', '2026-03-10 13:02:06'),
(3756, 2, 357, 28, 'PRESENT', '2026-03-10 13:02:06', '2026-03-10 13:02:06'),
(3757, 2, 358, 3, 'PRESENT', '2026-03-10 13:02:11', '2026-03-10 13:02:21'),
(3758, 2, 358, 4, 'PRESENT', '2026-03-10 13:02:11', '2026-03-10 13:02:22'),
(3759, 2, 358, 6, 'PRESENT', '2026-03-10 13:02:11', '2026-03-10 13:02:22'),
(3760, 2, 358, 7, 'PRESENT', '2026-03-10 13:02:11', '2026-03-10 13:02:22'),
(3761, 2, 358, 9, 'PRESENT', '2026-03-10 13:02:11', '2026-03-10 13:02:22'),
(3762, 2, 358, 10, 'PRESENT', '2026-03-10 13:02:11', '2026-03-10 13:02:23'),
(3763, 2, 358, 11, 'PRESENT', '2026-03-10 13:02:11', '2026-03-10 13:02:23'),
(3764, 2, 358, 12, 'PRESENT', '2026-03-10 13:02:11', '2026-03-10 13:02:23'),
(3765, 2, 358, 13, 'PRESENT', '2026-03-10 13:02:11', '2026-03-10 13:02:23'),
(3766, 2, 358, 14, 'PRESENT', '2026-03-10 13:02:11', '2026-03-10 13:02:23'),
(3767, 2, 358, 15, 'PRESENT', '2026-03-10 13:02:11', '2026-03-10 13:02:23'),
(3768, 2, 358, 16, 'PRESENT', '2026-03-10 13:02:11', '2026-03-10 13:02:24'),
(3769, 2, 358, 17, 'PRESENT', '2026-03-10 13:02:11', '2026-03-10 13:02:24'),
(3770, 2, 358, 18, 'PRESENT', '2026-03-10 13:02:11', '2026-03-10 13:02:24'),
(3771, 2, 358, 19, 'PRESENT', '2026-03-10 13:02:11', '2026-03-10 13:02:24'),
(3772, 2, 358, 20, 'PRESENT', '2026-03-10 13:02:11', '2026-03-10 13:02:24'),
(3773, 2, 358, 21, 'PRESENT', '2026-03-10 13:02:11', '2026-03-10 13:02:24'),
(3774, 2, 358, 22, 'PRESENT', '2026-03-10 13:02:11', '2026-03-10 13:02:24'),
(3775, 2, 358, 25, 'PRESENT', '2026-03-10 13:02:11', '2026-03-10 13:02:25'),
(3776, 2, 358, 26, 'PRESENT', '2026-03-10 13:02:11', '2026-03-10 13:02:25'),
(3777, 2, 358, 28, 'PRESENT', '2026-03-10 13:02:11', '2026-03-10 13:02:26'),
(3778, 2, 358, 1, 'ABSENT', '2026-03-10 13:02:21', '2026-03-10 13:02:21'),
(3779, 2, 358, 2, 'ABSENT', '2026-03-10 13:02:21', '2026-03-10 13:02:21'),
(3782, 2, 358, 5, 'ABSENT', '2026-03-10 13:02:22', '2026-03-10 13:02:22'),
(3785, 2, 358, 8, 'ABSENT', '2026-03-10 13:02:22', '2026-03-10 13:02:22'),
(3800, 2, 358, 23, 'ABSENT', '2026-03-10 13:02:25', '2026-03-10 13:02:25'),
(3801, 2, 358, 24, 'ABSENT', '2026-03-10 13:02:25', '2026-03-10 13:02:25'),
(3804, 2, 358, 27, 'ABSENT', '2026-03-10 13:02:25', '2026-03-10 13:02:25'),
(3806, 2, 358, 29, 'ABSENT', '2026-03-10 13:02:26', '2026-03-10 13:02:26'),
(3807, 2, 333, 3, 'PRESENT', '2026-03-11 09:19:06', '2026-03-11 09:19:06'),
(3808, 2, 333, 6, 'PRESENT', '2026-03-11 09:19:06', '2026-03-11 09:19:06'),
(3809, 2, 333, 7, 'PRESENT', '2026-03-11 09:19:07', '2026-03-11 09:19:07'),
(3810, 2, 333, 9, 'PRESENT', '2026-03-11 09:19:07', '2026-03-11 09:19:07'),
(3811, 2, 333, 10, 'PRESENT', '2026-03-11 09:19:08', '2026-03-11 09:19:08'),
(3812, 2, 333, 11, 'PRESENT', '2026-03-11 09:19:08', '2026-03-11 09:19:08'),
(3813, 2, 333, 12, 'PRESENT', '2026-03-11 09:19:09', '2026-03-11 09:19:09'),
(3814, 2, 333, 15, 'PRESENT', '2026-03-11 09:19:09', '2026-03-11 09:19:09'),
(3815, 2, 333, 16, 'PRESENT', '2026-03-11 09:19:09', '2026-03-11 09:19:09'),
(3816, 2, 333, 18, 'PRESENT', '2026-03-11 09:19:10', '2026-03-11 09:19:10'),
(3817, 2, 333, 19, 'PRESENT', '2026-03-11 09:19:10', '2026-03-11 09:19:10'),
(3818, 2, 333, 20, 'PRESENT', '2026-03-11 09:19:10', '2026-03-11 09:19:10'),
(3819, 2, 333, 21, 'PRESENT', '2026-03-11 09:19:11', '2026-03-11 09:19:11'),
(3820, 2, 333, 22, 'PRESENT', '2026-03-11 09:19:11', '2026-03-11 09:19:11'),
(3821, 2, 333, 24, 'PRESENT', '2026-03-11 09:19:12', '2026-03-11 09:19:12'),
(3822, 2, 333, 25, 'PRESENT', '2026-03-11 09:19:13', '2026-03-11 09:19:13'),
(3823, 2, 333, 26, 'PRESENT', '2026-03-11 09:19:13', '2026-03-11 09:19:13'),
(3824, 2, 334, 3, 'PRESENT', '2026-03-11 11:31:45', '2026-03-11 11:32:07'),
(3825, 2, 334, 6, 'PRESENT', '2026-03-11 11:31:45', '2026-03-11 11:32:07'),
(3826, 2, 334, 7, 'PRESENT', '2026-03-11 11:31:45', '2026-03-11 11:32:07'),
(3827, 2, 334, 9, 'PRESENT', '2026-03-11 11:31:45', '2026-03-11 11:32:07'),
(3828, 2, 334, 10, 'PRESENT', '2026-03-11 11:31:45', '2026-03-11 11:32:07'),
(3829, 2, 334, 11, 'PRESENT', '2026-03-11 11:31:45', '2026-03-11 11:32:07'),
(3830, 2, 334, 12, 'PRESENT', '2026-03-11 11:31:45', '2026-03-11 11:32:07'),
(3831, 2, 334, 15, 'PRESENT', '2026-03-11 11:31:45', '2026-03-11 11:32:07'),
(3832, 2, 334, 16, 'PRESENT', '2026-03-11 11:31:45', '2026-03-11 11:32:07'),
(3833, 2, 334, 18, 'PRESENT', '2026-03-11 11:31:45', '2026-03-11 11:32:07'),
(3834, 2, 334, 19, 'PRESENT', '2026-03-11 11:31:45', '2026-03-11 11:32:07'),
(3835, 2, 334, 20, 'PRESENT', '2026-03-11 11:31:45', '2026-03-11 11:32:07'),
(3836, 2, 334, 21, 'PRESENT', '2026-03-11 11:31:45', '2026-03-11 11:32:07'),
(3837, 2, 334, 22, 'PRESENT', '2026-03-11 11:31:45', '2026-03-11 11:32:07'),
(3838, 2, 334, 24, 'PRESENT', '2026-03-11 11:31:45', '2026-03-11 11:32:07'),
(3839, 2, 334, 25, 'PRESENT', '2026-03-11 11:31:45', '2026-03-11 11:32:07'),
(3840, 2, 334, 26, 'PRESENT', '2026-03-11 11:31:45', '2026-03-11 11:32:07'),
(3841, 2, 333, 13, 'PRESENT', '2026-03-11 11:32:06', '2026-03-11 11:32:06'),
(3859, 2, 334, 13, 'PRESENT', '2026-03-11 11:32:07', '2026-03-11 11:32:07'),
(3860, 2, 289, 3, 'PRESENT', '2026-03-12 08:56:30', '2026-03-12 08:56:30'),
(3861, 2, 289, 5, 'PRESENT', '2026-03-12 08:56:30', '2026-03-12 08:56:30'),
(3862, 2, 289, 7, 'PRESENT', '2026-03-12 08:56:30', '2026-03-12 08:56:30'),
(3863, 2, 289, 9, 'PRESENT', '2026-03-12 08:56:30', '2026-03-12 08:56:30'),
(3864, 2, 289, 10, 'PRESENT', '2026-03-12 08:56:30', '2026-03-12 08:56:30'),
(3865, 2, 289, 12, 'PRESENT', '2026-03-12 08:56:31', '2026-03-12 08:56:31'),
(3866, 2, 289, 13, 'PRESENT', '2026-03-12 08:56:31', '2026-03-12 08:56:31'),
(3867, 2, 289, 14, 'PRESENT', '2026-03-12 08:56:31', '2026-03-12 08:56:31'),
(3868, 2, 289, 15, 'PRESENT', '2026-03-12 08:56:31', '2026-03-12 08:56:31'),
(3869, 2, 289, 16, 'PRESENT', '2026-03-12 08:56:31', '2026-03-12 08:56:31'),
(3870, 2, 289, 17, 'PRESENT', '2026-03-12 08:56:31', '2026-03-12 08:56:31'),
(3871, 2, 289, 18, 'PRESENT', '2026-03-12 08:56:32', '2026-03-12 08:56:32'),
(3872, 2, 289, 19, 'PRESENT', '2026-03-12 08:56:32', '2026-03-12 08:56:32'),
(3873, 2, 289, 20, 'PRESENT', '2026-03-12 08:56:32', '2026-03-12 08:56:32'),
(3874, 2, 289, 21, 'PRESENT', '2026-03-12 08:56:32', '2026-03-12 08:56:32'),
(3875, 2, 289, 24, 'PRESENT', '2026-03-12 08:56:32', '2026-03-12 08:56:32'),
(3876, 2, 289, 25, 'PRESENT', '2026-03-12 08:56:32', '2026-03-12 08:56:32'),
(3877, 2, 289, 26, 'PRESENT', '2026-03-12 08:56:33', '2026-03-12 08:56:33'),
(3878, 2, 290, 3, 'PRESENT', '2026-03-12 08:56:34', '2026-03-12 08:56:34'),
(3879, 2, 290, 5, 'PRESENT', '2026-03-12 08:56:34', '2026-03-12 08:56:34'),
(3880, 2, 290, 7, 'PRESENT', '2026-03-12 08:56:34', '2026-03-12 08:56:34'),
(3881, 2, 290, 9, 'PRESENT', '2026-03-12 08:56:34', '2026-03-12 08:56:34'),
(3882, 2, 290, 10, 'PRESENT', '2026-03-12 08:56:34', '2026-03-12 08:56:34'),
(3883, 2, 290, 12, 'PRESENT', '2026-03-12 08:56:34', '2026-03-12 08:56:34'),
(3884, 2, 290, 13, 'PRESENT', '2026-03-12 08:56:34', '2026-03-12 08:56:34'),
(3885, 2, 290, 14, 'PRESENT', '2026-03-12 08:56:34', '2026-03-12 08:56:34'),
(3886, 2, 290, 15, 'PRESENT', '2026-03-12 08:56:34', '2026-03-12 08:56:34'),
(3887, 2, 290, 16, 'PRESENT', '2026-03-12 08:56:34', '2026-03-12 08:56:34'),
(3888, 2, 290, 17, 'PRESENT', '2026-03-12 08:56:34', '2026-03-12 08:56:34'),
(3889, 2, 290, 18, 'PRESENT', '2026-03-12 08:56:34', '2026-03-12 08:56:34'),
(3890, 2, 290, 19, 'PRESENT', '2026-03-12 08:56:34', '2026-03-12 08:56:34'),
(3891, 2, 290, 20, 'PRESENT', '2026-03-12 08:56:34', '2026-03-12 08:56:34'),
(3892, 2, 290, 21, 'PRESENT', '2026-03-12 08:56:34', '2026-03-12 08:56:34'),
(3893, 2, 290, 24, 'PRESENT', '2026-03-12 08:56:34', '2026-03-12 08:56:34'),
(3894, 2, 290, 25, 'PRESENT', '2026-03-12 08:56:34', '2026-03-12 08:56:34'),
(3895, 2, 290, 26, 'PRESENT', '2026-03-12 08:56:34', '2026-03-12 08:56:34'),
(3896, 2, 353, 36, 'PRESENT', '2026-03-12 09:47:35', '2026-03-12 09:47:35'),
(3897, 2, 353, 38, 'PRESENT', '2026-03-12 09:47:35', '2026-03-12 09:47:35'),
(3898, 2, 353, 39, 'PRESENT', '2026-03-12 09:47:36', '2026-03-12 09:47:36'),
(3899, 2, 353, 40, 'PRESENT', '2026-03-12 09:47:36', '2026-03-12 09:47:36'),
(3900, 2, 353, 34, 'PRESENT', '2026-03-12 09:47:36', '2026-03-12 09:47:36'),
(3901, 2, 353, 41, 'PRESENT', '2026-03-12 09:47:36', '2026-03-12 09:47:36'),
(3902, 2, 353, 42, 'PRESENT', '2026-03-12 09:47:37', '2026-03-12 09:47:37'),
(3903, 2, 353, 35, 'PRESENT', '2026-03-12 09:47:37', '2026-03-12 09:47:37'),
(3904, 2, 353, 31, 'PRESENT', '2026-03-12 09:47:37', '2026-03-12 09:47:37'),
(3905, 2, 353, 30, 'PRESENT', '2026-03-12 09:47:37', '2026-03-12 09:47:37'),
(3906, 2, 353, 33, 'PRESENT', '2026-03-12 09:47:37', '2026-03-12 09:47:37'),
(3907, 2, 354, 36, 'PRESENT', '2026-03-12 09:47:52', '2026-03-12 09:47:52'),
(3908, 2, 354, 38, 'PRESENT', '2026-03-12 09:47:52', '2026-03-12 09:47:52'),
(3909, 2, 354, 39, 'PRESENT', '2026-03-12 09:47:52', '2026-03-12 09:47:52'),
(3910, 2, 354, 40, 'PRESENT', '2026-03-12 09:47:52', '2026-03-12 09:47:52'),
(3911, 2, 354, 34, 'PRESENT', '2026-03-12 09:47:52', '2026-03-12 09:47:52'),
(3912, 2, 354, 41, 'PRESENT', '2026-03-12 09:47:53', '2026-03-12 09:47:53'),
(3913, 2, 354, 42, 'PRESENT', '2026-03-12 09:47:53', '2026-03-12 09:47:53'),
(3914, 2, 354, 35, 'PRESENT', '2026-03-12 09:47:53', '2026-03-12 09:47:53'),
(3915, 2, 354, 31, 'PRESENT', '2026-03-12 09:47:53', '2026-03-12 09:47:53'),
(3916, 2, 354, 30, 'PRESENT', '2026-03-12 09:47:53', '2026-03-12 09:47:53'),
(3917, 2, 354, 33, 'PRESENT', '2026-03-12 09:47:54', '2026-03-12 09:47:54'),
(3918, 2, 388, 42, 'PRESENT', '2026-03-15 09:45:20', '2026-03-15 09:45:20'),
(3919, 2, 388, 33, 'PRESENT', '2026-03-15 09:45:20', '2026-03-15 09:45:20'),
(3920, 2, 388, 30, 'PRESENT', '2026-03-15 09:45:20', '2026-03-15 09:45:20'),
(3921, 2, 388, 35, 'PRESENT', '2026-03-15 09:45:20', '2026-03-15 09:45:20'),
(3922, 2, 388, 34, 'PRESENT', '2026-03-15 09:45:21', '2026-03-15 09:45:21'),
(3923, 2, 388, 40, 'PRESENT', '2026-03-15 09:45:21', '2026-03-15 09:45:21'),
(3924, 2, 394, 42, 'PRESENT', '2026-03-15 11:06:53', '2026-03-15 11:06:53'),
(3925, 2, 394, 33, 'PRESENT', '2026-03-15 11:06:53', '2026-03-15 11:06:53'),
(3926, 2, 394, 30, 'PRESENT', '2026-03-15 11:06:53', '2026-03-15 11:06:53'),
(3927, 2, 394, 35, 'PRESENT', '2026-03-15 11:06:53', '2026-03-15 11:06:53'),
(3928, 2, 394, 34, 'PRESENT', '2026-03-15 11:06:53', '2026-03-15 11:06:53'),
(3929, 2, 394, 40, 'PRESENT', '2026-03-15 11:06:53', '2026-03-15 11:06:53'),
(3930, 2, 394, 36, 'PRESENT', '2026-03-15 11:06:59', '2026-03-15 11:06:59'),
(3931, 2, 382, 36, 'ABSENT', '2026-03-16 09:17:19', '2026-03-16 09:17:19'),
(3932, 2, 382, 38, 'ABSENT', '2026-03-16 09:17:19', '2026-03-16 09:17:19'),
(3933, 2, 382, 39, 'ABSENT', '2026-03-16 09:17:19', '2026-03-16 09:17:19'),
(3934, 2, 382, 40, 'PRESENT', '2026-03-16 09:17:20', '2026-03-16 09:17:20'),
(3935, 2, 382, 34, 'PRESENT', '2026-03-16 09:17:20', '2026-03-16 09:17:20'),
(3936, 2, 382, 41, 'PRESENT', '2026-03-16 09:17:20', '2026-03-16 09:17:20'),
(3937, 2, 382, 42, 'PRESENT', '2026-03-16 09:17:20', '2026-03-16 09:17:20'),
(3938, 2, 382, 35, 'PRESENT', '2026-03-16 09:17:20', '2026-03-16 09:17:20'),
(3939, 2, 382, 31, 'ABSENT', '2026-03-16 09:17:20', '2026-03-16 09:17:20'),
(3940, 2, 382, 30, 'PRESENT', '2026-03-16 09:17:21', '2026-03-16 09:17:21'),
(3941, 2, 382, 33, 'PRESENT', '2026-03-16 09:17:21', '2026-03-16 09:17:21'),
(3942, 2, 396, 6, 'PRESENT', '2026-03-16 09:18:43', '2026-03-16 09:18:43'),
(3943, 2, 396, 7, 'PRESENT', '2026-03-16 09:18:43', '2026-03-16 09:18:43'),
(3944, 2, 396, 9, 'PRESENT', '2026-03-16 09:18:43', '2026-03-16 09:18:43'),
(3945, 2, 396, 12, 'PRESENT', '2026-03-16 09:18:43', '2026-03-16 09:18:43'),
(3946, 2, 396, 14, 'PRESENT', '2026-03-16 09:18:43', '2026-03-16 09:18:43'),
(3947, 2, 396, 15, 'PRESENT', '2026-03-16 09:18:43', '2026-03-16 09:18:43'),
(3948, 2, 396, 16, 'PRESENT', '2026-03-16 09:18:44', '2026-03-16 09:18:44'),
(3949, 2, 396, 17, 'PRESENT', '2026-03-16 09:18:44', '2026-03-16 09:18:44'),
(3950, 2, 396, 19, 'PRESENT', '2026-03-16 09:18:44', '2026-03-16 09:18:44'),
(3951, 2, 396, 22, 'PRESENT', '2026-03-16 09:18:44', '2026-03-16 09:18:44'),
(3952, 2, 396, 25, 'PRESENT', '2026-03-16 09:18:44', '2026-03-16 09:18:44'),
(3953, 2, 396, 4, 'PRESENT', '2026-03-16 09:47:09', '2026-03-16 09:47:09'),
(3954, 2, 396, 10, 'PRESENT', '2026-03-16 09:47:09', '2026-03-16 09:47:09'),
(3955, 2, 396, 11, 'PRESENT', '2026-03-16 09:47:09', '2026-03-16 09:47:09'),
(3956, 2, 396, 21, 'PRESENT', '2026-03-16 09:47:09', '2026-03-16 09:47:09'),
(3957, 2, 396, 20, 'PRESENT', '2026-03-16 09:47:09', '2026-03-16 09:47:09'),
(3958, 2, 396, 28, 'PRESENT', '2026-03-16 09:47:09', '2026-03-16 09:47:09'),
(3959, 2, 397, 6, 'PRESENT', '2026-03-16 09:47:14', '2026-03-16 09:47:14');

INSERT INTO `attendance_records` (`attendance_id`, `term_id`, `schedule_id`, `student_id`, `status`, `created_at`, `updated_at`) VALUES
(3960, 2, 397, 7, 'PRESENT', '2026-03-16 09:47:14', '2026-03-16 09:47:14'),
(3961, 2, 397, 9, 'PRESENT', '2026-03-16 09:47:14', '2026-03-16 09:47:14'),
(3962, 2, 397, 12, 'PRESENT', '2026-03-16 09:47:14', '2026-03-16 09:47:14'),
(3963, 2, 397, 14, 'PRESENT', '2026-03-16 09:47:14', '2026-03-16 09:47:14'),
(3964, 2, 397, 15, 'PRESENT', '2026-03-16 09:47:14', '2026-03-16 09:47:14'),
(3965, 2, 397, 16, 'PRESENT', '2026-03-16 09:47:14', '2026-03-16 09:47:14'),
(3966, 2, 397, 17, 'PRESENT', '2026-03-16 09:47:14', '2026-03-16 09:47:14'),
(3967, 2, 397, 19, 'PRESENT', '2026-03-16 09:47:14', '2026-03-16 09:47:14'),
(3968, 2, 397, 22, 'PRESENT', '2026-03-16 09:47:14', '2026-03-16 09:47:14'),
(3969, 2, 397, 25, 'PRESENT', '2026-03-16 09:47:14', '2026-03-16 09:47:14'),
(3970, 2, 397, 4, 'PRESENT', '2026-03-16 09:47:14', '2026-03-16 09:47:14'),
(3971, 2, 397, 10, 'PRESENT', '2026-03-16 09:47:14', '2026-03-16 09:47:14'),
(3972, 2, 397, 11, 'PRESENT', '2026-03-16 09:47:14', '2026-03-16 09:47:14'),
(3973, 2, 397, 21, 'PRESENT', '2026-03-16 09:47:14', '2026-03-16 09:47:14'),
(3974, 2, 397, 20, 'PRESENT', '2026-03-16 09:47:14', '2026-03-16 09:47:14'),
(3975, 2, 397, 28, 'PRESENT', '2026-03-16 09:47:14', '2026-03-16 09:47:14'),
(3976, 2, 397, 27, 'PRESENT', '2026-03-16 09:59:03', '2026-03-16 09:59:03'),
(3977, 2, 383, 36, 'PRESENT', '2026-03-16 10:08:17', '2026-03-16 10:08:24'),
(3978, 2, 383, 38, 'PRESENT', '2026-03-16 10:08:17', '2026-03-16 10:08:24'),
(3979, 2, 383, 39, 'ABSENT', '2026-03-16 10:08:17', '2026-03-16 10:08:17'),
(3980, 2, 383, 40, 'PRESENT', '2026-03-16 10:08:17', '2026-03-16 10:08:17'),
(3981, 2, 383, 34, 'PRESENT', '2026-03-16 10:08:17', '2026-03-16 10:08:17'),
(3982, 2, 383, 41, 'PRESENT', '2026-03-16 10:08:17', '2026-03-16 10:08:17'),
(3983, 2, 383, 42, 'PRESENT', '2026-03-16 10:08:17', '2026-03-16 10:08:17'),
(3984, 2, 383, 35, 'PRESENT', '2026-03-16 10:08:17', '2026-03-16 10:08:17'),
(3985, 2, 383, 31, 'PRESENT', '2026-03-16 10:08:17', '2026-03-16 10:08:25'),
(3986, 2, 383, 30, 'PRESENT', '2026-03-16 10:08:17', '2026-03-16 10:08:17'),
(3987, 2, 383, 33, 'PRESENT', '2026-03-16 10:08:17', '2026-03-16 10:08:17'),
(3991, 2, 386, 36, 'PRESENT', '2026-03-16 12:05:15', '2026-03-16 12:05:15'),
(3992, 2, 386, 38, 'ABSENT', '2026-03-16 12:05:15', '2026-03-16 12:05:22'),
(3993, 2, 386, 39, 'ABSENT', '2026-03-16 12:05:15', '2026-03-16 12:05:15'),
(3994, 2, 386, 40, 'PRESENT', '2026-03-16 12:05:15', '2026-03-16 12:05:15'),
(3995, 2, 386, 34, 'PRESENT', '2026-03-16 12:05:15', '2026-03-16 12:05:15'),
(3996, 2, 386, 41, 'PRESENT', '2026-03-16 12:05:15', '2026-03-16 12:05:15'),
(3997, 2, 386, 42, 'PRESENT', '2026-03-16 12:05:15', '2026-03-16 12:05:15'),
(3998, 2, 386, 35, 'PRESENT', '2026-03-16 12:05:15', '2026-03-16 12:05:15'),
(3999, 2, 386, 31, 'ABSENT', '2026-03-16 12:05:15', '2026-03-16 12:05:22'),
(4000, 2, 386, 30, 'PRESENT', '2026-03-16 12:05:15', '2026-03-16 12:05:15'),
(4001, 2, 386, 33, 'PRESENT', '2026-03-16 12:05:15', '2026-03-16 12:05:15'),
(4004, 2, 398, 6, 'PRESENT', '2026-03-16 12:17:31', '2026-03-16 12:17:31'),
(4005, 2, 398, 7, 'PRESENT', '2026-03-16 12:17:31', '2026-03-16 12:17:31'),
(4006, 2, 398, 9, 'PRESENT', '2026-03-16 12:17:31', '2026-03-16 12:17:31'),
(4007, 2, 398, 12, 'PRESENT', '2026-03-16 12:17:31', '2026-03-16 12:17:31'),
(4008, 2, 398, 14, 'PRESENT', '2026-03-16 12:17:31', '2026-03-16 12:17:31'),
(4009, 2, 398, 15, 'PRESENT', '2026-03-16 12:17:31', '2026-03-16 12:17:31'),
(4010, 2, 398, 16, 'PRESENT', '2026-03-16 12:17:31', '2026-03-16 12:17:31'),
(4011, 2, 398, 17, 'PRESENT', '2026-03-16 12:17:31', '2026-03-16 12:17:31'),
(4012, 2, 398, 19, 'PRESENT', '2026-03-16 12:17:31', '2026-03-16 12:17:31'),
(4013, 2, 398, 22, 'PRESENT', '2026-03-16 12:17:31', '2026-03-16 12:17:31'),
(4014, 2, 398, 25, 'PRESENT', '2026-03-16 12:17:31', '2026-03-16 12:17:31'),
(4015, 2, 398, 4, 'PRESENT', '2026-03-16 12:17:31', '2026-03-16 12:17:31'),
(4016, 2, 398, 10, 'PRESENT', '2026-03-16 12:17:31', '2026-03-16 12:17:31'),
(4017, 2, 398, 11, 'PRESENT', '2026-03-16 12:17:31', '2026-03-16 12:17:31'),
(4018, 2, 398, 21, 'PRESENT', '2026-03-16 12:17:31', '2026-03-16 12:17:31'),
(4019, 2, 398, 20, 'PRESENT', '2026-03-16 12:17:31', '2026-03-16 12:17:31'),
(4020, 2, 398, 28, 'PRESENT', '2026-03-16 12:17:31', '2026-03-16 12:17:31'),
(4021, 2, 398, 27, 'PRESENT', '2026-03-16 12:17:31', '2026-03-16 12:17:31'),
(4022, 2, 399, 3, 'PRESENT', '2026-03-17 09:32:46', '2026-03-17 09:32:46'),
(4023, 2, 399, 6, 'PRESENT', '2026-03-17 09:32:46', '2026-03-17 09:32:46'),
(4024, 2, 399, 7, 'PRESENT', '2026-03-17 09:32:46', '2026-03-17 09:32:46'),
(4025, 2, 399, 9, 'PRESENT', '2026-03-17 09:32:47', '2026-03-17 09:32:47'),
(4026, 2, 399, 10, 'PRESENT', '2026-03-17 09:32:47', '2026-03-17 09:32:47'),
(4027, 2, 399, 12, 'PRESENT', '2026-03-17 09:32:47', '2026-03-17 09:32:47'),
(4028, 2, 399, 13, 'PRESENT', '2026-03-17 09:32:47', '2026-03-17 09:32:47'),
(4029, 2, 399, 14, 'PRESENT', '2026-03-17 09:32:47', '2026-03-17 09:32:47'),
(4030, 2, 399, 15, 'PRESENT', '2026-03-17 09:32:47', '2026-03-17 09:32:47'),
(4031, 2, 399, 16, 'PRESENT', '2026-03-17 09:32:48', '2026-03-17 09:32:48'),
(4032, 2, 399, 18, 'PRESENT', '2026-03-17 09:32:48', '2026-03-17 09:32:48'),
(4033, 2, 399, 19, 'PRESENT', '2026-03-17 09:32:48', '2026-03-17 09:32:48'),
(4034, 2, 399, 20, 'PRESENT', '2026-03-17 09:32:48', '2026-03-17 09:32:48'),
(4035, 2, 399, 21, 'PRESENT', '2026-03-17 09:32:48', '2026-03-17 09:32:48'),
(4036, 2, 399, 22, 'PRESENT', '2026-03-17 09:32:48', '2026-03-17 09:32:48'),
(4037, 2, 399, 24, 'PRESENT', '2026-03-17 09:32:49', '2026-03-17 09:32:49'),
(4038, 2, 399, 25, 'PRESENT', '2026-03-17 09:32:49', '2026-03-17 09:32:49'),
(4039, 2, 399, 26, 'PRESENT', '2026-03-17 09:32:49', '2026-03-17 09:32:49'),
(4040, 2, 400, 3, 'PRESENT', '2026-03-17 09:50:49', '2026-03-17 09:50:49'),
(4041, 2, 400, 6, 'PRESENT', '2026-03-17 09:50:49', '2026-03-17 09:50:49'),
(4042, 2, 400, 7, 'PRESENT', '2026-03-17 09:50:49', '2026-03-17 09:50:49'),
(4043, 2, 400, 9, 'PRESENT', '2026-03-17 09:50:49', '2026-03-17 09:50:49'),
(4044, 2, 400, 10, 'PRESENT', '2026-03-17 09:50:49', '2026-03-17 09:50:49'),
(4045, 2, 400, 12, 'PRESENT', '2026-03-17 09:50:49', '2026-03-17 09:50:49'),
(4046, 2, 400, 13, 'PRESENT', '2026-03-17 09:50:49', '2026-03-17 09:50:49'),
(4047, 2, 400, 14, 'PRESENT', '2026-03-17 09:50:49', '2026-03-17 09:50:49'),
(4048, 2, 400, 15, 'PRESENT', '2026-03-17 09:50:49', '2026-03-17 09:50:49'),
(4049, 2, 400, 16, 'PRESENT', '2026-03-17 09:50:49', '2026-03-17 09:50:49'),
(4050, 2, 400, 18, 'PRESENT', '2026-03-17 09:50:49', '2026-03-17 09:50:49'),
(4051, 2, 400, 19, 'PRESENT', '2026-03-17 09:50:49', '2026-03-17 09:50:49'),
(4052, 2, 400, 20, 'PRESENT', '2026-03-17 09:50:49', '2026-03-17 09:50:49'),
(4053, 2, 400, 21, 'PRESENT', '2026-03-17 09:50:49', '2026-03-17 09:50:49'),
(4054, 2, 400, 22, 'PRESENT', '2026-03-17 09:50:49', '2026-03-17 09:50:49'),
(4055, 2, 400, 24, 'PRESENT', '2026-03-17 09:50:49', '2026-03-17 09:50:49'),
(4056, 2, 400, 25, 'PRESENT', '2026-03-17 09:50:49', '2026-03-17 09:50:49'),
(4057, 2, 400, 26, 'PRESENT', '2026-03-17 09:50:49', '2026-03-17 09:50:49'),
(4058, 2, 402, 3, 'PRESENT', '2026-03-24 09:10:30', '2026-03-24 09:10:30'),
(4059, 2, 402, 5, 'PRESENT', '2026-03-24 09:10:30', '2026-03-24 09:10:30'),
(4060, 2, 402, 6, 'PRESENT', '2026-03-24 09:10:30', '2026-03-24 09:10:30'),
(4061, 2, 402, 7, 'PRESENT', '2026-03-24 09:10:31', '2026-03-24 09:10:31'),
(4062, 2, 402, 9, 'PRESENT', '2026-03-24 09:10:31', '2026-03-24 09:10:31'),
(4063, 2, 402, 10, 'PRESENT', '2026-03-24 09:10:31', '2026-03-24 09:10:31'),
(4064, 2, 402, 11, 'PRESENT', '2026-03-24 09:10:31', '2026-03-24 09:10:31'),
(4065, 2, 402, 15, 'PRESENT', '2026-03-24 09:10:31', '2026-03-24 09:10:31'),
(4066, 2, 402, 16, 'PRESENT', '2026-03-24 09:10:32', '2026-03-24 09:10:32'),
(4067, 2, 402, 18, 'PRESENT', '2026-03-24 09:10:32', '2026-03-24 09:10:32'),
(4068, 2, 402, 19, 'PRESENT', '2026-03-24 09:10:32', '2026-03-24 09:10:32'),
(4069, 2, 402, 20, 'PRESENT', '2026-03-24 09:10:32', '2026-03-24 09:10:32'),
(4070, 2, 402, 22, 'PRESENT', '2026-03-24 09:10:32', '2026-03-24 09:10:32'),
(4071, 2, 402, 24, 'PRESENT', '2026-03-24 09:10:32', '2026-03-24 09:10:32'),
(4072, 2, 402, 21, 'PRESENT', '2026-03-24 09:12:06', '2026-03-24 09:12:06'),
(4073, 2, 403, 3, 'PRESENT', '2026-03-24 12:20:18', '2026-03-24 12:20:18'),
(4074, 2, 403, 5, 'PRESENT', '2026-03-24 12:20:18', '2026-03-24 12:20:18'),
(4075, 2, 403, 6, 'PRESENT', '2026-03-24 12:20:18', '2026-03-24 12:20:18'),
(4076, 2, 403, 7, 'PRESENT', '2026-03-24 12:20:18', '2026-03-24 12:20:18'),
(4077, 2, 403, 9, 'PRESENT', '2026-03-24 12:20:18', '2026-03-24 12:20:18'),
(4078, 2, 403, 10, 'PRESENT', '2026-03-24 12:20:18', '2026-03-24 12:20:18'),
(4079, 2, 403, 11, 'PRESENT', '2026-03-24 12:20:18', '2026-03-24 12:20:18'),
(4080, 2, 403, 15, 'PRESENT', '2026-03-24 12:20:18', '2026-03-24 12:20:18'),
(4081, 2, 403, 16, 'PRESENT', '2026-03-24 12:20:18', '2026-03-24 12:20:18'),
(4082, 2, 403, 18, 'PRESENT', '2026-03-24 12:20:18', '2026-03-24 12:20:18'),
(4083, 2, 403, 19, 'PRESENT', '2026-03-24 12:20:18', '2026-03-24 12:20:18'),
(4084, 2, 403, 20, 'PRESENT', '2026-03-24 12:20:18', '2026-03-24 12:20:18'),
(4085, 2, 403, 22, 'PRESENT', '2026-03-24 12:20:18', '2026-03-24 12:20:18'),
(4086, 2, 403, 24, 'PRESENT', '2026-03-24 12:20:18', '2026-03-24 12:20:18'),
(4087, 2, 403, 21, 'PRESENT', '2026-03-24 12:20:18', '2026-03-24 12:20:18'),
(4088, 2, 404, 3, 'PRESENT', '2026-03-24 12:20:27', '2026-03-24 12:20:27'),
(4089, 2, 404, 5, 'PRESENT', '2026-03-24 12:20:27', '2026-03-24 12:20:27'),
(4090, 2, 404, 6, 'PRESENT', '2026-03-24 12:20:27', '2026-03-24 12:20:27'),
(4091, 2, 404, 7, 'PRESENT', '2026-03-24 12:20:27', '2026-03-24 12:20:27'),
(4092, 2, 404, 9, 'PRESENT', '2026-03-24 12:20:27', '2026-03-24 12:20:27'),
(4093, 2, 404, 10, 'PRESENT', '2026-03-24 12:20:27', '2026-03-24 12:20:27'),
(4094, 2, 404, 11, 'PRESENT', '2026-03-24 12:20:27', '2026-03-24 12:20:27'),
(4095, 2, 404, 15, 'PRESENT', '2026-03-24 12:20:27', '2026-03-24 12:20:27'),
(4096, 2, 404, 16, 'PRESENT', '2026-03-24 12:20:27', '2026-03-24 12:20:27'),
(4097, 2, 404, 18, 'PRESENT', '2026-03-24 12:20:27', '2026-03-24 12:20:27'),
(4098, 2, 404, 19, 'PRESENT', '2026-03-24 12:20:27', '2026-03-24 12:20:27'),
(4099, 2, 404, 20, 'PRESENT', '2026-03-24 12:20:27', '2026-03-24 12:20:27'),
(4100, 2, 404, 22, 'PRESENT', '2026-03-24 12:20:27', '2026-03-24 12:20:27'),
(4101, 2, 404, 24, 'PRESENT', '2026-03-24 12:20:27', '2026-03-24 12:20:27'),
(4102, 2, 404, 21, 'PRESENT', '2026-03-24 12:20:27', '2026-03-24 12:20:27'),
(4103, 2, 420, 3, 'PRESENT', '2026-03-30 09:13:18', '2026-03-30 09:13:18'),
(4104, 2, 420, 5, 'PRESENT', '2026-03-30 09:13:18', '2026-03-30 09:13:18'),
(4105, 2, 420, 6, 'PRESENT', '2026-03-30 09:13:18', '2026-03-30 09:13:18'),
(4106, 2, 420, 7, 'PRESENT', '2026-03-30 09:13:18', '2026-03-30 09:13:18'),
(4107, 2, 420, 9, 'PRESENT', '2026-03-30 09:13:19', '2026-03-30 09:13:19'),
(4108, 2, 420, 11, 'PRESENT', '2026-03-30 09:13:19', '2026-03-30 09:13:19'),
(4109, 2, 420, 12, 'PRESENT', '2026-03-30 09:13:19', '2026-03-30 09:13:19'),
(4110, 2, 420, 13, 'PRESENT', '2026-03-30 09:13:19', '2026-03-30 09:13:19'),
(4111, 2, 420, 14, 'PRESENT', '2026-03-30 09:13:19', '2026-03-30 09:13:19'),
(4112, 2, 420, 15, 'PRESENT', '2026-03-30 09:13:20', '2026-03-30 09:13:20'),
(4113, 2, 420, 16, 'PRESENT', '2026-03-30 09:13:20', '2026-03-30 09:13:20'),
(4114, 2, 420, 17, 'PRESENT', '2026-03-30 09:13:20', '2026-03-30 09:13:20'),
(4115, 2, 420, 19, 'PRESENT', '2026-03-30 09:13:20', '2026-03-30 09:13:20'),
(4116, 2, 420, 20, 'PRESENT', '2026-03-30 09:13:21', '2026-03-30 09:13:21'),
(4117, 2, 420, 21, 'PRESENT', '2026-03-30 09:13:21', '2026-03-30 09:13:21'),
(4118, 2, 420, 24, 'PRESENT', '2026-03-30 09:13:21', '2026-03-30 09:13:21'),
(4119, 2, 420, 26, 'PRESENT', '2026-03-30 09:13:22', '2026-03-30 09:13:22'),
(4120, 2, 420, 27, 'PRESENT', '2026-03-30 09:13:22', '2026-03-30 09:13:22'),
(4121, 2, 420, 4, 'PRESENT', '2026-03-30 09:28:17', '2026-03-30 09:28:17'),
(4122, 2, 420, 18, 'PRESENT', '2026-03-30 09:28:17', '2026-03-30 09:28:17'),
(4123, 2, 420, 28, 'PRESENT', '2026-03-30 09:28:17', '2026-03-30 09:28:17'),
(4124, 2, 420, 10, 'PRESENT', '2026-03-30 09:28:43', '2026-03-30 09:28:43'),
(4125, 2, 420, 25, 'PRESENT', '2026-03-30 10:44:30', '2026-03-30 10:44:30'),
(4126, 2, 421, 3, 'PRESENT', '2026-03-30 15:28:56', '2026-03-30 15:28:56'),
(4127, 2, 421, 5, 'PRESENT', '2026-03-30 15:28:56', '2026-03-30 15:28:56'),
(4128, 2, 421, 6, 'PRESENT', '2026-03-30 15:28:56', '2026-03-30 15:28:56'),
(4129, 2, 421, 7, 'PRESENT', '2026-03-30 15:28:56', '2026-03-30 15:28:56'),
(4130, 2, 421, 9, 'PRESENT', '2026-03-30 15:28:56', '2026-03-30 15:28:56'),
(4131, 2, 421, 11, 'PRESENT', '2026-03-30 15:28:56', '2026-03-30 15:28:56'),
(4132, 2, 421, 12, 'PRESENT', '2026-03-30 15:28:56', '2026-03-30 15:28:56'),
(4133, 2, 421, 13, 'PRESENT', '2026-03-30 15:28:56', '2026-03-30 15:28:56'),
(4134, 2, 421, 14, 'PRESENT', '2026-03-30 15:28:56', '2026-03-30 15:28:56'),
(4135, 2, 421, 15, 'PRESENT', '2026-03-30 15:28:56', '2026-03-30 15:28:56'),
(4136, 2, 421, 16, 'PRESENT', '2026-03-30 15:28:56', '2026-03-30 15:28:56'),
(4137, 2, 421, 17, 'PRESENT', '2026-03-30 15:28:56', '2026-03-30 15:28:56'),
(4138, 2, 421, 19, 'PRESENT', '2026-03-30 15:28:56', '2026-03-30 15:28:56'),
(4139, 2, 421, 20, 'PRESENT', '2026-03-30 15:28:56', '2026-03-30 15:28:56'),
(4140, 2, 421, 21, 'PRESENT', '2026-03-30 15:28:56', '2026-03-30 15:28:56'),
(4141, 2, 421, 24, 'PRESENT', '2026-03-30 15:28:56', '2026-03-30 15:28:56'),
(4142, 2, 421, 26, 'PRESENT', '2026-03-30 15:28:56', '2026-03-30 15:28:56'),
(4143, 2, 421, 27, 'PRESENT', '2026-03-30 15:28:56', '2026-03-30 15:28:56'),
(4144, 2, 421, 4, 'PRESENT', '2026-03-30 15:28:56', '2026-03-30 15:28:56'),
(4145, 2, 421, 18, 'PRESENT', '2026-03-30 15:28:56', '2026-03-30 15:28:56'),
(4146, 2, 421, 28, 'PRESENT', '2026-03-30 15:28:56', '2026-03-30 15:28:56'),
(4147, 2, 421, 10, 'PRESENT', '2026-03-30 15:28:56', '2026-03-30 15:28:56'),
(4148, 2, 421, 25, 'PRESENT', '2026-03-30 15:28:56', '2026-03-30 15:28:56'),
(4149, 2, 422, 3, 'PRESENT', '2026-03-30 15:29:01', '2026-03-30 15:29:01'),
(4150, 2, 422, 5, 'PRESENT', '2026-03-30 15:29:01', '2026-03-30 15:29:01'),
(4151, 2, 422, 6, 'PRESENT', '2026-03-30 15:29:01', '2026-03-30 15:29:01'),
(4152, 2, 422, 7, 'PRESENT', '2026-03-30 15:29:01', '2026-03-30 15:29:01'),
(4153, 2, 422, 9, 'PRESENT', '2026-03-30 15:29:01', '2026-03-30 15:29:01'),
(4154, 2, 422, 11, 'PRESENT', '2026-03-30 15:29:01', '2026-03-30 15:29:01'),
(4155, 2, 422, 12, 'PRESENT', '2026-03-30 15:29:01', '2026-03-30 15:29:01'),
(4156, 2, 422, 13, 'PRESENT', '2026-03-30 15:29:01', '2026-03-30 15:29:01'),
(4157, 2, 422, 14, 'PRESENT', '2026-03-30 15:29:01', '2026-03-30 15:29:01'),
(4158, 2, 422, 15, 'PRESENT', '2026-03-30 15:29:01', '2026-03-30 15:29:01'),
(4159, 2, 422, 16, 'PRESENT', '2026-03-30 15:29:01', '2026-03-30 15:29:01'),
(4160, 2, 422, 17, 'PRESENT', '2026-03-30 15:29:01', '2026-03-30 15:29:01'),
(4161, 2, 422, 19, 'PRESENT', '2026-03-30 15:29:01', '2026-03-30 15:29:01'),
(4162, 2, 422, 20, 'PRESENT', '2026-03-30 15:29:01', '2026-03-30 15:29:01'),
(4163, 2, 422, 21, 'PRESENT', '2026-03-30 15:29:01', '2026-03-30 15:29:01'),
(4164, 2, 422, 24, 'PRESENT', '2026-03-30 15:29:01', '2026-03-30 15:29:01');

INSERT INTO `attendance_records` (`attendance_id`, `term_id`, `schedule_id`, `student_id`, `status`, `created_at`, `updated_at`) VALUES
(4165, 2, 422, 26, 'PRESENT', '2026-03-30 15:29:01', '2026-03-30 15:29:01'),
(4166, 2, 422, 27, 'PRESENT', '2026-03-30 15:29:01', '2026-03-30 15:29:01'),
(4167, 2, 422, 4, 'PRESENT', '2026-03-30 15:29:01', '2026-03-30 15:29:01'),
(4168, 2, 422, 18, 'PRESENT', '2026-03-30 15:29:01', '2026-03-30 15:29:01'),
(4169, 2, 422, 28, 'PRESENT', '2026-03-30 15:29:01', '2026-03-30 15:29:01'),
(4170, 2, 422, 10, 'PRESENT', '2026-03-30 15:29:01', '2026-03-30 15:29:01'),
(4171, 2, 422, 25, 'PRESENT', '2026-03-30 15:29:01', '2026-03-30 15:29:01'),
(4172, 2, 423, 3, 'PRESENT', '2026-03-30 15:29:12', '2026-03-30 15:29:12'),
(4173, 2, 423, 5, 'PRESENT', '2026-03-30 15:29:12', '2026-03-30 15:29:12'),
(4174, 2, 423, 6, 'PRESENT', '2026-03-30 15:29:12', '2026-03-30 15:29:12'),
(4175, 2, 423, 7, 'PRESENT', '2026-03-30 15:29:12', '2026-03-30 15:29:12'),
(4176, 2, 423, 9, 'PRESENT', '2026-03-30 15:29:12', '2026-03-30 15:29:12'),
(4177, 2, 423, 11, 'PRESENT', '2026-03-30 15:29:12', '2026-03-30 15:29:12'),
(4178, 2, 423, 12, 'PRESENT', '2026-03-30 15:29:12', '2026-03-30 15:29:12'),
(4179, 2, 423, 13, 'PRESENT', '2026-03-30 15:29:12', '2026-03-30 15:29:12'),
(4180, 2, 423, 14, 'PRESENT', '2026-03-30 15:29:12', '2026-03-30 15:29:12'),
(4181, 2, 423, 15, 'PRESENT', '2026-03-30 15:29:12', '2026-03-30 15:29:12'),
(4182, 2, 423, 16, 'PRESENT', '2026-03-30 15:29:12', '2026-03-30 15:29:12'),
(4183, 2, 423, 17, 'PRESENT', '2026-03-30 15:29:12', '2026-03-30 15:29:12'),
(4184, 2, 423, 19, 'PRESENT', '2026-03-30 15:29:12', '2026-03-30 15:29:12'),
(4185, 2, 423, 20, 'PRESENT', '2026-03-30 15:29:12', '2026-03-30 15:29:12'),
(4186, 2, 423, 21, 'PRESENT', '2026-03-30 15:29:12', '2026-03-30 15:29:12'),
(4187, 2, 423, 24, 'PRESENT', '2026-03-30 15:29:12', '2026-03-30 15:29:12'),
(4188, 2, 423, 26, 'PRESENT', '2026-03-30 15:29:12', '2026-03-30 15:29:12'),
(4189, 2, 423, 27, 'PRESENT', '2026-03-30 15:29:12', '2026-03-30 15:29:12'),
(4190, 2, 423, 4, 'PRESENT', '2026-03-30 15:29:12', '2026-03-30 15:29:12'),
(4191, 2, 423, 18, 'PRESENT', '2026-03-30 15:29:12', '2026-03-30 15:29:12'),
(4192, 2, 423, 28, 'PRESENT', '2026-03-30 15:29:12', '2026-03-30 15:29:12'),
(4193, 2, 423, 10, 'PRESENT', '2026-03-30 15:29:12', '2026-03-30 15:29:12'),
(4194, 2, 423, 25, 'PRESENT', '2026-03-30 15:29:12', '2026-03-30 15:29:12'),
(4195, 2, 435, 3, 'PRESENT', '2026-03-30 15:29:18', '2026-03-30 15:29:18'),
(4196, 2, 435, 5, 'PRESENT', '2026-03-30 15:29:18', '2026-03-30 15:29:18'),
(4197, 2, 435, 6, 'PRESENT', '2026-03-30 15:29:18', '2026-03-30 15:29:18'),
(4198, 2, 435, 7, 'PRESENT', '2026-03-30 15:29:18', '2026-03-30 15:29:18'),
(4199, 2, 435, 9, 'PRESENT', '2026-03-30 15:29:18', '2026-03-30 15:29:18'),
(4200, 2, 435, 11, 'PRESENT', '2026-03-30 15:29:18', '2026-03-30 15:29:18'),
(4201, 2, 435, 12, 'PRESENT', '2026-03-30 15:29:18', '2026-03-30 15:29:18'),
(4202, 2, 435, 13, 'PRESENT', '2026-03-30 15:29:18', '2026-03-30 15:29:18'),
(4203, 2, 435, 14, 'PRESENT', '2026-03-30 15:29:18', '2026-03-30 15:29:18'),
(4204, 2, 435, 15, 'PRESENT', '2026-03-30 15:29:18', '2026-03-30 15:29:18'),
(4205, 2, 435, 16, 'PRESENT', '2026-03-30 15:29:18', '2026-03-30 15:29:18'),
(4206, 2, 435, 17, 'PRESENT', '2026-03-30 15:29:18', '2026-03-30 15:29:18'),
(4207, 2, 435, 19, 'PRESENT', '2026-03-30 15:29:18', '2026-03-30 15:29:18'),
(4208, 2, 435, 20, 'PRESENT', '2026-03-30 15:29:18', '2026-03-30 15:29:18'),
(4209, 2, 435, 21, 'PRESENT', '2026-03-30 15:29:18', '2026-03-30 15:29:18'),
(4210, 2, 435, 24, 'PRESENT', '2026-03-30 15:29:18', '2026-03-30 15:29:18'),
(4211, 2, 435, 26, 'PRESENT', '2026-03-30 15:29:18', '2026-03-30 15:29:18'),
(4212, 2, 435, 27, 'PRESENT', '2026-03-30 15:29:18', '2026-03-30 15:29:18'),
(4213, 2, 435, 4, 'PRESENT', '2026-03-30 15:29:18', '2026-03-30 15:29:18'),
(4214, 2, 435, 18, 'PRESENT', '2026-03-30 15:29:18', '2026-03-30 15:29:18'),
(4215, 2, 435, 28, 'PRESENT', '2026-03-30 15:29:18', '2026-03-30 15:29:18'),
(4216, 2, 435, 10, 'PRESENT', '2026-03-30 15:29:18', '2026-03-30 15:29:18'),
(4217, 2, 435, 25, 'PRESENT', '2026-03-30 15:29:18', '2026-03-30 15:29:18'),
(4218, 2, 424, 1, 'PRESENT', '2026-03-31 09:35:44', '2026-03-31 09:35:44'),
(4219, 2, 424, 7, 'PRESENT', '2026-03-31 09:35:44', '2026-03-31 09:35:44'),
(4220, 2, 424, 6, 'PRESENT', '2026-03-31 09:35:44', '2026-03-31 09:35:44'),
(4221, 2, 424, 8, 'PRESENT', '2026-03-31 09:35:45', '2026-03-31 09:35:45'),
(4222, 2, 424, 9, 'PRESENT', '2026-03-31 09:35:45', '2026-03-31 09:35:45'),
(4223, 2, 424, 10, 'PRESENT', '2026-03-31 09:35:45', '2026-03-31 09:35:45'),
(4224, 2, 424, 12, 'PRESENT', '2026-03-31 09:35:45', '2026-03-31 09:35:45'),
(4225, 2, 424, 13, 'PRESENT', '2026-03-31 09:35:45', '2026-03-31 09:35:45'),
(4226, 2, 424, 14, 'PRESENT', '2026-03-31 09:35:46', '2026-03-31 09:35:46'),
(4227, 2, 424, 15, 'PRESENT', '2026-03-31 09:35:46', '2026-03-31 09:35:46'),
(4228, 2, 424, 16, 'PRESENT', '2026-03-31 09:35:46', '2026-03-31 09:35:46'),
(4229, 2, 424, 17, 'PRESENT', '2026-03-31 09:35:46', '2026-03-31 09:35:46'),
(4230, 2, 424, 18, 'PRESENT', '2026-03-31 09:35:46', '2026-03-31 09:35:46'),
(4231, 2, 424, 19, 'PRESENT', '2026-03-31 09:35:47', '2026-03-31 09:35:47'),
(4232, 2, 424, 20, 'PRESENT', '2026-03-31 09:35:47', '2026-03-31 09:35:47'),
(4233, 2, 424, 21, 'PRESENT', '2026-03-31 09:35:47', '2026-03-31 09:35:47'),
(4234, 2, 424, 24, 'PRESENT', '2026-03-31 09:35:47', '2026-03-31 09:35:47'),
(4235, 2, 424, 26, 'PRESENT', '2026-03-31 09:35:47', '2026-03-31 09:35:47'),
(4236, 2, 424, 28, 'PRESENT', '2026-03-31 09:35:48', '2026-03-31 09:35:48'),
(4237, 2, 425, 1, 'PRESENT', '2026-04-01 08:52:11', '2026-04-01 08:52:11'),
(4238, 2, 425, 7, 'PRESENT', '2026-04-01 08:52:11', '2026-04-01 08:52:11'),
(4239, 2, 425, 6, 'PRESENT', '2026-04-01 08:52:11', '2026-04-01 08:52:11'),
(4240, 2, 425, 8, 'PRESENT', '2026-04-01 08:52:11', '2026-04-01 08:52:11'),
(4241, 2, 425, 9, 'PRESENT', '2026-04-01 08:52:11', '2026-04-01 08:52:11'),
(4242, 2, 425, 10, 'PRESENT', '2026-04-01 08:52:11', '2026-04-01 08:52:11'),
(4243, 2, 425, 12, 'PRESENT', '2026-04-01 08:52:11', '2026-04-01 08:52:11'),
(4244, 2, 425, 13, 'PRESENT', '2026-04-01 08:52:11', '2026-04-01 08:52:11'),
(4245, 2, 425, 14, 'PRESENT', '2026-04-01 08:52:11', '2026-04-01 08:52:11'),
(4246, 2, 425, 15, 'PRESENT', '2026-04-01 08:52:11', '2026-04-01 08:52:11'),
(4247, 2, 425, 16, 'PRESENT', '2026-04-01 08:52:11', '2026-04-01 08:52:11'),
(4248, 2, 425, 17, 'PRESENT', '2026-04-01 08:52:11', '2026-04-01 08:52:11'),
(4249, 2, 425, 18, 'PRESENT', '2026-04-01 08:52:11', '2026-04-01 08:52:11'),
(4250, 2, 425, 19, 'PRESENT', '2026-04-01 08:52:11', '2026-04-01 08:52:11'),
(4251, 2, 425, 20, 'PRESENT', '2026-04-01 08:52:11', '2026-04-01 08:52:11'),
(4252, 2, 425, 21, 'PRESENT', '2026-04-01 08:52:11', '2026-04-01 08:52:11'),
(4253, 2, 425, 24, 'PRESENT', '2026-04-01 08:52:11', '2026-04-01 08:52:11'),
(4254, 2, 425, 26, 'PRESENT', '2026-04-01 08:52:11', '2026-04-01 08:52:11'),
(4255, 2, 425, 28, 'PRESENT', '2026-04-01 08:52:11', '2026-04-01 08:52:11'),
(4256, 2, 426, 1, 'PRESENT', '2026-04-01 08:52:17', '2026-04-01 08:52:17'),
(4257, 2, 426, 7, 'PRESENT', '2026-04-01 08:52:17', '2026-04-01 08:52:17'),
(4258, 2, 426, 6, 'PRESENT', '2026-04-01 08:52:17', '2026-04-01 08:52:17'),
(4259, 2, 426, 8, 'PRESENT', '2026-04-01 08:52:17', '2026-04-01 08:52:17'),
(4260, 2, 426, 9, 'PRESENT', '2026-04-01 08:52:17', '2026-04-01 08:52:17'),
(4261, 2, 426, 10, 'PRESENT', '2026-04-01 08:52:17', '2026-04-01 08:52:17'),
(4262, 2, 426, 12, 'PRESENT', '2026-04-01 08:52:17', '2026-04-01 08:52:17'),
(4263, 2, 426, 13, 'PRESENT', '2026-04-01 08:52:17', '2026-04-01 08:52:17'),
(4264, 2, 426, 14, 'PRESENT', '2026-04-01 08:52:17', '2026-04-01 08:52:17'),
(4265, 2, 426, 15, 'PRESENT', '2026-04-01 08:52:17', '2026-04-01 08:52:17'),
(4266, 2, 426, 16, 'PRESENT', '2026-04-01 08:52:17', '2026-04-01 08:52:17'),
(4267, 2, 426, 17, 'PRESENT', '2026-04-01 08:52:17', '2026-04-01 08:52:17'),
(4268, 2, 426, 18, 'PRESENT', '2026-04-01 08:52:17', '2026-04-01 08:52:17'),
(4269, 2, 426, 19, 'PRESENT', '2026-04-01 08:52:17', '2026-04-01 08:52:17'),
(4270, 2, 426, 20, 'PRESENT', '2026-04-01 08:52:17', '2026-04-01 08:52:17'),
(4271, 2, 426, 21, 'PRESENT', '2026-04-01 08:52:17', '2026-04-01 08:52:17'),
(4272, 2, 426, 24, 'PRESENT', '2026-04-01 08:52:17', '2026-04-01 08:52:17'),
(4273, 2, 426, 26, 'PRESENT', '2026-04-01 08:52:17', '2026-04-01 08:52:17'),
(4274, 2, 426, 28, 'PRESENT', '2026-04-01 08:52:17', '2026-04-01 08:52:17'),
(4275, 2, 427, 5, 'PRESENT', '2026-04-01 09:13:50', '2026-04-01 09:13:50'),
(4276, 2, 427, 6, 'PRESENT', '2026-04-01 09:13:50', '2026-04-01 09:13:50'),
(4277, 2, 427, 7, 'PRESENT', '2026-04-01 09:13:51', '2026-04-01 09:13:51'),
(4278, 2, 427, 9, 'PRESENT', '2026-04-01 09:13:51', '2026-04-01 09:13:51'),
(4279, 2, 427, 11, 'PRESENT', '2026-04-01 09:13:51', '2026-04-01 09:13:51'),
(4280, 2, 427, 13, 'PRESENT', '2026-04-01 09:13:51', '2026-04-01 09:13:51'),
(4281, 2, 427, 16, 'PRESENT', '2026-04-01 09:13:51', '2026-04-01 09:13:51'),
(4282, 2, 427, 17, 'PRESENT', '2026-04-01 09:13:52', '2026-04-01 09:13:52'),
(4283, 2, 427, 19, 'PRESENT', '2026-04-01 09:13:52', '2026-04-01 09:13:52'),
(4284, 2, 427, 20, 'PRESENT', '2026-04-01 09:13:52', '2026-04-01 09:13:52'),
(4285, 2, 427, 21, 'PRESENT', '2026-04-01 09:13:52', '2026-04-01 09:13:52'),
(4286, 2, 427, 24, 'PRESENT', '2026-04-01 09:13:52', '2026-04-01 09:13:52'),
(4287, 2, 427, 26, 'PRESENT', '2026-04-01 09:13:53', '2026-04-01 09:13:53'),
(4288, 2, 427, 27, 'PRESENT', '2026-04-01 09:13:53', '2026-04-01 09:13:53'),
(4289, 2, 427, 10, 'PRESENT', '2026-04-01 09:14:41', '2026-04-01 09:14:41'),
(4290, 2, 427, 25, 'PRESENT', '2026-04-01 11:19:13', '2026-04-01 11:19:13'),
(4291, 2, 428, 5, 'PRESENT', '2026-04-01 11:19:16', '2026-04-01 11:19:28'),
(4292, 2, 428, 6, 'PRESENT', '2026-04-01 11:19:16', '2026-04-01 11:19:28'),
(4293, 2, 428, 7, 'PRESENT', '2026-04-01 11:19:16', '2026-04-01 11:19:28'),
(4294, 2, 428, 9, 'PRESENT', '2026-04-01 11:19:16', '2026-04-01 11:19:29'),
(4295, 2, 428, 11, 'PRESENT', '2026-04-01 11:19:16', '2026-04-01 11:19:29'),
(4296, 2, 428, 13, 'PRESENT', '2026-04-01 11:19:16', '2026-04-01 11:19:29'),
(4297, 2, 428, 16, 'PRESENT', '2026-04-01 11:19:16', '2026-04-01 11:19:30'),
(4298, 2, 428, 17, 'PRESENT', '2026-04-01 11:19:16', '2026-04-01 11:19:30'),
(4299, 2, 428, 19, 'PRESENT', '2026-04-01 11:19:16', '2026-04-01 11:19:31'),
(4300, 2, 428, 20, 'PRESENT', '2026-04-01 11:19:16', '2026-04-01 11:19:31'),
(4301, 2, 428, 21, 'PRESENT', '2026-04-01 11:19:16', '2026-04-01 11:19:31'),
(4302, 2, 428, 24, 'PRESENT', '2026-04-01 11:19:16', '2026-04-01 11:19:32'),
(4303, 2, 428, 26, 'PRESENT', '2026-04-01 11:19:16', '2026-04-01 11:19:32'),
(4304, 2, 428, 27, 'PRESENT', '2026-04-01 11:19:16', '2026-04-01 11:19:32'),
(4305, 2, 428, 10, 'PRESENT', '2026-04-01 11:19:16', '2026-04-01 11:19:29'),
(4306, 2, 428, 25, 'PRESENT', '2026-04-01 11:19:16', '2026-04-01 11:19:32'),
(4307, 2, 428, 1, 'ABSENT', '2026-04-01 11:19:27', '2026-04-01 11:19:27'),
(4308, 2, 428, 2, 'ABSENT', '2026-04-01 11:19:27', '2026-04-01 11:19:27'),
(4309, 2, 428, 3, 'ABSENT', '2026-04-01 11:19:28', '2026-04-01 11:19:28'),
(4310, 2, 428, 4, 'ABSENT', '2026-04-01 11:19:28', '2026-04-01 11:19:28'),
(4314, 2, 428, 8, 'ABSENT', '2026-04-01 11:19:28', '2026-04-01 11:19:28'),
(4318, 2, 428, 12, 'ABSENT', '2026-04-01 11:19:29', '2026-04-01 11:19:29'),
(4320, 2, 428, 14, 'ABSENT', '2026-04-01 11:19:30', '2026-04-01 11:19:30'),
(4321, 2, 428, 15, 'ABSENT', '2026-04-01 11:19:30', '2026-04-01 11:19:30'),
(4324, 2, 428, 18, 'ABSENT', '2026-04-01 11:19:30', '2026-04-01 11:19:30'),
(4328, 2, 428, 22, 'ABSENT', '2026-04-01 11:19:31', '2026-04-01 11:19:31'),
(4329, 2, 428, 23, 'ABSENT', '2026-04-01 11:19:32', '2026-04-01 11:19:32'),
(4334, 2, 428, 28, 'ABSENT', '2026-04-01 11:19:32', '2026-04-01 11:19:32'),
(4335, 2, 428, 29, 'ABSENT', '2026-04-01 11:19:33', '2026-04-01 11:19:33');

-- ----------------------------------------
-- Table structure for `audit_log`
-- ----------------------------------------

DROP TABLE IF EXISTS `audit_log`;
CREATE TABLE `audit_log` (
  `audit_id` bigint(20) unsigned NOT NULL AUTO_INCREMENT,
  `action` varchar(60) CHARACTER SET utf8mb4 COLLATE utf8mb4_unicode_ci NOT NULL,
  `admin_id` bigint(20) unsigned DEFAULT NULL,
  `doctor_id` bigint(20) unsigned DEFAULT NULL,
  `course_id` bigint(20) unsigned DEFAULT NULL,
  `week_id` bigint(20) unsigned DEFAULT NULL,
  `schedule_id` bigint(20) unsigned DEFAULT NULL,
  `entity_type` varchar(60) CHARACTER SET utf8mb4 COLLATE utf8mb4_unicode_ci DEFAULT NULL,
  `entity_id` varchar(60) CHARACTER SET utf8mb4 COLLATE utf8mb4_unicode_ci DEFAULT NULL,
  `meta_json` longtext CHARACTER SET utf8mb4 COLLATE utf8mb4_bin DEFAULT NULL,
  `ip_address` varchar(45) CHARACTER SET utf8mb4 COLLATE utf8mb4_unicode_ci DEFAULT NULL,
  `user_agent` varchar(255) CHARACTER SET utf8mb4 COLLATE utf8mb4_unicode_ci DEFAULT NULL,
  `created_at` timestamp NOT NULL DEFAULT current_timestamp(),
  PRIMARY KEY (`audit_id`),
  KEY `idx_audit_action` (`action`),
  KEY `idx_audit_created` (`created_at`),
  KEY `idx_audit_admin` (`admin_id`),
  KEY `idx_audit_doctor` (`doctor_id`),
  KEY `idx_audit_course` (`course_id`),
  KEY `idx_audit_week` (`week_id`),
  KEY `idx_audit_schedule` (`schedule_id`),
  CONSTRAINT `fk_audit_admin` FOREIGN KEY (`admin_id`) REFERENCES `admins` (`admin_id`) ON DELETE SET NULL ON UPDATE CASCADE,
  CONSTRAINT `fk_audit_course` FOREIGN KEY (`course_id`) REFERENCES `courses` (`course_id`) ON DELETE SET NULL ON UPDATE CASCADE,
  CONSTRAINT `fk_audit_doctor` FOREIGN KEY (`doctor_id`) REFERENCES `doctors` (`doctor_id`) ON DELETE SET NULL ON UPDATE CASCADE,
  CONSTRAINT `fk_audit_schedule` FOREIGN KEY (`schedule_id`) REFERENCES `doctor_schedules` (`schedule_id`) ON DELETE SET NULL ON UPDATE CASCADE,
  CONSTRAINT `fk_audit_week` FOREIGN KEY (`week_id`) REFERENCES `weeks` (`week_id`) ON DELETE SET NULL ON UPDATE CASCADE
) ENGINE=InnoDB DEFAULT CHARSET=utf8mb4 COLLATE=utf8mb4_general_ci;


-- ----------------------------------------
-- Table structure for `cancelled_doctor_schedules`
-- ----------------------------------------

DROP TABLE IF EXISTS `cancelled_doctor_schedules`;
CREATE TABLE `cancelled_doctor_schedules` (
  `cancelled_id` bigint(20) unsigned NOT NULL AUTO_INCREMENT,
  `week_id` bigint(20) unsigned NOT NULL,
  `doctor_id` bigint(20) unsigned NOT NULL,
  `day_of_week` enum('Sun','Mon','Tue','Wed','Thu') NOT NULL,
  `slot_number` tinyint(3) unsigned DEFAULT NULL COMMENT '1-5, NULL when scope = day',
  `course_id` bigint(20) unsigned NOT NULL,
  `room_code` varchar(50) NOT NULL,
  `counts_towards_hours` tinyint(1) NOT NULL DEFAULT 1,
  `cancelled_scope` enum('day','slot') NOT NULL,
  `cancelled_at` timestamp NOT NULL DEFAULT current_timestamp(),
  PRIMARY KEY (`cancelled_id`),
  UNIQUE KEY `uq_cancelled_day` (`week_id`,`doctor_id`,`day_of_week`,`cancelled_scope`,`slot_number`)
) ENGINE=InnoDB AUTO_INCREMENT=7 DEFAULT CHARSET=utf8mb4 COLLATE=utf8mb4_unicode_ci;


-- ----------------------------------------
-- Table structure for `course_doctor_hours`
-- ----------------------------------------

DROP TABLE IF EXISTS `course_doctor_hours`;
CREATE TABLE `course_doctor_hours` (
  `course_id` bigint(20) unsigned NOT NULL,
  `doctor_id` bigint(20) unsigned NOT NULL,
  `allocated_hours` decimal(6,2) NOT NULL DEFAULT 0.00,
  `updated_at` timestamp NOT NULL DEFAULT current_timestamp() ON UPDATE current_timestamp(),
  PRIMARY KEY (`course_id`,`doctor_id`)
) ENGINE=InnoDB DEFAULT CHARSET=utf8mb4 COLLATE=utf8mb4_unicode_ci;

-- Dumping data for `course_doctor_hours`
INSERT INTO `course_doctor_hours` (`course_id`, `doctor_id`, `allocated_hours`, `updated_at`) VALUES
(39, 13, '9.00', '2026-04-16 13:19:23'),
(39, 16, '9.00', '2026-04-16 13:19:23'),
(42, 1, '7.50', '2026-03-10 09:11:21'),
(42, 12, '10.50', '2026-03-10 09:11:21'),
(55, 1, '6.00', '2026-03-28 22:24:45'),
(55, 3, '6.00', '2026-03-28 22:24:45'),
(55, 4, '4.50', '2026-03-28 22:24:45'),
(55, 5, '7.50', '2026-03-28 22:24:45'),
(55, 6, '18.00', '2026-03-28 22:24:45'),
(55, 11, '9.00', '2026-03-28 22:24:45'),
(55, 12, '4.50', '2026-03-28 22:24:45'),
(91, 1, '24.00', '2026-03-09 11:50:36'),
(91, 2, '12.00', '2026-03-09 11:50:36'),
(91, 3, '12.00', '2026-03-09 11:50:36'),
(91, 5, '6.00', '2026-03-09 11:50:36');

-- ----------------------------------------
-- Table structure for `course_doctors`
-- ----------------------------------------

DROP TABLE IF EXISTS `course_doctors`;
CREATE TABLE `course_doctors` (
  `course_id` bigint(20) unsigned NOT NULL,
  `doctor_id` bigint(20) unsigned NOT NULL,
  `created_at` timestamp NOT NULL DEFAULT current_timestamp(),
  PRIMARY KEY (`course_id`,`doctor_id`),
  KEY `idx_course_doctor_doctor` (`doctor_id`),
  CONSTRAINT `fk_course_doctors_course` FOREIGN KEY (`course_id`) REFERENCES `courses` (`course_id`) ON DELETE CASCADE ON UPDATE CASCADE,
  CONSTRAINT `fk_course_doctors_doctor` FOREIGN KEY (`doctor_id`) REFERENCES `doctors` (`doctor_id`) ON DELETE CASCADE ON UPDATE CASCADE
) ENGINE=InnoDB DEFAULT CHARSET=utf8mb4 COLLATE=utf8mb4_unicode_ci;

-- Dumping data for `course_doctors`
INSERT INTO `course_doctors` (`course_id`, `doctor_id`, `created_at`) VALUES
(1, 1, '2025-12-31 00:14:56'),
(2, 1, '2025-12-31 00:17:05'),
(3, 1, '2025-12-31 00:14:47'),
(4, 1, '2025-12-31 00:15:55'),
(5, 4, '2025-12-31 00:16:33'),
(11, 7, '2025-12-31 00:14:27'),
(12, 7, '2026-04-16 13:16:32'),
(13, 5, '2025-12-31 10:55:33'),
(14, 9, '2026-01-01 17:00:41'),
(15, 4, '2026-01-01 17:02:45'),
(16, 9, '2026-01-01 17:04:20'),
(17, 6, '2025-12-31 00:15:35'),
(18, 9, '2026-01-01 17:06:30'),
(19, 6, '2026-01-01 17:15:49'),
(20, 9, '2026-01-01 17:16:35'),
(22, 9, '2026-01-01 17:19:07'),
(23, 3, '2025-12-31 00:16:25'),
(24, 2, '2025-12-31 00:14:03'),
(25, 3, '2026-01-01 17:39:31'),
(26, 2, '2025-12-31 00:13:41'),
(27, 2, '2025-12-31 00:13:07'),
(28, 2, '2025-12-31 00:16:17'),
(29, 6, '2025-12-31 00:16:07'),
(30, 2, '2025-12-31 00:15:13'),
(31, 2, '2025-12-31 00:16:52'),
(33, 7, '2025-12-31 12:12:14'),
(34, 7, '2026-04-16 13:15:49'),
(36, 5, '2025-12-31 13:47:39'),
(37, 13, '2026-04-16 13:16:39'),
(37, 16, '2026-04-16 13:16:39'),
(38, 4, '2025-12-31 13:51:37'),
(39, 13, '2026-04-16 13:19:16'),
(39, 16, '2026-04-16 13:19:16'),
(40, 6, '2025-12-31 13:53:20'),
(41, 9, '2026-01-01 17:06:48'),
(42, 1, '2026-02-04 17:44:04'),
(42, 12, '2026-02-04 17:44:04'),
(43, 15, '2026-03-31 10:17:44'),
(44, 6, '2025-12-31 13:56:42'),
(45, 1, '2025-12-31 13:57:24'),
(46, 1, '2025-12-31 13:58:17'),
(47, 1, '2025-12-31 13:59:10'),
(48, 14, '2026-03-12 15:56:15'),
(49, 1, '2025-12-31 14:00:33'),
(50, 6, '2025-12-31 14:01:18'),
(51, 2, '2025-12-31 14:01:54'),
(52, 3, '2025-12-31 14:02:25'),
(54, 5, '2025-12-31 14:30:47'),
(55, 1, '2026-03-28 22:24:01'),
(55, 3, '2026-03-28 22:24:01'),
(55, 4, '2026-03-28 22:24:01'),
(55, 5, '2026-03-28 22:24:01'),
(55, 6, '2026-03-28 22:24:01'),
(55, 11, '2026-03-28 22:24:01'),
(55, 12, '2026-03-28 22:24:01'),
(56, 1, '2025-12-31 14:33:58'),
(57, 8, '2025-12-31 14:36:25'),
(58, 2, '2025-12-31 14:37:05'),
(59, 7, '2025-12-31 19:27:21'),
(60, 7, '2025-12-31 19:28:40'),
(61, 9, '2026-01-01 17:51:10'),
(62, 9, '2026-01-01 17:01:12'),
(63, 4, '2026-01-01 17:03:05'),
(64, 1, '2025-12-31 19:33:37'),
(65, 9, '2026-01-01 17:04:56'),
(66, 6, '2025-12-31 19:35:27'),
(67, 9, '2026-01-01 17:52:41'),
(68, 6, '2026-01-01 17:10:37'),
(69, 2, '2025-12-31 19:39:29'),
(70, 1, '2025-12-31 19:40:53'),
(71, 1, '2025-12-31 19:42:02'),
(72, 9, '2026-01-01 17:53:59'),
(73, 1, '2025-12-31 19:43:03'),
(74, 3, '2025-12-31 19:43:35'),
(75, 2, '2025-12-31 19:44:03'),
(76, 3, '2026-01-01 17:40:15'),
(77, 1, '2025-12-31 19:45:28'),
(78, 2, '2025-12-31 19:46:08'),
(79, 1, '2025-12-31 19:47:25'),
(80, 2, '2025-12-31 19:47:54'),
(81, 7, '2025-12-31 19:49:28'),
(82, 3, '2025-12-31 20:10:04'),
(83, 13, '2026-03-01 20:18:19'),
(84, 4, '2026-02-04 18:29:56'),
(85, 13, '2026-03-07 15:09:42'),
(86, 1, '2025-12-31 19:54:35'),
(87, 1, '2025-12-31 19:55:22'),
(88, 14, '2026-03-13 19:50:25'),
(89, 1, '2026-02-12 21:13:21'),
(90, 1, '2026-02-12 21:12:55'),
(91, 1, '2026-03-09 11:50:13'),
(91, 2, '2026-03-09 11:50:13'),
(91, 3, '2026-03-09 11:50:13'),
(91, 5, '2026-03-09 11:50:13'),
(92, 2, '2026-02-12 21:45:51'),
(93, 7, '2026-01-01 18:10:22'),
(94, 2, '2026-01-01 18:11:30'),
(95, 2, '2026-01-01 18:12:53'),
(96, 2, '2026-01-01 18:13:34'),
(97, 1, '2026-01-01 18:15:09'),
(98, 1, '2026-01-01 18:17:13'),
(99, 2, '2026-01-01 18:18:08'),
(100, 9, '2026-01-01 18:19:40'),
(101, 2, '2026-01-01 18:21:29'),
(102, 2, '2026-01-01 18:21:57'),
(103, 2, '2026-01-01 18:24:08'),
(104, 2, '2026-01-01 18:25:21'),
(105, 2, '2026-01-01 18:26:27'),
(106, 2, '2026-01-01 18:26:54');

-- ----------------------------------------
-- Table structure for `courses`
-- ----------------------------------------

DROP TABLE IF EXISTS `courses`;
CREATE TABLE `courses` (
  `course_id` bigint(20) unsigned NOT NULL AUTO_INCREMENT,
  `course_name` varchar(200) NOT NULL,
  `program` varchar(120) NOT NULL DEFAULT 'Digital Marketing',
  `year_level` tinyint(3) unsigned NOT NULL DEFAULT 1,
  `semester` tinyint(3) unsigned NOT NULL DEFAULT 1,
  `course_type` enum('R','LAS','ZH') NOT NULL DEFAULT 'R',
  `subject_code` varchar(30) NOT NULL,
  `total_hours` decimal(5,2) NOT NULL DEFAULT 10.00,
  `course_Hours` decimal(5,2) NOT NULL DEFAULT 10.00,
  `default_room_code` varchar(50) DEFAULT NULL,
  `coefficient` decimal(6,2) NOT NULL DEFAULT 1.00,
  `doctor_id` bigint(20) unsigned DEFAULT NULL,
  `created_at` timestamp NOT NULL DEFAULT current_timestamp(),
  PRIMARY KEY (`course_id`),
  KEY `idx_courses_year_sem_code` (`year_level`,`semester`,`subject_code`),
  KEY `idx_courses_doctor_id` (`doctor_id`),
  KEY `idx_courses_program_year` (`program`,`year_level`),
  KEY `idx_courses_semester` (`semester`),
  CONSTRAINT `fk_courses_doctor` FOREIGN KEY (`doctor_id`) REFERENCES `doctors` (`doctor_id`) ON DELETE SET NULL ON UPDATE CASCADE
) ENGINE=InnoDB AUTO_INCREMENT=108 DEFAULT CHARSET=utf8mb4 COLLATE=utf8mb4_unicode_ci;

-- Dumping data for `courses`
INSERT INTO `courses` (`course_id`, `course_name`, `program`, `year_level`, `semester`, `course_type`, `subject_code`, `total_hours`, `course_Hours`, `default_room_code`, `coefficient`, `doctor_id`, `created_at`) VALUES
(1, 'INTEGRATION', 'Digital Marketing', 1, 1, 'R', '1.11', '28.50', '28.50', '127', '1.00', 1, '2025-12-29 21:21:59'),
(2, 'WEB DEVELOPMENT', 'Digital Marketing', 1, 1, 'R', '1.12', '25.50', '25.50', '127', '1.00', 1, '2025-12-29 21:23:29'),
(3, 'INFORMATION REPRESENTATION AND PROCESSING', 'Digital Marketing', 1, 1, 'R', '1.14', '24.00', '24.00', '127', '1.00', 1, '2025-12-29 21:24:54'),
(4, 'PRODUCE A WEBSITE', 'Digital Marketing', 1, 1, 'LAS', '105', '31.50', '31.50', '127', '1.00', 1, '2025-12-29 21:26:14'),
(5, 'STRATEGIC MANAGEMENT', 'Digital Marketing', 1, 1, 'R', '1.20', '0.00', '0.00', NULL, '1.00', 4, '2025-12-29 21:51:52'),
(11, 'French', 'Digital Marketing', 1, 1, 'R', '1.01', '18.00', '18.00', NULL, '1.00', 7, '2025-12-30 23:29:57'),
(12, 'Advanced French (LV2)', 'Digital Marketing', 1, 1, 'R', '1.02', '9.00', '9.00', NULL, '1.00', 7, '2025-12-30 23:31:27'),
(13, 'Ergonomics and Accessibility', 'Digital Marketing', 1, 1, 'R', '1.03', '18.00', '18.00', NULL, '1.00', 5, '2025-12-30 23:32:36'),
(14, 'Digital Culture', 'Digital Marketing', 1, 1, 'R', '1.04', '16.50', '16.50', NULL, '1.00', 9, '2025-12-30 23:33:49'),
(15, 'Marketing and Communication strategies', 'Digital Marketing', 1, 1, 'R', '1.05', '27.00', '27.00', NULL, '1.00', 4, '2025-12-30 23:35:23'),
(16, 'Expression, Communication and rhetoric', 'Digital Marketing', 1, 1, 'R', '1.06', '22.50', '22.50', NULL, '1.00', 9, '2025-12-30 23:36:54'),
(17, 'Multimedia writing and story telling', 'Digital Marketing', 1, 1, 'R', '1.07', '15.00', '15.00', NULL, '1.00', 6, '2025-12-30 23:37:47'),
(18, 'Graphic Production', 'Digital Marketing', 1, 1, 'R', '1.08', '22.50', '22.50', NULL, '1.00', 9, '2025-12-30 23:38:18'),
(19, 'Artistic Culture', 'Digital Marketing', 1, 1, 'R', '1.09', '16.50', '16.50', '127', '1.00', 6, '2025-12-30 23:39:05'),
(20, 'Audio and Video production', 'Digital Marketing', 1, 1, 'R', '1.10', '24.00', '24.00', NULL, '1.00', 9, '2025-12-30 23:39:45'),
(22, 'Hosting', 'Digital Marketing', 1, 1, 'R', '1.13', '18.00', '18.00', NULL, '1.00', 9, '2025-12-30 23:41:57'),
(23, 'Project Management', 'Digital Marketing', 1, 1, 'R', '1.15', '16.50', '16.50', NULL, '1.00', 3, '2025-12-30 23:43:24'),
(24, 'Economics management and digital law', 'Digital Marketing', 1, 1, 'R', '1.16', '15.00', '15.00', NULL, '1.00', 2, '2025-12-30 23:44:09'),
(25, 'Personal and Professional Project', 'Digital Marketing', 1, 1, 'R', '1.17', '19.50', '19.50', NULL, '1.00', 3, '2025-12-30 23:44:49'),
(26, 'Digital Communication Audit', 'Digital Marketing', 1, 1, 'LAS', '101', '13.50', '13.50', NULL, '1.00', 2, '2025-12-30 23:45:38'),
(27, 'Design a digital Communication recommand', 'Digital Marketing', 1, 1, 'LAS', '102', '10.50', '10.50', NULL, '1.00', 2, '2025-12-30 23:46:34'),
(28, 'Produce Elements for a visual Communication', 'Digital Marketing', 1, 1, 'LAS', '103', '15.00', '15.00', NULL, '1.00', 2, '2025-12-30 23:47:12'),
(29, 'Produce Audio And Video Content', 'Digital Marketing', 1, 1, 'LAS', '104', '13.50', '13.50', NULL, '1.00', 6, '2025-12-30 23:47:58'),
(30, 'Managing a Digital Communication Project', 'Digital Marketing', 1, 1, 'LAS', '106', '25.50', '25.50', NULL, '1.00', 2, '2025-12-30 23:53:37'),
(31, 'The Portfolio Approach', 'Digital Marketing', 1, 1, 'LAS', '107', '15.00', '15.00', NULL, '1.00', 2, '2025-12-30 23:54:30'),
(33, 'French', 'Digital Marketing', 1, 2, 'R', '2.01', '18.00', '18.00', NULL, '1.00', 7, '2025-12-31 12:12:14'),
(34, 'Advanced French (LV2)', 'Digital Marketing', 1, 2, 'R', '2.02', '9.00', '9.00', '127', '1.00', 7, '2025-12-31 13:44:46'),
(36, 'Ergonomics and Accessibility', 'Digital Marketing', 1, 2, 'R', '2.03', '16.50', '16.50', NULL, '1.00', 5, '2025-12-31 13:47:39'),
(37, 'Digital Culture', 'Digital Marketing', 1, 2, 'R', '2.04', '18.00', '18.00', NULL, '1.00', 13, '2025-12-31 13:50:55'),
(38, 'Marketing and Communication strategies', 'Digital Marketing', 1, 2, 'R', '2.05', '15.00', '15.00', '127', '1.00', 4, '2025-12-31 13:51:37'),
(39, 'Expression, Communication and rhetoric', 'Digital Marketing', 1, 2, 'R', '2.06', '18.00', '18.00', '127', '1.00', 16, '2025-12-31 13:52:30'),
(40, 'Multimedia writing and story telling', 'Digital Marketing', 1, 2, 'R', '2.07', '15.00', '15.00', '127', '1.00', 6, '2025-12-31 13:53:20'),
(41, 'Graphic Production', 'Digital Marketing', 1, 2, 'R', '2.08', '21.00', '21.00', '127', '1.00', 9, '2025-12-31 13:54:08'),
(42, 'Artistic Culture', 'Digital Marketing', 1, 2, 'R', '2.09', '18.00', '18.00', '127', '1.00', 1, '2025-12-31 13:55:02'),
(43, 'Audio and Video production', 'Digital Marketing', 1, 2, 'R', '2.10', '22.50', '22.50', '127', '1.00', 15, '2025-12-31 13:55:37'),
(44, 'Content Management', 'Digital Marketing', 1, 2, 'R', '2.11', '9.00', '9.00', '127', '1.00', 6, '2025-12-31 13:56:42'),
(45, 'INTEGRATION', 'Digital Marketing', 1, 2, 'R', '2.12', '24.00', '24.00', '127', '1.00', 1, '2025-12-31 13:57:24'),
(46, 'WEB DEVELOPMENT', 'Digital Marketing', 1, 2, 'R', '2.13', '21.00', '21.00', '127', '1.00', 1, '2025-12-31 13:58:17'),
(47, 'Information Systems', 'Digital Marketing', 1, 2, 'R', '2.14', '18.00', '18.00', '127', '1.00', 1, '2025-12-31 13:59:10'),
(48, 'Hosting', 'Digital Marketing', 1, 2, 'R', '2.15', '18.00', '18.00', NULL, '1.00', 14, '2025-12-31 13:59:44'),
(49, 'INFORMATION REPRESENTATION AND PROCESSING', 'Digital Marketing', 1, 2, 'R', '2.16', '19.50', '19.50', '127', '1.00', 1, '2025-12-31 14:00:33'),
(50, 'Project Management', 'Digital Marketing', 1, 2, 'R', '2.17', '15.00', '15.00', '127', '1.00', 6, '2025-12-31 14:01:18'),
(51, 'Economics management and digital law', 'Digital Marketing', 1, 2, 'R', '2.18', '15.00', '15.00', NULL, '1.00', 2, '2025-12-31 14:01:54'),
(52, 'Personal and Professional Project', 'Digital Marketing', 1, 2, 'R', '2.19', '19.50', '19.50', '127', '1.00', 3, '2025-12-31 14:02:25'),
(54, 'Explore Digital Uses', 'Digital Marketing', 1, 2, 'LAS', '2.01', '15.00', '15.00', NULL, '1.00', 5, '2025-12-31 14:30:47'),
(55, 'Design a product or services and its communication', 'Digital Marketing', 1, 2, 'LAS', '2.02', '55.50', '55.50', NULL, '1.00', 1, '2025-12-31 14:32:25'),
(56, 'Design a website with a Data Source', 'Digital Marketing', 1, 2, 'LAS', '.203', '21.00', '21.00', '127', '1.00', 1, '2025-12-31 14:33:58'),
(57, 'Build your online presence', 'Digital Marketing', 1, 2, 'LAS', '2.04', '15.00', '15.00', NULL, '1.00', 8, '2025-12-31 14:36:25'),
(58, 'Portfolio', 'Digital Marketing', 1, 2, 'LAS', '2.05', '30.00', '30.00', '127', '1.00', 2, '2025-12-31 14:37:05'),
(59, 'French', 'Digital Marketing', 2, 1, 'R', '3.01', '15.00', '15.00', '129', '1.00', 7, '2025-12-31 19:27:21'),
(60, 'Advanced French (LV2)', 'Digital Marketing', 2, 1, 'R', '3.02', '10.00', '10.00', '129', '1.00', 7, '2025-12-31 19:28:40'),
(61, 'Experience Design', 'Digital Marketing', 2, 1, 'R', '3.03', '16.50', '16.50', NULL, '1.00', 9, '2025-12-31 19:30:13'),
(62, 'Digital Culture', 'Digital Marketing', 2, 1, 'R', '3.04', '15.00', '15.00', '129', '1.00', 9, '2025-12-31 19:31:19'),
(63, 'Marketing and Communication strategies', 'Digital Marketing', 2, 1, 'R', '3.Dweb-D1.05', '15.00', '15.00', '129', '1.00', 4, '2025-12-31 19:32:36'),
(64, 'Referencing', 'Digital Marketing', 2, 1, 'R', '3.06', '15.00', '15.00', '129', '1.00', 1, '2025-12-31 19:33:37'),
(65, 'Expression, Communication and rhetoric', 'Digital Marketing', 2, 1, 'R', '3.07', '18.00', '18.00', NULL, '1.00', 9, '2025-12-31 19:34:31'),
(66, 'Multimedia writing and story telling', 'Digital Marketing', 2, 1, 'R', '3.08', '12.00', '12.00', NULL, '1.00', 6, '2025-12-31 19:35:27'),
(67, 'Creation and Interactive Design (UI)', 'Digital Marketing', 2, 1, 'R', '3.DWeb-D1.09', '15.00', '15.00', '129', '1.00', 9, '2025-12-31 19:37:15'),
(68, 'Artistic Culture', 'Digital Marketing', 2, 1, 'R', '3.10', '24.00', '24.00', '129', '1.00', 6, '2025-12-31 19:38:13'),
(69, 'Audio visual and motion design', 'Digital Marketing', 2, 1, 'R', '3.11', '19.50', '19.50', '129', '1.00', 2, '2025-12-31 19:39:29'),
(70, 'Front-End development and Integration', 'Digital Marketing', 2, 1, 'R', '3.12', '35.00', '35.00', '129', '1.00', 1, '2025-12-31 19:40:53'),
(71, 'Development Back', 'Digital Marketing', 2, 1, 'R', '3.DWeb-D1.13', '20.00', '20.00', '129', '1.00', 1, '2025-12-31 19:42:02'),
(72, 'Service Deployment', 'Digital Marketing', 2, 1, 'R', '3.14', '20.00', '20.00', NULL, '1.00', 9, '2025-12-31 19:42:40'),
(73, 'INFORMATION REPRESENTATION AND PROCESSING', 'Digital Marketing', 2, 1, 'R', '3.15', '20.00', '20.00', NULL, '1.00', 1, '2025-12-31 19:43:03'),
(74, 'Project Management', 'Digital Marketing', 2, 1, 'R', '3.16', '15.00', '15.00', '129', '1.00', 3, '2025-12-31 19:43:35'),
(75, 'Economics management and digital law', 'Digital Marketing', 2, 1, 'R', '3.17', '15.00', '15.00', '129', '1.00', 2, '2025-12-31 19:44:03'),
(76, 'Personal and Professional Project', 'Digital Marketing', 2, 1, 'R', '3.18', '10.00', '10.00', '129', '1.00', 3, '2025-12-31 19:44:28'),
(77, 'Developing User Paths Within an Information System', 'Digital Marketing', 2, 1, 'LAS', '3.DWeb-D1.01', '25.50', '25.50', NULL, '1.00', 1, '2025-12-31 19:45:28'),
(78, 'Communication', 'Digital Marketing', 2, 1, 'LAS', '3.02', '25.50', '25.50', '129', '1.00', 2, '2025-12-31 19:46:08'),
(79, 'Designing Data Visualization For the Web And an Interactive Application', 'Digital Marketing', 2, 1, 'LAS', '3.DWeb-D1.03', '25.50', '25.50', '129', '1.00', 1, '2025-12-31 19:47:25'),
(80, 'Portfolio', 'Digital Marketing', 2, 1, 'LAS', '3.04', '15.00', '15.00', NULL, '1.00', 2, '2025-12-31 19:47:54'),
(81, 'French', 'Digital Marketing', 2, 2, 'R', '4.DWeb-D1.01', '15.00', '15.00', '129', '1.00', 7, '2025-12-31 19:49:28'),
(82, 'Economics management and digital law', 'Digital Marketing', 2, 2, 'R', '4.02', '15.00', '15.00', '129', '1.00', 3, '2025-12-31 19:50:38'),
(83, 'Experience Design', 'Digital Marketing', 2, 2, 'R', '4.03', '15.00', '15.00', '129', '1.00', 13, '2025-12-31 19:52:12'),
(84, 'Expression, Communication', 'Digital Marketing', 2, 2, 'R', '4.04', '15.00', '15.00', NULL, '1.00', 4, '2025-12-31 19:52:58'),
(85, 'Creation and Interactive Design', 'Digital Marketing', 2, 2, 'R', '4.DWeb-D1.05', '15.00', '15.00', '129', '1.00', 13, '2025-12-31 19:53:45'),
(86, 'Front-End development', 'Digital Marketing', 2, 2, 'R', '4.DWeb-D1.06', '15.00', '15.00', '129', '1.00', 1, '2025-12-31 19:54:35'),
(87, 'Back-End Development', 'Digital Marketing', 2, 2, 'R', '4.DWeb-D1.07', '20.00', '20.00', '129', '1.00', 1, '2025-12-31 19:55:22'),
(88, 'Service Deployment', 'Digital Marketing', 2, 2, 'R', '4.DWeb-D1.08', '10.50', '10.50', '129', '1.00', 14, '2025-12-31 19:57:28'),
(89, 'WEB DEVELOPMENT', 'Digital Marketing', 2, 2, 'LAS', '4.DWeb-D1.01', '21.00', '21.00', '129', '1.00', 1, '2025-12-31 20:00:12'),
(90, 'Designing an Interactive Device', 'Digital Marketing', 2, 2, 'LAS', '4.DWeb-D1.02', '12.00', '12.00', NULL, '1.00', 1, '2025-12-31 20:00:58'),
(91, 'Internship', 'Digital Marketing', 2, 2, 'LAS', 'STAGE.DWeb-D1', '54.00', '54.00', NULL, '1.00', 1, '2025-12-31 20:01:55'),
(92, 'Portfolio', 'Digital Marketing', 2, 2, 'LAS', 'PORTIFOLIO', '33.00', '33.00', NULL, '1.00', 2, '2025-12-31 20:02:22'),
(93, 'French', 'Digital Marketing', 3, 1, 'R', '5.01', '20.00', '20.00', NULL, '1.00', 7, '2026-01-01 18:10:22'),
(94, 'Management and Quality Assurance', 'Digital Marketing', 3, 1, 'R', '5.02', '30.00', '30.00', NULL, '1.00', 2, '2026-01-01 18:11:30'),
(95, 'Entrepreneurship', 'Digital Marketing', 3, 1, 'R', '5.03', '15.00', '15.00', NULL, '1.00', 2, '2026-01-01 18:12:53'),
(96, 'Personal and Professional Project', 'Digital Marketing', 3, 1, 'R', '5.04', '21.00', '21.00', NULL, '1.00', 2, '2026-01-01 18:13:34'),
(97, 'Advanced Front-End Development', 'Digital Marketing', 3, 1, 'R', '5.DWeb-D1.05', '45.50', '45.50', NULL, '1.00', 1, '2026-01-01 18:15:09'),
(98, 'Advanced Back-End Development', 'Digital Marketing', 3, 1, 'R', '5.DWeb-D1.06', '50.00', '50.00', NULL, '1.00', 1, '2026-01-01 18:17:13'),
(99, 'Interactive Devices', 'Digital Marketing', 3, 1, 'R', '5.DWeb-D1.07', '58.50', '58.50', NULL, '1.00', 2, '2026-01-01 18:18:08'),
(100, 'Hosting And Cyber Security', 'Digital Marketing', 3, 1, 'R', '5.DWeb-D1.08', '50.00', '50.00', NULL, '1.00', 9, '2026-01-01 18:19:40'),
(101, 'Developing of the Web or designing an interactive Device', 'Digital Marketing', 3, 1, 'LAS', '5.DWeb-D1.01', '170.00', '170.00', NULL, '1.00', 2, '2026-01-01 18:21:29'),
(102, 'Portfolio', 'Digital Marketing', 3, 1, 'LAS', 'PORTIFOLIO', '30.00', '30.00', NULL, '1.00', 2, '2026-01-01 18:21:57'),
(103, 'Entrepreneurship', 'Digital Marketing', 3, 2, 'R', '6.01', '15.00', '15.00', NULL, '1.00', 2, '2026-01-01 18:24:08'),
(104, 'Web Development and Interactive Devices', 'Digital Marketing', 3, 2, 'R', '6.DWeb-D1.02', '37.00', '37.00', NULL, '1.00', 2, '2026-01-01 18:25:21'),
(105, 'Internship', 'Digital Marketing', 3, 2, 'LAS', '6.01', '50.00', '50.00', NULL, '1.00', 2, '2026-01-01 18:26:27'),
(106, 'Portfolio', 'Digital Marketing', 3, 2, 'LAS', '6.02', '7.00', '7.00', NULL, '1.00', 2, '2026-01-01 18:26:54');

-- ----------------------------------------
-- Table structure for `doctor_availability`
-- ----------------------------------------

DROP TABLE IF EXISTS `doctor_availability`;
CREATE TABLE `doctor_availability` (
  `availability_id` bigint(20) unsigned NOT NULL AUTO_INCREMENT,
  `week_id` bigint(20) unsigned NOT NULL,
  `doctor_id` bigint(20) unsigned NOT NULL,
  `day_of_week` varchar(3) NOT NULL,
  `slot_number` tinyint(3) unsigned NOT NULL,
  `created_at` timestamp NOT NULL DEFAULT current_timestamp(),
  PRIMARY KEY (`availability_id`),
  UNIQUE KEY `uq_doctor_availability` (`week_id`,`doctor_id`,`day_of_week`,`slot_number`),
  KEY `idx_doctor_availability_week` (`week_id`),
  KEY `idx_doctor_availability_doctor` (`doctor_id`),
  CONSTRAINT `fk_availability_doctor` FOREIGN KEY (`doctor_id`) REFERENCES `doctors` (`doctor_id`) ON DELETE CASCADE ON UPDATE CASCADE,
  CONSTRAINT `fk_availability_week` FOREIGN KEY (`week_id`) REFERENCES `weeks` (`week_id`) ON DELETE CASCADE ON UPDATE CASCADE
) ENGINE=InnoDB DEFAULT CHARSET=utf8mb4 COLLATE=utf8mb4_unicode_ci;


-- ----------------------------------------
-- Table structure for `doctor_schedules`
-- ----------------------------------------

DROP TABLE IF EXISTS `doctor_schedules`;
CREATE TABLE `doctor_schedules` (
  `schedule_id` bigint(20) unsigned NOT NULL AUTO_INCREMENT,
  `week_id` bigint(20) unsigned NOT NULL,
  `doctor_id` bigint(20) unsigned NOT NULL,
  `course_id` bigint(20) unsigned NOT NULL,
  `day_of_week` enum('Sun','Mon','Tue','Wed','Thu') NOT NULL,
  `slot_number` tinyint(3) unsigned NOT NULL COMMENT '1-5 (each slot = 1.5 hours)',
  `room_code` varchar(50) NOT NULL COMMENT 'Required free-text room (e.g., 101 / Lab A / Building 2 - 203)',
  `counts_towards_hours` tinyint(1) NOT NULL DEFAULT 1 COMMENT 'Only count/subtract hours when true',
  `extra_minutes` tinyint(3) unsigned NOT NULL DEFAULT 0 COMMENT '0,15,30,45 extra minutes deducted from course hours',
  `created_at` timestamp NOT NULL DEFAULT current_timestamp(),
  PRIMARY KEY (`schedule_id`),
  UNIQUE KEY `uq_week_doctor_day_slot` (`week_id`,`doctor_id`,`day_of_week`,`slot_number`),
  UNIQUE KEY `uq_week_room_day_slot` (`week_id`,`room_code`,`day_of_week`,`slot_number`),
  KEY `idx_course` (`course_id`),
  KEY `idx_week` (`week_id`),
  KEY `idx_room` (`room_code`),
  KEY `fk_doctor_schedules_doctor` (`doctor_id`),
  CONSTRAINT `fk_doctor_schedules_course` FOREIGN KEY (`course_id`) REFERENCES `courses` (`course_id`) ON UPDATE CASCADE,
  CONSTRAINT `fk_doctor_schedules_doctor` FOREIGN KEY (`doctor_id`) REFERENCES `doctors` (`doctor_id`) ON UPDATE CASCADE,
  CONSTRAINT `fk_doctor_schedules_week` FOREIGN KEY (`week_id`) REFERENCES `weeks` (`week_id`) ON UPDATE CASCADE
) ENGINE=InnoDB AUTO_INCREMENT=592 DEFAULT CHARSET=utf8mb4 COLLATE=utf8mb4_unicode_ci;

-- Dumping data for `doctor_schedules`
INSERT INTO `doctor_schedules` (`schedule_id`, `week_id`, `doctor_id`, `course_id`, `day_of_week`, `slot_number`, `room_code`, `counts_towards_hours`, `extra_minutes`, `created_at`) VALUES
(11, 1, 7, 33, 'Sun', 1, '127', 1, 0, '2025-12-31 14:53:55'),
(12, 1, 7, 33, 'Sun', 2, '127', 1, 0, '2025-12-31 14:54:08'),
(13, 1, 3, 52, 'Sun', 3, '127', 1, 0, '2025-12-31 14:54:48'),
(14, 1, 8, 57, 'Sun', 4, '127', 1, 0, '2025-12-31 14:55:10'),
(15, 1, 8, 57, 'Sun', 5, '127', 1, 0, '2025-12-31 14:55:20'),
(17, 1, 1, 45, 'Mon', 2, '127', 1, 0, '2025-12-31 14:56:26'),
(18, 1, 1, 49, 'Mon', 3, '127', 1, 0, '2025-12-31 14:56:39'),
(19, 1, 1, 49, 'Mon', 4, '127', 1, 0, '2025-12-31 14:56:54'),
(20, 1, 1, 49, 'Mon', 5, '127', 1, 0, '2025-12-31 14:57:00'),
(21, 1, 6, 50, 'Tue', 1, '127', 1, 0, '2025-12-31 14:57:39'),
(22, 1, 6, 50, 'Tue', 2, '127', 1, 0, '2025-12-31 14:57:45'),
(23, 1, 6, 44, 'Tue', 3, '127', 1, 0, '2025-12-31 14:58:11'),
(24, 1, 1, 45, 'Tue', 5, '127', 1, 0, '2025-12-31 14:58:41'),
(25, 1, 6, 40, 'Thu', 1, '127', 1, 0, '2025-12-31 14:59:24'),
(26, 1, 6, 40, 'Thu', 2, '127', 1, 0, '2025-12-31 14:59:34'),
(27, 1, 6, 44, 'Thu', 3, '127', 1, 0, '2025-12-31 14:59:41'),
(28, 1, 6, 44, 'Thu', 4, '127', 1, 0, '2025-12-31 14:59:49'),
(29, 1, 6, 44, 'Thu', 5, '127', 1, 0, '2025-12-31 14:59:57'),
(30, 1, 7, 81, 'Sun', 3, '129', 1, 0, '2025-12-31 20:06:25'),
(31, 1, 7, 81, 'Sun', 4, '129', 1, 0, '2025-12-31 20:06:40'),
(32, 1, 3, 82, 'Sun', 5, '129', 1, 0, '2025-12-31 20:11:07'),
(33, 1, 1, 87, 'Mon', 1, '129', 1, 0, '2025-12-31 20:12:20'),
(34, 1, 7, 81, 'Mon', 3, '129', 1, 0, '2025-12-31 20:13:04'),
(35, 1, 7, 81, 'Mon', 4, '129', 1, 0, '2025-12-31 20:13:11'),
(36, 1, 1, 87, 'Tue', 1, '129', 1, 0, '2025-12-31 20:13:45'),
(37, 1, 1, 87, 'Tue', 2, '129', 1, 0, '2025-12-31 20:13:52'),
(38, 1, 1, 86, 'Tue', 3, '129', 1, 0, '2025-12-31 20:13:59'),
(39, 1, 1, 86, 'Tue', 4, '129', 1, 0, '2025-12-31 20:14:06'),
(40, 1, 1, 87, 'Thu', 1, '129', 1, 0, '2025-12-31 20:14:29'),
(41, 1, 1, 87, 'Thu', 2, '129', 1, 0, '2025-12-31 20:14:35'),
(42, 1, 1, 86, 'Thu', 3, '129', 1, 0, '2025-12-31 20:14:52'),
(43, 1, 1, 86, 'Thu', 4, '129', 1, 0, '2025-12-31 20:14:59'),
(44, 2, 7, 81, 'Sun', 3, '129', 1, 0, '2026-01-11 10:55:48'),
(45, 2, 7, 81, 'Sun', 4, '129', 1, 0, '2026-01-11 10:55:50'),
(46, 2, 7, 81, 'Mon', 4, '129', 1, 0, '2026-01-11 10:55:54'),
(47, 2, 7, 81, 'Mon', 5, '129', 1, 0, '2026-01-11 10:55:57'),
(48, 2, 7, 81, 'Wed', 4, '129', 1, 0, '2026-01-11 10:56:02'),
(49, 2, 7, 81, 'Wed', 5, '129', 1, 0, '2026-01-11 10:56:04'),
(50, 2, 3, 82, 'Sun', 5, '129', 1, 0, '2026-01-11 10:56:14'),
(51, 2, 3, 82, 'Wed', 1, '129', 1, 0, '2026-01-11 10:56:20'),
(52, 2, 3, 82, 'Wed', 3, '129', 1, 0, '2026-01-11 10:56:23'),
(54, 2, 1, 87, 'Tue', 1, '129', 1, 0, '2026-01-11 10:56:38'),
(55, 2, 1, 87, 'Tue', 2, '129', 1, 0, '2026-01-11 10:56:41'),
(56, 2, 1, 87, 'Tue', 3, '129', 1, 0, '2026-01-11 10:56:44'),
(57, 2, 1, 87, 'Mon', 3, '129', 1, 0, '2026-01-11 10:56:46'),
(58, 2, 1, 87, 'Mon', 1, '129', 1, 0, '2026-01-11 10:56:49'),
(59, 2, 7, 33, 'Sun', 1, '127', 1, 0, '2026-01-11 10:59:44'),
(60, 2, 7, 33, 'Sun', 2, '127', 1, 0, '2026-01-11 10:59:49'),
(61, 2, 3, 52, 'Sun', 3, '127', 1, 0, '2026-01-11 11:00:08'),
(62, 2, 8, 57, 'Sun', 4, '127', 1, 0, '2026-01-11 11:00:26'),
(63, 2, 8, 57, 'Sun', 5, '127', 1, 0, '2026-01-11 11:00:30'),
(64, 2, 5, 54, 'Mon', 3, '127', 1, 0, '2026-01-11 11:00:48'),
(65, 2, 1, 45, 'Mon', 2, '127', 1, 0, '2026-01-11 11:01:00'),
(66, 2, 1, 49, 'Mon', 4, '127', 1, 0, '2026-01-11 11:01:04'),
(67, 2, 1, 49, 'Mon', 5, '127', 1, 0, '2026-01-11 11:01:07'),
(73, 2, 6, 50, 'Tue', 1, '127', 1, 0, '2026-01-11 11:59:02'),
(74, 2, 6, 50, 'Tue', 2, '127', 1, 0, '2026-01-11 11:59:20'),
(75, 2, 6, 44, 'Tue', 3, '127', 1, 0, '2026-01-11 11:59:27'),
(76, 2, 6, 40, 'Thu', 1, '127', 1, 0, '2026-01-11 12:00:21'),
(77, 2, 6, 40, 'Thu', 2, '127', 1, 0, '2026-01-11 12:00:24'),
(78, 2, 6, 44, 'Thu', 3, '127', 1, 0, '2026-01-11 12:00:30'),
(79, 2, 6, 40, 'Thu', 4, '127', 1, 0, '2026-01-11 12:00:55'),
(80, 2, 6, 50, 'Thu', 5, '127', 1, 0, '2026-01-11 12:01:00'),
(81, 3, 7, 33, 'Sun', 1, '127', 1, 0, '2026-01-16 19:27:48'),
(82, 3, 7, 33, 'Sun', 2, '127', 1, 0, '2026-01-16 19:28:04'),
(83, 3, 8, 57, 'Sun', 4, '127', 1, 0, '2026-01-16 19:28:42'),
(84, 3, 8, 57, 'Sun', 5, '127', 1, 0, '2026-01-16 19:29:13'),
(85, 3, 7, 33, 'Mon', 1, '127', 1, 0, '2026-01-16 19:30:01'),
(86, 3, 7, 33, 'Mon', 2, '127', 1, 0, '2026-01-16 19:30:09'),
(87, 3, 5, 54, 'Mon', 3, '127', 1, 0, '2026-01-16 19:30:44'),
(88, 3, 1, 49, 'Mon', 5, '127', 1, 0, '2026-01-16 19:31:09'),
(90, 3, 5, 54, 'Tue', 3, '127', 1, 0, '2026-01-16 19:32:05'),
(91, 3, 1, 45, 'Wed', 1, '127', 1, 0, '2026-01-16 19:32:33'),
(92, 3, 1, 45, 'Wed', 3, '127', 1, 0, '2026-01-16 19:32:47'),
(93, 3, 2, 51, 'Wed', 2, '127', 1, 0, '2026-01-16 19:33:13'),
(94, 3, 8, 57, 'Wed', 4, '127', 1, 0, '2026-01-16 19:33:42'),
(95, 3, 8, 57, 'Wed', 5, '127', 1, 0, '2026-01-16 19:33:51'),
(96, 3, 6, 50, 'Thu', 1, '127', 1, 0, '2026-01-16 19:34:17'),
(97, 3, 6, 50, 'Thu', 2, '127', 1, 0, '2026-01-16 19:34:27'),
(98, 3, 6, 50, 'Thu', 3, '127', 1, 0, '2026-01-16 19:34:34'),
(99, 3, 6, 50, 'Thu', 4, '127', 1, 0, '2026-01-16 19:34:49'),
(100, 3, 6, 50, 'Thu', 5, '127', 1, 0, '2026-01-16 19:34:58'),
(101, 3, 6, 40, 'Tue', 1, '127', 1, 0, '2026-01-16 19:44:03'),
(102, 3, 6, 40, 'Tue', 2, '127', 1, 0, '2026-01-16 19:44:09'),
(103, 3, 6, 40, 'Tue', 4, '127', 1, 0, '2026-01-16 19:45:17'),
(104, 3, 6, 40, 'Tue', 5, '127', 1, 0, '2026-01-16 19:45:23'),
(107, 3, 1, 86, 'Mon', 1, '129', 1, 0, '2026-01-16 19:53:32'),
(108, 3, 1, 86, 'Mon', 2, '129', 1, 0, '2026-01-16 19:53:59'),
(109, 3, 1, 87, 'Mon', 3, '129', 1, 0, '2026-01-16 19:54:11'),
(110, 3, 1, 86, 'Mon', 4, '129', 1, 0, '2026-01-16 19:54:22'),
(111, 3, 1, 87, 'Tue', 1, '129', 1, 0, '2026-01-16 19:54:41'),
(114, 3, 3, 82, 'Wed', 1, '129', 1, 0, '2026-01-16 19:55:43'),
(115, 3, 3, 82, 'Wed', 3, '129', 1, 0, '2026-01-16 19:55:49'),
(116, 3, 1, 87, 'Wed', 2, '129', 1, 0, '2026-01-16 19:56:08'),
(119, 3, 1, 86, 'Sun', 1, '129', 1, 0, '2026-01-16 19:58:57'),
(120, 3, 1, 86, 'Sun', 2, '129', 1, 0, '2026-01-16 19:59:02'),
(121, 3, 1, 89, 'Wed', 4, '129', 1, 0, '2026-01-16 19:59:30'),
(122, 3, 1, 89, 'Wed', 5, '129', 1, 0, '2026-01-16 19:59:37'),
(123, 3, 1, 86, 'Tue', 2, '129', 1, 0, '2026-01-16 20:05:14'),
(124, 3, 1, 89, 'Tue', 3, '129', 1, 0, '2026-01-16 20:05:23'),
(125, 3, 3, 82, 'Tue', 4, '129', 1, 0, '2026-01-18 12:33:49'),
(126, 3, 3, 82, 'Tue', 5, '129', 1, 0, '2026-01-18 12:33:59'),
(127, 4, 12, 42, 'Tue', 1, '127', 1, 0, '2026-02-04 17:46:46'),
(128, 4, 12, 42, 'Tue', 2, '127', 1, 0, '2026-02-04 17:46:53'),
(129, 4, 12, 42, 'Tue', 3, '127', 1, 0, '2026-02-04 17:47:00'),
(130, 4, 8, 57, 'Wed', 1, '127', 1, 0, '2026-02-04 18:00:06'),
(131, 4, 8, 57, 'Wed', 2, '127', 1, 0, '2026-02-04 18:00:18'),
(132, 4, 7, 33, 'Tue', 4, '127', 1, 0, '2026-02-04 18:05:17'),
(133, 4, 7, 33, 'Tue', 5, '127', 1, 0, '2026-02-04 18:05:26'),
(134, 4, 3, 52, 'Sun', 3, '127', 1, 0, '2026-02-04 18:09:31'),
(135, 4, 3, 82, 'Sun', 4, '129', 1, 0, '2026-02-04 18:10:12'),
(136, 4, 3, 82, 'Sun', 5, '129', 1, 0, '2026-02-04 18:10:19'),
(137, 4, 5, 54, 'Mon', 3, '127', 1, 0, '2026-02-04 18:11:40'),
(138, 4, 5, 36, 'Mon', 4, '127', 1, 0, '2026-02-04 18:11:51'),
(143, 4, 1, 89, 'Thu', 1, '129', 1, 0, '2026-02-04 18:19:01'),
(144, 4, 1, 89, 'Thu', 2, '129', 1, 0, '2026-02-04 18:19:12'),
(146, 4, 1, 89, 'Wed', 1, '129', 1, 0, '2026-02-04 18:19:45'),
(147, 4, 1, 89, 'Wed', 2, '129', 1, 0, '2026-02-04 18:19:50'),
(151, 4, 1, 49, 'Mon', 1, '127', 1, 0, '2026-02-04 18:23:05'),
(152, 4, 1, 49, 'Mon', 2, '127', 1, 0, '2026-02-04 18:23:16'),
(153, 4, 1, 45, 'Mon', 5, '127', 1, 0, '2026-02-04 18:23:35'),
(154, 4, 4, 38, 'Sun', 1, '127', 1, 0, '2026-02-04 18:24:33'),
(155, 4, 4, 38, 'Sun', 2, '127', 1, 0, '2026-02-04 18:24:41'),
(162, 4, 1, 89, 'Sun', 1, '129', 1, 0, '2026-02-04 18:32:16'),
(163, 4, 1, 89, 'Sun', 2, '129', 1, 0, '2026-02-04 18:32:22'),
(164, 4, 1, 89, 'Mon', 3, '129', 1, 0, '2026-02-04 18:33:51'),
(165, 4, 1, 89, 'Mon', 4, '129', 1, 0, '2026-02-04 18:33:57'),
(167, 4, 1, 45, 'Wed', 4, '127', 1, 0, '2026-02-04 18:37:06'),
(168, 4, 1, 45, 'Wed', 5, '127', 1, 0, '2026-02-04 18:37:11'),
(169, 4, 1, 89, 'Thu', 3, '129', 1, 0, '2026-02-04 20:42:50'),
(170, 4, 1, 90, 'Sun', 3, '129', 1, 0, '2026-02-04 20:45:12'),
(171, 4, 4, 84, 'Wed', 4, '129', 1, 0, '2026-02-04 20:57:43'),
(172, 4, 4, 84, 'Wed', 5, '129', 1, 0, '2026-02-04 20:57:49'),
(173, 4, 4, 84, 'Thu', 4, '129', 1, 0, '2026-02-04 20:58:03'),
(174, 4, 4, 84, 'Thu', 5, '129', 1, 0, '2026-02-04 20:58:09'),
(175, 4, 1, 90, 'Tue', 1, '129', 1, 0, '2026-02-04 20:58:55'),
(176, 4, 1, 90, 'Tue', 2, '129', 1, 0, '2026-02-04 20:59:03'),
(177, 4, 1, 90, 'Tue', 3, '129', 1, 0, '2026-02-04 20:59:22'),
(178, 4, 1, 90, 'Tue', 4, '129', 1, 0, '2026-02-04 21:01:20'),
(179, 4, 1, 89, 'Wed', 3, '129', 1, 0, '2026-02-04 21:14:18'),
(181, 4, 4, 38, 'Thu', 2, '127', 1, 0, '2026-02-07 07:45:42'),
(183, 4, 4, 38, 'Thu', 1, '127', 1, 0, '2026-02-07 07:52:02'),
(185, 5, 9, 41, 'Sun', 1, '127', 1, 0, '2026-02-11 19:45:01'),
(186, 5, 9, 41, 'Sun', 2, '127', 1, 0, '2026-02-11 19:45:13'),
(188, 5, 9, 41, 'Mon', 1, '127', 1, 0, '2026-02-11 19:45:47'),
(189, 5, 9, 41, 'Mon', 2, '127', 1, 0, '2026-02-11 19:45:52'),
(191, 5, 9, 41, 'Tue', 1, '127', 1, 0, '2026-02-11 19:46:12'),
(192, 5, 9, 41, 'Tue', 2, '127', 1, 0, '2026-02-11 19:46:16'),
(200, 5, 2, 51, 'Thu', 4, '127', 1, 0, '2026-02-11 20:19:17'),
(201, 5, 2, 51, 'Thu', 5, '127', 1, 0, '2026-02-11 20:19:24'),
(202, 5, 7, 33, 'Wed', 4, '127', 1, 0, '2026-02-11 20:20:24'),
(203, 5, 7, 33, 'Wed', 5, '127', 1, 0, '2026-02-11 20:20:29'),
(204, 5, 4, 38, 'Thu', 1, '127', 1, 0, '2026-02-11 20:22:35'),
(205, 5, 4, 38, 'Thu', 2, '127', 1, 0, '2026-02-11 20:22:43'),
(210, 5, 1, 45, 'Wed', 3, '127', 1, 0, '2026-02-11 20:27:11'),
(224, 5, 4, 84, 'Thu', 4, '129', 1, 0, '2026-02-12 17:01:20'),
(225, 5, 4, 84, 'Thu', 5, '129', 1, 0, '2026-02-12 17:01:27'),
(226, 5, 1, 89, 'Wed', 1, '129', 1, 0, '2026-02-12 21:13:52'),
(227, 5, 1, 90, 'Wed', 2, '129', 1, 0, '2026-02-12 21:14:06'),
(228, 5, 1, 90, 'Wed', 4, '129', 1, 0, '2026-02-12 21:14:25'),
(229, 5, 1, 90, 'Wed', 5, '129', 1, 0, '2026-02-12 21:14:33'),
(230, 5, 9, 41, 'Sun', 4, '127', 1, 0, '2026-02-15 12:37:38'),
(231, 5, 9, 41, 'Sun', 5, '127', 1, 0, '2026-02-15 12:37:46'),
(233, 5, 9, 41, 'Mon', 4, '127', 1, 0, '2026-02-15 12:40:07'),
(234, 5, 9, 41, 'Mon', 5, '127', 1, 0, '2026-02-15 12:40:42'),
(235, 5, 9, 41, 'Tue', 4, '127', 1, 0, '2026-02-15 12:40:47'),
(236, 5, 9, 41, 'Tue', 5, '127', 1, 0, '2026-02-15 12:43:45'),
(237, 5, 9, 41, 'Wed', 1, '127', 1, 0, '2026-02-15 12:43:50'),
(238, 5, 9, 41, 'Wed', 2, '127', 1, 0, '2026-02-15 12:43:54'),
(240, 6, 1, 45, 'Mon', 1, '127', 1, 0, '2026-02-18 13:42:40'),
(241, 6, 1, 45, 'Mon', 2, '127', 1, 0, '2026-02-18 13:52:35'),
(242, 6, 1, 45, 'Mon', 3, '127', 1, 0, '2026-02-18 14:03:39'),
(243, 6, 1, 49, 'Mon', 4, '127', 1, 0, '2026-02-18 14:03:53'),
(244, 6, 1, 49, 'Mon', 5, '127', 1, 0, '2026-02-18 14:04:07'),
(245, 6, 1, 49, 'Tue', 1, '127', 1, 0, '2026-02-18 14:04:31'),
(246, 6, 1, 49, 'Tue', 2, '127', 1, 0, '2026-02-18 14:04:39'),
(247, 6, 1, 49, 'Tue', 3, '127', 1, 0, '2026-02-18 14:04:48'),
(248, 6, 1, 45, 'Wed', 1, '127', 1, 0, '2026-02-18 14:05:06'),
(249, 6, 1, 45, 'Wed', 2, '127', 1, 0, '2026-02-18 14:05:15'),
(250, 6, 1, 45, 'Wed', 3, '127', 1, 0, '2026-02-18 14:05:26'),
(251, 6, 4, 38, 'Sun', 1, '127', 1, 0, '2026-02-18 14:07:01'),
(252, 6, 4, 38, 'Sun', 2, '127', 1, 0, '2026-02-18 14:07:13'),
(255, 6, 7, 34, 'Wed', 4, '127', 1, 0, '2026-02-18 14:08:37'),
(256, 6, 7, 34, 'Wed', 5, '127', 1, 0, '2026-02-18 14:08:49'),
(257, 6, 5, 36, 'Tue', 4, '127', 1, 0, '2026-02-18 14:10:11'),
(258, 6, 5, 54, 'Tue', 5, '127', 1, 0, '2026-02-18 14:13:11'),
(263, 6, 3, 52, 'Sun', 3, '127', 1, 0, '2026-02-18 20:13:09'),
(264, 6, 12, 42, 'Thu', 1, '127', 1, 0, '2026-02-18 20:29:43'),
(265, 6, 12, 42, 'Thu', 3, '127', 1, 0, '2026-02-18 20:29:50'),
(266, 6, 4, 84, 'Sun', 4, '129', 1, 0, '2026-02-20 14:25:09'),
(267, 6, 4, 84, 'Sun', 5, '129', 1, 0, '2026-02-20 14:25:16'),
(268, 6, 2, 92, 'Sun', 1, '129', 1, 0, '2026-02-20 14:27:19'),
(269, 6, 2, 92, 'Sun', 2, '129', 1, 0, '2026-02-20 14:27:27'),
(270, 6, 2, 51, 'Thu', 2, '127', 1, 0, '2026-02-20 21:56:23'),
(271, 6, 2, 51, 'Thu', 4, '127', 1, 0, '2026-02-20 21:57:05'),
(272, 22, 13, 83, 'Wed', 1, '129', 1, 0, '2026-03-01 20:19:43'),
(273, 22, 13, 83, 'Wed', 2, '129', 1, 0, '2026-03-01 20:19:52'),
(274, 22, 13, 83, 'Wed', 4, '129', 1, 0, '2026-03-01 20:20:02'),
(275, 22, 13, 83, 'Wed', 5, '129', 1, 0, '2026-03-01 20:20:11'),
(276, 22, 13, 83, 'Thu', 1, '129', 1, 0, '2026-03-01 20:20:18');

INSERT INTO `doctor_schedules` (`schedule_id`, `week_id`, `doctor_id`, `course_id`, `day_of_week`, `slot_number`, `room_code`, `counts_towards_hours`, `extra_minutes`, `created_at`) VALUES
(277, 22, 13, 83, 'Thu', 2, '129', 1, 0, '2026-03-01 20:20:26'),
(278, 22, 13, 83, 'Thu', 4, '129', 1, 0, '2026-03-01 20:20:31'),
(279, 22, 13, 83, 'Thu', 5, '129', 1, 0, '2026-03-01 20:20:41'),
(280, 22, 3, 52, 'Sun', 1, '127', 1, 0, '2026-03-01 20:21:35'),
(281, 22, 3, 52, 'Sun', 2, '127', 1, 0, '2026-03-01 20:21:43'),
(282, 22, 3, 52, 'Sun', 3, '127', 1, 0, '2026-03-01 20:21:53'),
(283, 22, 2, 51, 'Sun', 4, '127', 1, 0, '2026-03-01 20:22:32'),
(284, 22, 2, 51, 'Sun', 5, '127', 1, 0, '2026-03-01 20:22:40'),
(285, 22, 12, 42, 'Tue', 1, '127', 1, 0, '2026-03-01 20:23:09'),
(287, 22, 7, 34, 'Wed', 4, '127', 1, 0, '2026-03-01 20:23:36'),
(288, 22, 7, 34, 'Wed', 5, '127', 1, 0, '2026-03-01 20:23:43'),
(289, 22, 4, 38, 'Thu', 1, '127', 1, 0, '2026-03-01 20:24:14'),
(290, 22, 4, 38, 'Thu', 2, '127', 1, 0, '2026-03-01 20:24:21'),
(291, 22, 1, 45, 'Mon', 1, '127', 1, 0, '2026-03-01 20:25:06'),
(293, 22, 1, 47, 'Mon', 3, '127', 1, 0, '2026-03-01 20:25:39'),
(300, 22, 1, 47, 'Wed', 1, '127', 1, 0, '2026-03-01 20:28:59'),
(301, 22, 1, 47, 'Wed', 2, '127', 1, 0, '2026-03-01 20:29:06'),
(302, 22, 1, 47, 'Wed', 3, '127', 1, 0, '2026-03-01 20:29:12'),
(306, 22, 5, 36, 'Mon', 4, '127', 1, 0, '2026-03-01 20:31:17'),
(307, 22, 5, 54, 'Mon', 5, '127', 1, 0, '2026-03-01 20:31:27'),
(311, 22, 5, 36, 'Thu', 4, '127', 1, 0, '2026-03-01 20:38:59'),
(312, 22, 5, 54, 'Thu', 3, '127', 1, 0, '2026-03-01 21:01:13'),
(313, 22, 12, 42, 'Tue', 3, '127', 1, 0, '2026-03-01 22:33:29'),
(314, 22, 3, 52, 'Tue', 2, '127', 1, 0, '2026-03-01 22:33:48'),
(315, 22, 1, 47, 'Mon', 2, '127', 1, 0, '2026-03-02 09:46:14'),
(316, 23, 3, 52, 'Sun', 3, '127', 1, 0, '2026-03-07 14:23:50'),
(317, 23, 3, 52, 'Sun', 1, '127', 1, 0, '2026-03-07 14:24:00'),
(318, 23, 3, 52, 'Sun', 2, '127', 1, 0, '2026-03-07 14:24:09'),
(323, 23, 1, 42, 'Tue', 1, '127', 1, 0, '2026-03-07 14:34:09'),
(324, 23, 1, 42, 'Tue', 2, '127', 1, 0, '2026-03-07 14:34:18'),
(327, 23, 1, 47, 'Tue', 3, '127', 1, 0, '2026-03-07 14:39:10'),
(328, 23, 1, 46, 'Mon', 1, '127', 1, 0, '2026-03-07 14:39:40'),
(329, 23, 1, 46, 'Mon', 2, '127', 1, 0, '2026-03-07 14:39:48'),
(330, 23, 1, 46, 'Mon', 3, '127', 1, 0, '2026-03-07 14:39:55'),
(331, 23, 1, 47, 'Mon', 4, '127', 1, 0, '2026-03-07 14:40:04'),
(332, 23, 1, 47, 'Mon', 5, '127', 1, 0, '2026-03-07 14:40:12'),
(333, 23, 1, 47, 'Wed', 1, '127', 1, 0, '2026-03-07 14:46:07'),
(334, 23, 1, 47, 'Wed', 2, '127', 1, 0, '2026-03-07 14:46:17'),
(335, 23, 1, 46, 'Wed', 3, '127', 1, 0, '2026-03-07 14:46:31'),
(336, 23, 13, 83, 'Sun', 1, '129', 1, 0, '2026-03-07 14:59:34'),
(337, 23, 13, 83, 'Sun', 2, '129', 1, 0, '2026-03-07 14:59:41'),
(339, 23, 13, 85, 'Sun', 4, '129', 1, 0, '2026-03-07 15:10:14'),
(340, 23, 13, 85, 'Sun', 5, '129', 1, 0, '2026-03-07 15:10:19'),
(341, 23, 13, 85, 'Mon', 1, '129', 1, 0, '2026-03-07 15:10:26'),
(342, 23, 13, 85, 'Mon', 2, '129', 1, 0, '2026-03-07 15:10:32'),
(346, 23, 13, 85, 'Tue', 1, '129', 1, 0, '2026-03-07 15:10:56'),
(347, 23, 13, 85, 'Tue', 2, '129', 1, 0, '2026-03-07 15:11:01'),
(349, 23, 13, 85, 'Tue', 4, '129', 1, 0, '2026-03-07 20:36:04'),
(350, 23, 13, 85, 'Wed', 1, '129', 1, 0, '2026-03-07 20:36:29'),
(351, 23, 13, 85, 'Wed', 2, '129', 1, 0, '2026-03-07 20:36:34'),
(352, 23, 13, 85, 'Tue', 5, '129', 1, 0, '2026-03-07 20:36:50'),
(353, 23, 4, 84, 'Thu', 1, '129', 1, 0, '2026-03-07 21:36:02'),
(354, 23, 4, 84, 'Thu', 2, '129', 1, 0, '2026-03-07 21:36:09'),
(355, 23, 5, 36, 'Wed', 4, '127', 1, 0, '2026-03-10 10:33:42'),
(356, 23, 5, 54, 'Wed', 5, '127', 1, 0, '2026-03-10 10:33:54'),
(357, 23, 1, 47, 'Tue', 4, '127', 1, 0, '2026-03-10 10:34:10'),
(358, 23, 1, 47, 'Tue', 5, '127', 1, 0, '2026-03-10 10:34:20'),
(371, 24, 14, 48, 'Sun', 4, '133', 1, 0, '2026-03-12 16:01:42'),
(372, 24, 14, 48, 'Sun', 5, '133', 1, 0, '2026-03-12 16:01:50'),
(373, 24, 14, 48, 'Mon', 4, '133', 1, 0, '2026-03-12 16:03:33'),
(374, 24, 14, 48, 'Mon', 5, '133', 1, 0, '2026-03-12 16:03:39'),
(375, 24, 14, 48, 'Tue', 4, '133', 1, 0, '2026-03-12 16:03:47'),
(376, 24, 14, 48, 'Tue', 5, '133', 1, 0, '2026-03-12 16:03:54'),
(377, 24, 14, 48, 'Wed', 4, '133', 1, 0, '2026-03-12 16:04:03'),
(378, 24, 14, 48, 'Wed', 5, '133', 1, 0, '2026-03-12 16:04:09'),
(379, 24, 14, 48, 'Wed', 1, '133', 1, 0, '2026-03-12 16:04:41'),
(380, 24, 14, 48, 'Wed', 2, '133', 1, 0, '2026-03-12 16:04:52'),
(382, 24, 14, 88, 'Mon', 1, '133', 1, 0, '2026-03-12 16:06:35'),
(383, 24, 14, 88, 'Mon', 2, '133', 1, 0, '2026-03-12 16:06:45'),
(384, 24, 14, 88, 'Tue', 1, '133', 1, 0, '2026-03-12 16:06:51'),
(385, 24, 14, 88, 'Tue', 2, '133', 1, 0, '2026-03-12 16:07:01'),
(386, 24, 14, 88, 'Mon', 3, '133', 1, 0, '2026-03-12 16:32:11'),
(388, 24, 14, 88, 'Sun', 1, '129', 1, 0, '2026-03-13 19:37:57'),
(390, 24, 14, 48, 'Tue', 3, '133', 1, 0, '2026-03-13 19:44:59'),
(391, 24, 14, 48, 'Wed', 3, '133', 1, 0, '2026-03-13 19:48:24'),
(394, 24, 14, 88, 'Sun', 2, '129', 1, 0, '2026-03-13 19:49:05'),
(395, 24, 3, 52, 'Sun', 3, '127', 1, 0, '2026-03-13 19:52:55'),
(396, 24, 1, 42, 'Mon', 1, '127', 1, 0, '2026-03-13 19:56:23'),
(397, 24, 1, 42, 'Mon', 2, '127', 1, 0, '2026-03-13 19:56:30'),
(398, 24, 1, 42, 'Mon', 3, '127', 1, 0, '2026-03-13 19:56:35'),
(399, 24, 1, 46, 'Tue', 1, '127', 1, 0, '2026-03-13 19:56:53'),
(400, 24, 1, 46, 'Tue', 2, '127', 1, 0, '2026-03-13 19:56:59'),
(401, 24, 3, 52, 'Sun', 2, '127', 1, 0, '2026-03-14 21:45:27'),
(402, 25, 1, 46, 'Tue', 1, '127', 1, 0, '2026-03-23 19:12:05'),
(403, 25, 1, 46, 'Tue', 2, '127', 1, 0, '2026-03-23 19:12:48'),
(404, 25, 1, 56, 'Tue', 3, '127', 1, 0, '2026-03-23 19:14:05'),
(410, 25, 5, 54, 'Tue', 4, '127', 1, 0, '2026-03-23 19:17:31'),
(416, 26, 6, 40, 'Thu', 2, '127', 1, 0, '2026-03-28 20:28:55'),
(417, 26, 6, 55, 'Thu', 3, '127', 1, 0, '2026-03-28 20:29:02'),
(418, 26, 6, 55, 'Thu', 4, '127', 1, 0, '2026-03-28 20:29:09'),
(419, 26, 6, 55, 'Thu', 5, '127', 1, 0, '2026-03-28 20:29:15'),
(420, 26, 1, 46, 'Mon', 1, '127', 1, 0, '2026-03-28 20:29:41'),
(421, 26, 1, 46, 'Mon', 2, '127', 1, 0, '2026-03-28 20:29:55'),
(422, 26, 1, 56, 'Mon', 3, '127', 1, 0, '2026-03-28 20:30:14'),
(423, 26, 1, 56, 'Mon', 4, '127', 1, 0, '2026-03-28 20:30:21'),
(424, 26, 1, 56, 'Tue', 1, '127', 1, 0, '2026-03-28 20:32:22'),
(425, 26, 1, 56, 'Tue', 2, '127', 1, 0, '2026-03-28 20:32:29'),
(426, 26, 1, 46, 'Tue', 3, '127', 1, 0, '2026-03-28 20:32:37'),
(427, 26, 1, 56, 'Wed', 1, '127', 1, 0, '2026-03-28 20:32:46'),
(428, 26, 1, 56, 'Wed', 2, '127', 1, 0, '2026-03-28 20:32:54'),
(429, 26, 1, 46, 'Wed', 3, '127', 1, 0, '2026-03-28 20:33:00'),
(430, 26, 5, 54, 'Tue', 4, '127', 1, 0, '2026-03-28 20:33:25'),
(431, 26, 5, 36, 'Wed', 4, '127', 1, 0, '2026-03-28 20:33:36'),
(432, 26, 3, 55, 'Sun', 3, '127', 1, 0, '2026-03-28 20:34:07'),
(435, 26, 1, 56, 'Mon', 5, '127', 1, 0, '2026-03-28 20:36:50'),
(436, 26, 3, 55, 'Sun', 4, '127', 1, 0, '2026-03-28 20:53:18'),
(440, 27, 15, 43, 'Sun', 4, '127', 1, 0, '2026-03-31 10:31:57'),
(441, 27, 15, 43, 'Sun', 5, '127', 1, 0, '2026-03-31 10:32:03'),
(442, 27, 15, 43, 'Mon', 1, '127', 1, 0, '2026-03-31 10:32:12'),
(443, 27, 15, 43, 'Mon', 2, '127', 1, 0, '2026-03-31 10:32:30'),
(445, 27, 15, 43, 'Mon', 4, '127', 1, 0, '2026-03-31 10:32:44'),
(447, 27, 15, 43, 'Tue', 1, '127', 1, 0, '2026-03-31 10:32:57'),
(448, 27, 15, 43, 'Tue', 2, '127', 1, 0, '2026-03-31 10:33:06'),
(450, 27, 15, 43, 'Tue', 4, '127', 1, 0, '2026-03-31 10:33:17'),
(452, 27, 15, 43, 'Wed', 1, '127', 1, 0, '2026-03-31 11:07:51'),
(453, 27, 15, 43, 'Wed', 2, '127', 1, 0, '2026-03-31 11:07:58'),
(455, 27, 4, 55, 'Thu', 1, '127', 1, 0, '2026-04-01 11:49:46'),
(456, 27, 4, 55, 'Thu', 2, '127', 1, 0, '2026-04-01 11:50:02'),
(457, 27, 6, 55, 'Thu', 3, '127', 1, 0, '2026-04-01 11:50:55'),
(458, 27, 6, 55, 'Thu', 4, '127', 1, 0, '2026-04-01 11:51:02'),
(459, 27, 6, 55, 'Thu', 5, '127', 1, 0, '2026-04-01 11:51:08'),
(460, 27, 15, 43, 'Sun', 3, '127', 1, 0, '2026-04-02 11:35:17'),
(461, 27, 15, 43, 'Mon', 3, '127', 1, 0, '2026-04-02 11:35:40'),
(462, 27, 15, 43, 'Tue', 3, '127', 1, 0, '2026-04-02 11:35:57'),
(469, 27, 15, 43, 'Wed', 4, '127', 1, 0, '2026-04-03 20:29:04'),
(470, 27, 15, 43, 'Wed', 3, '127', 1, 0, '2026-04-03 20:48:51'),
(488, 30, 16, 37, 'Tue', 1, '127', 1, 0, '2026-04-10 09:43:44'),
(489, 30, 16, 37, 'Tue', 2, '127', 1, 0, '2026-04-10 09:43:51'),
(490, 30, 16, 39, 'Tue', 4, '127', 1, 0, '2026-04-10 09:43:57'),
(491, 30, 16, 39, 'Tue', 5, '127', 1, 0, '2026-04-10 09:44:02'),
(492, 30, 16, 37, 'Wed', 1, '127', 1, 0, '2026-04-10 09:44:21'),
(493, 30, 16, 37, 'Wed', 2, '127', 1, 0, '2026-04-10 09:44:33'),
(494, 30, 16, 39, 'Wed', 4, '127', 1, 0, '2026-04-10 09:44:38'),
(495, 30, 16, 39, 'Wed', 5, '127', 1, 0, '2026-04-10 09:44:43'),
(496, 30, 16, 37, 'Thu', 1, '127', 1, 0, '2026-04-10 09:44:52'),
(497, 30, 16, 37, 'Thu', 2, '127', 1, 0, '2026-04-10 09:44:58'),
(498, 30, 16, 39, 'Thu', 4, '127', 1, 0, '2026-04-10 09:45:04'),
(499, 30, 16, 39, 'Thu', 5, '127', 1, 0, '2026-04-10 09:45:16'),
(511, 31, 13, 37, 'Tue', 1, '127', 1, 0, '2026-04-16 13:27:08'),
(512, 31, 13, 37, 'Tue', 2, '127', 1, 0, '2026-04-16 13:27:16'),
(514, 31, 5, 36, 'Wed', 3, '127', 1, 0, '2026-04-16 13:31:53'),
(515, 31, 13, 37, 'Tue', 4, '127', 1, 0, '2026-04-16 13:32:10'),
(516, 31, 13, 37, 'Tue', 5, '127', 1, 0, '2026-04-16 13:32:17'),
(519, 31, 13, 39, 'Wed', 4, '127', 1, 0, '2026-04-16 13:32:48'),
(520, 31, 13, 39, 'Wed', 5, '127', 1, 0, '2026-04-16 13:32:52'),
(521, 31, 13, 39, 'Thu', 1, '127', 1, 0, '2026-04-16 13:33:09'),
(522, 31, 13, 39, 'Thu', 2, '127', 1, 0, '2026-04-16 13:33:19'),
(525, 31, 4, 55, 'Sun', 1, '127', 1, 0, '2026-04-16 13:35:34'),
(526, 31, 3, 55, 'Sun', 2, '127', 1, 0, '2026-04-16 13:35:57'),
(527, 31, 3, 55, 'Sun', 3, '127', 1, 0, '2026-04-16 13:36:01'),
(528, 31, 12, 55, 'Mon', 2, '127', 1, 0, '2026-04-16 13:37:38'),
(530, 31, 13, 37, 'Wed', 2, '127', 1, 0, '2026-04-17 16:40:46'),
(531, 31, 13, 37, 'Wed', 1, '127', 1, 0, '2026-04-17 16:40:57'),
(532, 31, 13, 39, 'Thu', 4, '127', 1, 0, '2026-04-17 16:41:38'),
(533, 31, 13, 39, 'Thu', 5, '127', 1, 0, '2026-04-17 16:41:58'),
(534, 31, 5, 55, 'Thu', 3, '127', 1, 0, '2026-04-20 10:53:38'),
(538, 32, 6, 55, 'Thu', 3, '127', 1, 0, '2026-04-25 12:10:46'),
(539, 32, 6, 55, 'Thu', 4, '127', 1, 0, '2026-04-25 12:11:25'),
(540, 32, 6, 55, 'Thu', 5, '127', 1, 0, '2026-04-25 12:11:42'),
(541, 32, 1, 46, 'Tue', 1, '127', 1, 0, '2026-04-25 12:18:04'),
(542, 32, 1, 46, 'Tue', 2, '127', 1, 0, '2026-04-25 12:18:15'),
(543, 32, 1, 56, 'Wed', 1, '127', 1, 0, '2026-04-25 12:18:36'),
(544, 32, 1, 56, 'Wed', 2, '127', 1, 0, '2026-04-25 12:18:52'),
(545, 32, 1, 56, 'Wed', 3, '127', 1, 0, '2026-04-25 12:19:01'),
(550, 32, 1, 56, 'Mon', 3, '127', 1, 0, '2026-04-25 12:25:23'),
(555, 32, 12, 55, 'Mon', 4, '127', 1, 0, '2026-04-25 12:52:17'),
(556, 32, 12, 55, 'Mon', 5, '127', 1, 0, '2026-04-25 12:57:15'),
(557, 32, 1, 56, 'Mon', 2, '127', 1, 0, '2026-04-25 12:57:40'),
(558, 32, 1, 56, 'Mon', 1, '127', 1, 0, '2026-04-25 12:57:49'),
(559, 32, 5, 36, 'Thu', 2, '127', 1, 0, '2026-04-25 12:58:33'),
(565, 32, 2, 92, 'Mon', 1, '129', 1, 0, '2026-04-25 13:17:43'),
(566, 32, 2, 92, 'Mon', 2, '129', 1, 0, '2026-04-25 13:17:53'),
(567, 32, 2, 92, 'Mon', 3, '129', 1, 0, '2026-04-25 13:17:58'),
(568, 32, 2, 92, 'Mon', 4, '129', 1, 0, '2026-04-25 13:18:13'),
(569, 32, 2, 92, 'Mon', 5, '129', 1, 0, '2026-04-25 13:18:52'),
(570, 32, 2, 92, 'Tue', 1, '129', 1, 0, '2026-04-25 13:19:05'),
(571, 32, 2, 92, 'Tue', 2, '129', 1, 0, '2026-04-25 13:19:13'),
(572, 32, 2, 92, 'Tue', 3, '129', 1, 0, '2026-04-25 13:19:23'),
(573, 32, 2, 92, 'Tue', 4, '129', 1, 0, '2026-04-25 13:19:29'),
(574, 32, 2, 92, 'Tue', 5, '129', 1, 0, '2026-04-25 13:19:34'),
(575, 32, 2, 92, 'Wed', 1, '129', 1, 0, '2026-04-25 13:19:47'),
(576, 32, 2, 92, 'Wed', 2, '129', 1, 0, '2026-04-25 13:19:54'),
(577, 32, 2, 92, 'Wed', 3, '129', 1, 0, '2026-04-25 13:19:58'),
(578, 32, 2, 92, 'Wed', 5, '129', 1, 0, '2026-04-25 13:20:10'),
(579, 32, 2, 92, 'Wed', 4, '129', 1, 0, '2026-04-25 13:20:15'),
(580, 32, 7, 34, 'Tue', 5, '127', 1, 0, '2026-04-25 13:36:14'),
(581, 32, 7, 34, 'Tue', 4, '127', 1, 0, '2026-04-25 13:36:19'),
(582, 32, 1, 55, 'Wed', 4, '127', 1, 0, '2026-04-25 13:39:17'),
(583, 32, 1, 55, 'Wed', 5, '127', 1, 0, '2026-04-25 13:39:25'),
(584, 32, 5, 36, 'Tue', 3, '127', 1, 0, '2026-04-25 13:40:04'),
(585, 32, 2, 92, 'Thu', 1, '129', 1, 0, '2026-04-25 14:09:11'),
(586, 32, 2, 92, 'Thu', 2, '129', 1, 0, '2026-04-25 14:09:24'),
(587, 32, 2, 92, 'Sun', 1, '129', 1, 0, '2026-04-25 14:10:01'),
(588, 32, 2, 92, 'Sun', 4, '129', 1, 0, '2026-04-25 14:10:01'),
(589, 32, 2, 92, 'Sun', 5, '129', 1, 0, '2026-04-25 14:10:01'),
(590, 32, 2, 58, 'Sun', 2, '127', 1, 0, '2026-04-25 14:10:46'),
(591, 32, 2, 58, 'Sun', 3, '127', 1, 0, '2026-04-25 14:10:59');

-- ----------------------------------------
-- Table structure for `doctor_slot_cancellations`
-- ----------------------------------------

DROP TABLE IF EXISTS `doctor_slot_cancellations`;
CREATE TABLE `doctor_slot_cancellations` (
  `slot_cancellation_id` bigint(20) unsigned NOT NULL AUTO_INCREMENT,
  `week_id` bigint(20) unsigned NOT NULL,
  `doctor_id` bigint(20) unsigned NOT NULL,
  `day_of_week` enum('Sun','Mon','Tue','Wed','Thu') NOT NULL,
  `slot_number` tinyint(3) unsigned NOT NULL COMMENT '1-5',
  `reason` varchar(255) DEFAULT NULL,
  `created_at` timestamp NOT NULL DEFAULT current_timestamp(),
  PRIMARY KEY (`slot_cancellation_id`),
  UNIQUE KEY `uq_week_doctor_day_slot` (`week_id`,`doctor_id`,`day_of_week`,`slot_number`),
  KEY `idx_slot_cancel_week` (`week_id`),
  KEY `fk_slot_cancel_doctor` (`doctor_id`),
  CONSTRAINT `fk_slot_cancel_doctor` FOREIGN KEY (`doctor_id`) REFERENCES `doctors` (`doctor_id`) ON UPDATE CASCADE,
  CONSTRAINT `fk_slot_cancel_week` FOREIGN KEY (`week_id`) REFERENCES `weeks` (`week_id`) ON UPDATE CASCADE
) ENGINE=InnoDB AUTO_INCREMENT=11 DEFAULT CHARSET=utf8mb4 COLLATE=utf8mb4_unicode_ci;


-- ----------------------------------------
-- Table structure for `doctor_unavailability`
-- ----------------------------------------

DROP TABLE IF EXISTS `doctor_unavailability`;
CREATE TABLE `doctor_unavailability` (
  `unavailability_id` bigint(20) unsigned NOT NULL AUTO_INCREMENT,
  `doctor_id` bigint(20) unsigned NOT NULL,
  `start_datetime` datetime NOT NULL,
  `end_datetime` datetime NOT NULL,
  `reason` varchar(255) DEFAULT NULL COMMENT 'e.g., Sick Leave, Conference, Personal',
  `created_at` timestamp NOT NULL DEFAULT current_timestamp(),
  PRIMARY KEY (`unavailability_id`),
  KEY `idx_unavailability_range` (`doctor_id`,`start_datetime`,`end_datetime`),
  CONSTRAINT `fk_unavailability_doctor` FOREIGN KEY (`doctor_id`) REFERENCES `doctors` (`doctor_id`) ON DELETE CASCADE ON UPDATE CASCADE
) ENGINE=InnoDB AUTO_INCREMENT=4 DEFAULT CHARSET=utf8mb4 COLLATE=utf8mb4_unicode_ci;

-- Dumping data for `doctor_unavailability`
INSERT INTO `doctor_unavailability` (`unavailability_id`, `doctor_id`, `start_datetime`, `end_datetime`, `reason`, `created_at`) VALUES
(1, 1, '2026-01-29 16:52:00', '2026-01-29 16:53:00', NULL, '2026-02-04 16:53:12'),
(3, 1, '2026-01-22 04:52:00', '2026-01-22 16:53:00', NULL, '2026-02-04 16:55:07');

-- ----------------------------------------
-- Table structure for `doctor_week_cancellations`
-- ----------------------------------------

DROP TABLE IF EXISTS `doctor_week_cancellations`;
CREATE TABLE `doctor_week_cancellations` (
  `cancellation_id` bigint(20) unsigned NOT NULL AUTO_INCREMENT,
  `week_id` bigint(20) unsigned NOT NULL,
  `doctor_id` bigint(20) unsigned NOT NULL,
  `day_of_week` enum('Sun','Mon','Tue','Wed','Thu') NOT NULL,
  `reason` varchar(255) DEFAULT NULL,
  `created_at` timestamp NOT NULL DEFAULT current_timestamp(),
  PRIMARY KEY (`cancellation_id`),
  UNIQUE KEY `uq_week_doctor_day` (`week_id`,`doctor_id`,`day_of_week`),
  KEY `fk_cancel_doctor` (`doctor_id`),
  CONSTRAINT `fk_cancel_doctor` FOREIGN KEY (`doctor_id`) REFERENCES `doctors` (`doctor_id`) ON UPDATE CASCADE,
  CONSTRAINT `fk_cancel_week` FOREIGN KEY (`week_id`) REFERENCES `weeks` (`week_id`) ON UPDATE CASCADE
) ENGINE=InnoDB AUTO_INCREMENT=11 DEFAULT CHARSET=utf8mb4 COLLATE=utf8mb4_unicode_ci;


-- ----------------------------------------
-- Table structure for `doctor_year_colors`
-- ----------------------------------------

DROP TABLE IF EXISTS `doctor_year_colors`;
CREATE TABLE `doctor_year_colors` (
  `doctor_id` bigint(20) unsigned NOT NULL,
  `year_level` tinyint(3) unsigned NOT NULL COMMENT '1-3',
  `color_code` char(7) NOT NULL DEFAULT '#0055A4',
  `updated_at` timestamp NOT NULL DEFAULT current_timestamp() ON UPDATE current_timestamp(),
  PRIMARY KEY (`doctor_id`,`year_level`)
) ENGINE=InnoDB DEFAULT CHARSET=utf8mb4 COLLATE=utf8mb4_unicode_ci;

-- Dumping data for `doctor_year_colors`
INSERT INTO `doctor_year_colors` (`doctor_id`, `year_level`, `color_code`, `updated_at`) VALUES
(1, 1, '#21A706', '2026-01-19 09:28:24'),
(1, 2, '#A76406', '2026-01-19 09:29:01'),
(1, 3, '#7C7BCC', '2026-01-19 09:29:01'),
(2, 1, '#F32537', '2026-01-15 14:17:49'),
(2, 2, '#25F4F0', '2026-01-15 14:17:49'),
(2, 3, '#6D25F4', '2026-01-15 14:17:49'),
(3, 1, '#79C1D2', '2026-01-15 13:09:04'),
(3, 2, '#BF79D2', '2026-01-15 13:09:04'),
(3, 3, '#D2CF79', '2026-01-15 13:09:04'),
(4, 1, '#D772E4', '2026-01-15 13:06:45'),
(4, 2, '#72CDE4', '2026-01-15 13:06:45'),
(4, 3, '#E4BA72', '2026-01-15 13:06:45'),
(5, 1, '#E2C765', '2026-01-15 13:05:07'),
(5, 2, '#F56505', '2026-01-15 14:15:32'),
(5, 3, '#E9A9EA', '2026-01-15 14:15:58'),
(6, 1, '#7365E2', '2026-02-05 15:38:13'),
(6, 2, '#65E2CD', '2026-02-05 15:38:13'),
(6, 3, '#B6E265', '2026-02-05 15:38:13'),
(7, 1, '#58748D', '2026-01-15 13:08:00'),
(7, 2, '#8D588B', '2026-01-15 13:08:00'),
(7, 3, '#8C8D58', '2026-01-15 13:08:00'),
(8, 1, '#A3009E', '2026-02-05 15:39:56'),
(8, 2, '#0031A3', '2026-02-05 15:39:56'),
(8, 3, '#E3EE91', '2026-02-05 15:40:08'),
(9, 1, '#A31000', '2026-02-11 19:34:12'),
(9, 2, '#A31000', '2026-02-11 19:34:12'),
(9, 3, '#A31000', '2026-02-11 19:34:12'),
(11, 1, '#A34F00', '2026-02-05 15:39:29'),
(11, 2, '#A34F00', '2026-02-05 15:39:29'),
(11, 3, '#A34F00', '2026-02-05 15:39:29'),
(12, 1, '#4900A3', '2026-02-06 09:55:30'),
(12, 2, '#B0D747', '2026-02-06 09:55:30'),
(12, 3, '#A34100', '2026-02-06 09:55:30'),
(13, 1, '#0055A4', '2026-03-01 20:14:36'),
(13, 2, '#0055A4', '2026-03-01 20:14:36'),
(13, 3, '#0055A4', '2026-03-01 20:14:36'),
(14, 1, '#53BBD5', '2026-03-12 16:15:29'),
(14, 2, '#9887C0', '2026-03-12 16:15:29'),
(14, 3, '#A39600', '2026-03-12 16:15:29'),
(15, 1, '#A0A300', '2026-03-31 10:08:31'),
(15, 2, '#0055A4', '2026-03-31 10:08:30'),
(15, 3, '#0055A4', '2026-03-31 10:08:31'),
(16, 1, '#0055A4', '2026-04-10 09:12:02'),
(16, 2, '#0055A4', '2026-04-10 09:12:02'),
(16, 3, '#0055A4', '2026-04-10 09:12:02');

-- ----------------------------------------
-- Table structure for `doctors`
-- ----------------------------------------

DROP TABLE IF EXISTS `doctors`;
CREATE TABLE `doctors` (
  `doctor_id` bigint(20) unsigned NOT NULL AUTO_INCREMENT,
  `full_name` varchar(200) NOT NULL,
  `email` varchar(254) NOT NULL,
  `phone_number` varchar(32) DEFAULT NULL,
  `color_code` char(7) NOT NULL DEFAULT '#0055A4' COMMENT 'Hex color like #RRGGBB',
  `doctor_type` varchar(16) NOT NULL DEFAULT 'Egyptian',
  `created_at` timestamp NOT NULL DEFAULT current_timestamp(),
  PRIMARY KEY (`doctor_id`),
  UNIQUE KEY `uq_doctors_email` (`email`),
  UNIQUE KEY `uq_doctors_color_code` (`color_code`)
) ENGINE=InnoDB AUTO_INCREMENT=17 DEFAULT CHARSET=utf8mb4 COLLATE=utf8mb4_unicode_ci;

-- Dumping data for `doctors`
INSERT INTO `doctors` (`doctor_id`, `full_name`, `email`, `phone_number`, `color_code`, `doctor_type`, `created_at`) VALUES
(1, 'Sherif Rostom', 'sherrost@yahoo.com', '+201017776756', '#21A706', 'Egyptian', '2025-12-29 20:03:37'),
(2, 'Prof. Asmaa El Sherif', 'asmaa_alsharif@yahoo.com', '+201221056368', '#F32537', 'Egyptian', '2025-12-29 20:05:59'),
(3, 'Dr. Farid', 'haddadism@hotmail.com', '+201022593899', '#79C1D2', 'Egyptian', '2025-12-29 20:07:03'),
(4, 'Dr. Hanan', 'hananghaly@gmail.com', '+201277116614', '#D772E4', 'Egyptian', '2025-12-29 20:07:38'),
(5, 'Dr. Norhan El Gebaly', 'nmelgebaly@gmail.com', '+201001160631', '#E2C765', 'Egyptian', '2025-12-29 20:08:44'),
(6, 'Dr. Asmaa Abd El Magid', 'asmaamagiud@gmail.com', NULL, '#7365E2', 'Egyptian', '2025-12-29 20:09:44'),
(7, 'Dr.Manal El Shafii', 'mchafei.manalchafei@gmail.com', '+201114666522', '#58748D', 'Egyptian', '2025-12-30 23:29:14'),
(8, 'Dr.Reem', 'ream@gmail.com', '+201033515666', '#A3009E', 'Egyptian', '2025-12-31 14:35:28'),
(9, 'Dr. chrsitophe lohou', 'Missionnaire@gmail.com', NULL, '#A31000', 'French', '2026-01-01 16:56:51'),
(11, 'Dr. Khaled', 'Khaled@gmail.com', NULL, '#A34F00', 'Egyptian', '2026-01-01 17:44:35'),
(12, 'Mutasim', 'Mutasimufe@gmail.com', '+201023319036', '#D742BB', 'Egyptian', '2026-02-04 17:38:54'),
(13, 'Dr. Franck', 'franck@p-ing.net', NULL, '#0055A4', 'French', '2026-03-01 20:14:36'),
(14, 'Julien', 'julien.lasserre.41@gmail.com', NULL, '#5DE579', 'French', '2026-03-12 15:54:44'),
(15, 'Isabelle Portail', 'isabelle@gmail.com', NULL, '#0E5651', 'French', '2026-03-31 10:08:30'),
(16, 'Emanuelle', 'ema@gmail.com', NULL, '#92E835', 'French', '2026-04-10 09:12:02');

-- ----------------------------------------
-- Table structure for `evaluation_categories`
-- ----------------------------------------

DROP TABLE IF EXISTS `evaluation_categories`;
CREATE TABLE `evaluation_categories` (
  `category_key` varchar(40) NOT NULL,
  `label` varchar(120) NOT NULL,
  `sort_order` int(11) NOT NULL DEFAULT 0,
  PRIMARY KEY (`category_key`)
) ENGINE=InnoDB DEFAULT CHARSET=utf8mb4 COLLATE=utf8mb4_unicode_ci;

-- Dumping data for `evaluation_categories`
INSERT INTO `evaluation_categories` (`category_key`, `label`, `sort_order`) VALUES
('assignments', 'Assignments', 6),
('attendance', 'Attendance', 0),
('exams', 'Exams', 4),
('final_discussion', 'final discussion', 0),
('participation', 'Participation', 1),
('poster_dsign', 'Poster Dsign', 0),
('presentations', 'Presentations', 5),
('projects', 'Projects', 2),
('quizzes', 'Quizzes', 3),
('web_page_container', 'WEB Page Container', 0);

-- ----------------------------------------
-- Table structure for `evaluation_config_items`
-- ----------------------------------------

DROP TABLE IF EXISTS `evaluation_config_items`;
CREATE TABLE `evaluation_config_items` (
  `item_id` bigint(20) unsigned NOT NULL AUTO_INCREMENT,
  `config_id` bigint(20) unsigned NOT NULL,
  `category_key` varchar(40) NOT NULL,
  `item_label` varchar(120) NOT NULL,
  `weight` decimal(6,2) NOT NULL DEFAULT 0.00,
  `sort_order` int(11) NOT NULL DEFAULT 0,
  PRIMARY KEY (`item_id`),
  KEY `idx_eval_item_config` (`config_id`),
  KEY `idx_eval_item_category` (`category_key`)
) ENGINE=InnoDB AUTO_INCREMENT=112 DEFAULT CHARSET=utf8mb4 COLLATE=utf8mb4_unicode_ci;

-- Dumping data for `evaluation_config_items`
INSERT INTO `evaluation_config_items` (`item_id`, `config_id`, `category_key`, `item_label`, `weight`, `sort_order`) VALUES
(86, 18, 'attendance', 'Attendance', '10.00', 0),
(87, 18, 'participation', 'participate', '20.00', 1),
(88, 18, 'web_page_container', 'full web demo', '40.00', 2),
(89, 18, 'presentations', 'personal presentation', '10.00', 3),
(90, 18, 'final_discussion', 'final discussion', '20.00', 4),
(91, 19, 'attendance', 'Attendance', '10.00', 0),
(92, 19, 'participation', 'Participation', '50.00', 1),
(93, 19, 'final_discussion', 'final discussion', '20.00', 2),
(94, 19, 'presentations', 'Presentations', '20.00', 3),
(95, 20, 'attendance', 'Attendance', '10.00', 0),
(96, 20, 'presentations', 'Presentation', '20.00', 1),
(97, 20, 'participation', 'participation', '20.00', 2),
(98, 20, 'assignments', 'SQL Assignment', '30.00', 3),
(99, 20, 'final_discussion', 'final discussion', '20.00', 4),
(108, 21, 'attendance', 'Attendance', '10.00', 0),
(109, 21, 'poster_dsign', 'PhotoShop', '30.00', 1),
(110, 21, 'poster_dsign', 'illustrator', '30.00', 2),
(111, 21, 'final_discussion', 'Final Discussion', '30.00', 3);

-- ----------------------------------------
-- Table structure for `evaluation_configs`
-- ----------------------------------------

DROP TABLE IF EXISTS `evaluation_configs`;
CREATE TABLE `evaluation_configs` (
  `config_id` bigint(20) unsigned NOT NULL AUTO_INCREMENT,
  `term_id` bigint(20) unsigned NOT NULL DEFAULT 1,
  `course_id` bigint(20) unsigned NOT NULL,
  `doctor_id` bigint(20) unsigned NOT NULL,
  `created_at` timestamp NOT NULL DEFAULT current_timestamp(),
  `updated_at` timestamp NOT NULL DEFAULT current_timestamp() ON UPDATE current_timestamp(),
  PRIMARY KEY (`config_id`),
  UNIQUE KEY `uq_eval_config` (`term_id`,`course_id`,`doctor_id`),
  KEY `idx_eval_config_term` (`term_id`),
  KEY `idx_eval_config_course` (`course_id`),
  KEY `idx_eval_config_doctor` (`doctor_id`)
) ENGINE=InnoDB AUTO_INCREMENT=24 DEFAULT CHARSET=utf8mb4 COLLATE=utf8mb4_unicode_ci;

-- Dumping data for `evaluation_configs`
INSERT INTO `evaluation_configs` (`config_id`, `term_id`, `course_id`, `doctor_id`, `created_at`, `updated_at`) VALUES
(18, 2, 45, 0, '2026-03-04 10:12:31', '2026-03-04 10:12:31'),
(19, 2, 49, 0, '2026-03-04 10:40:23', '2026-03-04 10:40:23'),
(20, 2, 47, 0, '2026-03-09 10:40:47', '2026-03-09 10:40:47'),
(21, 2, 42, 0, '2026-03-16 09:51:30', '2026-03-16 09:51:33');

-- ----------------------------------------
-- Table structure for `evaluation_grade_items`
-- ----------------------------------------

DROP TABLE IF EXISTS `evaluation_grade_items`;
CREATE TABLE `evaluation_grade_items` (
  `grade_item_id` bigint(20) unsigned NOT NULL AUTO_INCREMENT,
  `grade_id` bigint(20) unsigned NOT NULL,
  `item_id` bigint(20) unsigned NOT NULL,
  `score` decimal(5,2) NOT NULL DEFAULT 0.00,
  PRIMARY KEY (`grade_item_id`),
  UNIQUE KEY `uq_eval_grade_item` (`grade_id`,`item_id`),
  KEY `idx_eval_grade_item_grade` (`grade_id`),
  KEY `idx_eval_grade_item_item` (`item_id`)
) ENGINE=InnoDB AUTO_INCREMENT=5984 DEFAULT CHARSET=utf8mb4 COLLATE=utf8mb4_unicode_ci;

-- Dumping data for `evaluation_grade_items`
INSERT INTO `evaluation_grade_items` (`grade_item_id`, `grade_id`, `item_id`, `score`) VALUES
(2704, 2535, 92, '30.00'),
(2705, 2535, 93, '14.00'),
(2706, 2535, 94, '15.00'),
(2707, 2536, 92, '0.00'),
(2708, 2536, 93, '0.00'),
(2709, 2536, 94, '0.00'),
(2710, 2537, 92, '40.00'),
(2711, 2537, 93, '12.00'),
(2712, 2537, 94, '15.00'),
(2713, 2538, 92, '10.00'),
(2714, 2538, 93, '14.00'),
(2715, 2538, 94, '15.00'),
(2716, 2539, 92, '30.00'),
(2717, 2539, 93, '3.00'),
(2718, 2539, 94, '0.00'),
(2719, 2540, 92, '10.00'),
(2720, 2540, 93, '0.00'),
(2721, 2540, 94, '10.00'),
(2722, 2541, 92, '40.00'),
(2723, 2541, 93, '0.00'),
(2724, 2541, 94, '17.00'),
(2725, 2542, 92, '10.00'),
(2726, 2542, 93, '2.00'),
(2727, 2542, 94, '10.00'),
(2728, 2543, 92, '40.00'),
(2729, 2543, 93, '17.00'),
(2730, 2543, 94, '17.00'),
(2731, 2544, 92, '50.00'),
(2732, 2544, 93, '7.00'),
(2733, 2544, 94, '20.00'),
(2734, 2545, 92, '10.00'),
(2735, 2545, 93, '0.00'),
(2736, 2545, 94, '0.00'),
(2737, 2546, 92, '20.00'),
(2738, 2546, 93, '0.00'),
(2739, 2546, 94, '0.00'),
(2740, 2547, 92, '50.00'),
(2741, 2547, 93, '15.00'),
(2742, 2547, 94, '20.00'),
(2743, 2548, 92, '40.00'),
(2744, 2548, 93, '18.00'),
(2745, 2548, 94, '18.00'),
(2746, 2549, 92, '10.00'),
(2747, 2549, 93, '2.00'),
(2748, 2549, 94, '0.00'),
(2749, 2550, 92, '5.00'),
(2750, 2550, 93, '0.00'),
(2751, 2550, 94, '10.00'),
(2752, 2551, 92, '40.00'),
(2753, 2551, 93, '8.00'),
(2754, 2551, 94, '0.00'),
(2755, 2552, 92, '0.00'),
(2756, 2552, 93, '0.00'),
(2757, 2552, 94, '0.00'),
(2758, 2553, 92, '50.00'),
(2759, 2553, 93, '9.00'),
(2760, 2553, 94, '18.00'),
(2761, 2554, 92, '45.00'),
(2762, 2554, 93, '14.00'),
(2763, 2554, 94, '0.00'),
(2764, 2555, 92, '10.00'),
(2765, 2555, 93, '8.00'),
(2766, 2555, 94, '10.00'),
(2767, 2556, 92, '0.00'),
(2768, 2556, 93, '0.00'),
(2769, 2556, 94, '0.00'),
(2770, 2557, 92, '0.00'),
(2771, 2557, 93, '0.00'),
(2772, 2557, 94, '0.00'),
(2773, 2558, 92, '40.00'),
(2774, 2558, 93, '0.00'),
(2775, 2558, 94, '15.00'),
(2776, 2559, 92, '40.00'),
(2777, 2559, 93, '0.00'),
(2778, 2559, 94, '15.00'),
(2779, 2560, 92, '45.00'),
(2780, 2560, 93, '16.00'),
(2781, 2560, 94, '17.00'),
(2782, 2561, 92, '40.00'),
(2783, 2561, 93, '0.00'),
(2784, 2561, 94, '0.00'),
(2785, 2562, 92, '30.00'),
(2786, 2562, 93, '12.00'),
(2787, 2562, 94, '0.00'),
(2788, 2563, 92, '0.00'),
(2789, 2563, 93, '0.00'),
(2790, 2563, 94, '0.00'),
(4600, 2506, 87, '15.00'),
(4601, 2506, 88, '40.00'),
(4602, 2506, 89, '10.00'),
(4603, 2506, 90, '0.00'),
(4604, 2507, 87, '0.00'),
(4605, 2507, 88, '0.00'),
(4606, 2507, 89, '0.00'),
(4607, 2507, 90, '0.00'),
(4608, 2508, 87, '17.00'),
(4609, 2508, 88, '40.00'),
(4610, 2508, 89, '10.00'),
(4611, 2508, 90, '15.00'),
(4612, 2509, 87, '2.00'),
(4613, 2509, 88, '0.00'),
(4614, 2509, 89, '0.00'),
(4615, 2509, 90, '0.00'),
(4616, 2510, 87, '12.00'),
(4617, 2510, 88, '0.00'),
(4618, 2510, 89, '0.00'),
(4619, 2510, 90, '0.00'),
(4620, 2511, 87, '8.00'),
(4621, 2511, 88, '0.00'),
(4622, 2511, 89, '10.00'),
(4623, 2511, 90, '8.00'),
(4624, 2512, 87, '17.00'),
(4625, 2512, 88, '22.00'),
(4626, 2512, 89, '0.00'),
(4627, 2512, 90, '12.00'),
(4628, 2513, 87, '15.00'),
(4629, 2513, 88, '10.00'),
(4630, 2513, 89, '10.00'),
(4631, 2513, 90, '0.00'),
(4632, 2514, 87, '17.00'),
(4633, 2514, 88, '35.00'),
(4634, 2514, 89, '10.00'),
(4635, 2514, 90, '18.00'),
(4636, 2515, 87, '20.00'),
(4637, 2515, 88, '40.00'),
(4638, 2515, 89, '10.00'),
(4639, 2515, 90, '18.00'),
(4640, 2516, 87, '2.00'),
(4641, 2516, 88, '17.00'),
(4642, 2516, 89, '0.00'),
(4643, 2516, 90, '8.00'),
(4644, 2517, 87, '7.00'),
(4645, 2517, 88, '15.00'),
(4646, 2517, 89, '10.00'),
(4647, 2517, 90, '18.00'),
(4648, 2518, 87, '18.00'),
(4649, 2518, 88, '40.00'),
(4650, 2518, 89, '10.00'),
(4651, 2518, 90, '0.00'),
(4652, 2519, 87, '18.00'),
(4653, 2519, 88, '22.00'),
(4654, 2519, 89, '10.00'),
(4655, 2519, 90, '0.00'),
(4656, 2520, 87, '4.00'),
(4657, 2520, 88, '10.00'),
(4658, 2520, 89, '5.00'),
(4659, 2520, 90, '2.00'),
(4660, 2521, 87, '8.00'),
(4661, 2521, 88, '0.00'),
(4662, 2521, 89, '0.00'),
(4663, 2521, 90, '0.00'),
(4664, 2522, 87, '15.00'),
(4665, 2522, 88, '40.00'),
(4666, 2522, 89, '8.00'),
(4667, 2522, 90, '16.00'),
(4668, 2523, 87, '2.00'),
(4669, 2523, 88, '0.00'),
(4670, 2523, 89, '0.00'),
(4671, 2523, 90, '0.00'),
(4672, 2524, 87, '17.00'),
(4673, 2524, 88, '40.00'),
(4674, 2524, 89, '10.00'),
(4675, 2524, 90, '18.00'),
(4676, 2525, 87, '10.00'),
(4677, 2525, 88, '40.00'),
(4678, 2525, 89, '10.00'),
(4679, 2525, 90, '15.00'),
(4680, 2526, 87, '12.00'),
(4681, 2526, 88, '18.00'),
(4682, 2526, 89, '4.00'),
(4683, 2526, 90, '16.00'),
(4684, 2527, 87, '7.00'),
(4685, 2527, 88, '0.00'),
(4686, 2527, 89, '0.00'),
(4687, 2527, 90, '0.00'),
(4688, 2528, 87, '0.00'),
(4689, 2528, 88, '0.00'),
(4690, 2528, 89, '0.00'),
(4691, 2528, 90, '0.00'),
(4692, 2529, 87, '12.00'),
(4693, 2529, 88, '35.00'),
(4694, 2529, 89, '8.00'),
(4695, 2529, 90, '17.00'),
(4696, 2530, 87, '14.00'),
(4697, 2530, 88, '32.00'),
(4698, 2530, 89, '7.00'),
(4699, 2530, 90, '12.00'),
(4700, 2531, 87, '20.00'),
(4701, 2531, 88, '32.00'),
(4702, 2531, 89, '10.00'),
(4703, 2531, 90, '14.00'),
(4704, 2532, 87, '16.00'),
(4705, 2532, 88, '0.00'),
(4706, 2532, 89, '0.00'),
(4707, 2532, 90, '0.00'),
(4708, 2533, 87, '4.00'),
(4709, 2533, 88, '30.00'),
(4710, 2533, 89, '0.00'),
(4711, 2533, 90, '0.00'),
(4712, 2534, 87, '0.00');

INSERT INTO `evaluation_grade_items` (`grade_item_id`, `grade_id`, `item_id`, `score`) VALUES
(4713, 2534, 88, '0.00'),
(4714, 2534, 89, '0.00'),
(4715, 2534, 90, '0.00'),
(4716, 2564, 96, '0.00'),
(4717, 2564, 97, '0.00'),
(4718, 2564, 98, '0.00'),
(4719, 2564, 99, '0.00'),
(4720, 2565, 96, '0.00'),
(4721, 2565, 97, '0.00'),
(4722, 2565, 98, '0.00'),
(4723, 2565, 99, '0.00'),
(4724, 2566, 96, '20.00'),
(4725, 2566, 97, '18.00'),
(4726, 2566, 98, '30.00'),
(4727, 2566, 99, '17.00'),
(4728, 2567, 96, '0.00'),
(4729, 2567, 97, '0.00'),
(4730, 2567, 98, '0.00'),
(4731, 2567, 99, '0.00'),
(4732, 2568, 96, '0.00'),
(4733, 2568, 97, '0.00'),
(4734, 2568, 98, '0.00'),
(4735, 2568, 99, '0.00'),
(4736, 2569, 96, '20.00'),
(4737, 2569, 97, '10.00'),
(4738, 2569, 98, '15.00'),
(4739, 2569, 99, '8.00'),
(4740, 2570, 96, '20.00'),
(4741, 2570, 97, '15.00'),
(4742, 2570, 98, '30.00'),
(4743, 2570, 99, '8.00'),
(4744, 2571, 96, '20.00'),
(4745, 2571, 97, '0.00'),
(4746, 2571, 98, '0.00'),
(4747, 2571, 99, '0.00'),
(4748, 2572, 96, '20.00'),
(4749, 2572, 97, '15.00'),
(4750, 2572, 98, '30.00'),
(4751, 2572, 99, '20.00'),
(4752, 2573, 96, '20.00'),
(4753, 2573, 97, '20.00'),
(4754, 2573, 98, '12.00'),
(4755, 2573, 99, '16.00'),
(4756, 2574, 96, '12.00'),
(4757, 2574, 97, '12.00'),
(4758, 2574, 98, '30.00'),
(4759, 2574, 99, '12.00'),
(4760, 2575, 96, '20.00'),
(4761, 2575, 97, '15.00'),
(4762, 2575, 98, '20.00'),
(4763, 2575, 99, '10.00'),
(4764, 2576, 96, '20.00'),
(4765, 2576, 97, '15.00'),
(4766, 2576, 98, '30.00'),
(4767, 2576, 99, '18.00'),
(4768, 2577, 96, '0.00'),
(4769, 2577, 97, '0.00'),
(4770, 2577, 98, '0.00'),
(4771, 2577, 99, '0.00'),
(4772, 2578, 96, '14.00'),
(4773, 2578, 97, '8.00'),
(4774, 2578, 98, '15.00'),
(4775, 2578, 99, '8.00'),
(4776, 2579, 96, '8.00'),
(4777, 2579, 97, '8.00'),
(4778, 2579, 98, '12.00'),
(4779, 2579, 99, '8.00'),
(4780, 2580, 96, '14.00'),
(4781, 2580, 97, '12.00'),
(4782, 2580, 98, '20.00'),
(4783, 2580, 99, '12.00'),
(4784, 2581, 96, '2.00'),
(4785, 2581, 97, '5.00'),
(4786, 2581, 98, '10.00'),
(4787, 2581, 99, '4.00'),
(4788, 2582, 96, '20.00'),
(4789, 2582, 97, '20.00'),
(4790, 2582, 98, '30.00'),
(4791, 2582, 99, '15.00'),
(4792, 2583, 96, '20.00'),
(4793, 2583, 97, '10.00'),
(4794, 2583, 98, '10.00'),
(4795, 2583, 99, '10.00'),
(4796, 2584, 96, '8.00'),
(4797, 2584, 97, '15.00'),
(4798, 2584, 98, '20.00'),
(4799, 2584, 99, '12.00'),
(4800, 2585, 96, '0.00'),
(4801, 2585, 97, '0.00'),
(4802, 2585, 98, '0.00'),
(4803, 2585, 99, '0.00'),
(4804, 2586, 96, '0.00'),
(4805, 2586, 97, '0.00'),
(4806, 2586, 98, '0.00'),
(4807, 2586, 99, '0.00'),
(4808, 2587, 96, '20.00'),
(4809, 2587, 97, '15.00'),
(4810, 2587, 98, '20.00'),
(4811, 2587, 99, '16.00'),
(4812, 2588, 96, '20.00'),
(4813, 2588, 97, '12.00'),
(4814, 2588, 98, '12.00'),
(4815, 2588, 99, '8.00'),
(4816, 2589, 96, '16.00'),
(4817, 2589, 97, '16.00'),
(4818, 2589, 98, '30.00'),
(4819, 2589, 99, '15.00'),
(4820, 2590, 96, '0.00'),
(4821, 2590, 97, '0.00'),
(4822, 2590, 98, '0.00'),
(4823, 2590, 99, '0.00'),
(4824, 2591, 96, '0.00'),
(4825, 2591, 97, '0.00'),
(4826, 2591, 98, '0.00'),
(4827, 2591, 99, '0.00'),
(4828, 2592, 96, '0.00'),
(4829, 2592, 97, '0.00'),
(4830, 2592, 98, '0.00'),
(4831, 2592, 99, '0.00'),
(5899, 4176, 109, '0.00'),
(5900, 4176, 110, '0.00'),
(5901, 4176, 111, '0.00'),
(5902, 4177, 109, '0.00'),
(5903, 4177, 110, '0.00'),
(5904, 4177, 111, '0.00'),
(5905, 4178, 109, '0.00'),
(5906, 4178, 110, '0.00'),
(5907, 4178, 111, '0.00'),
(5908, 4179, 109, '30.00'),
(5909, 4179, 110, '25.00'),
(5910, 4179, 111, '20.00'),
(5911, 4180, 109, '0.00'),
(5912, 4180, 110, '0.00'),
(5913, 4180, 111, '0.00'),
(5914, 4181, 109, '20.00'),
(5915, 4181, 110, '0.00'),
(5916, 4181, 111, '15.00'),
(5917, 4182, 109, '30.00'),
(5918, 4182, 110, '30.00'),
(5919, 4182, 111, '0.00'),
(5920, 4183, 109, '0.00'),
(5921, 4183, 110, '0.00'),
(5922, 4183, 111, '0.00'),
(5923, 4184, 109, '30.00'),
(5924, 4184, 110, '30.00'),
(5925, 4184, 111, '27.00'),
(5926, 4185, 109, '30.00'),
(5927, 4185, 110, '30.00'),
(5928, 4185, 111, '28.00'),
(5929, 4186, 109, '30.00'),
(5930, 4186, 110, '0.00'),
(5931, 4186, 111, '15.00'),
(5932, 4187, 109, '30.00'),
(5933, 4187, 110, '30.00'),
(5934, 4187, 111, '15.00'),
(5935, 4188, 109, '30.00'),
(5936, 4188, 110, '30.00'),
(5937, 4188, 111, '17.00'),
(5938, 4189, 109, '30.00'),
(5939, 4189, 110, '25.00'),
(5940, 4189, 111, '20.00'),
(5941, 4190, 109, '30.00'),
(5942, 4190, 110, '20.00'),
(5943, 4190, 111, '10.00'),
(5944, 4191, 109, '30.00'),
(5945, 4191, 110, '30.00'),
(5946, 4191, 111, '5.00'),
(5947, 4192, 109, '30.00'),
(5948, 4192, 110, '30.00'),
(5949, 4192, 111, '20.00'),
(5950, 4193, 109, '0.00'),
(5951, 4193, 110, '0.00'),
(5952, 4193, 111, '0.00'),
(5953, 4194, 109, '30.00'),
(5954, 4194, 110, '30.00'),
(5955, 4194, 111, '25.00'),
(5956, 4195, 109, '30.00'),
(5957, 4195, 110, '30.00'),
(5958, 4195, 111, '25.00'),
(5959, 4196, 109, '20.00'),
(5960, 4196, 110, '20.00'),
(5961, 4196, 111, '20.00'),
(5962, 4197, 109, '15.00'),
(5963, 4197, 110, '30.00'),
(5964, 4197, 111, '10.00'),
(5965, 4198, 109, '0.00'),
(5966, 4198, 110, '0.00'),
(5967, 4198, 111, '0.00'),
(5968, 4199, 109, '0.00'),
(5969, 4199, 110, '0.00'),
(5970, 4199, 111, '0.00'),
(5971, 4200, 109, '30.00'),
(5972, 4200, 110, '30.00'),
(5973, 4200, 111, '10.00'),
(5974, 4201, 109, '0.00'),
(5975, 4201, 110, '0.00'),
(5976, 4201, 111, '0.00'),
(5977, 4202, 109, '0.02'),
(5978, 4203, 109, '30.00'),
(5979, 4203, 110, '25.00');

INSERT INTO `evaluation_grade_items` (`grade_item_id`, `grade_id`, `item_id`, `score`) VALUES
(5980, 4203, 111, '20.00'),
(5981, 4204, 109, '30.00'),
(5982, 4204, 110, '30.00'),
(5983, 4204, 111, '25.00');

-- ----------------------------------------
-- Table structure for `evaluation_grades`
-- ----------------------------------------

DROP TABLE IF EXISTS `evaluation_grades`;
CREATE TABLE `evaluation_grades` (
  `grade_id` bigint(20) unsigned NOT NULL AUTO_INCREMENT,
  `term_id` bigint(20) unsigned NOT NULL DEFAULT 1,
  `course_id` bigint(20) unsigned NOT NULL,
  `doctor_id` bigint(20) unsigned NOT NULL,
  `student_id` bigint(20) unsigned NOT NULL,
  `attendance_score` decimal(5,2) DEFAULT NULL,
  `final_score` decimal(5,2) DEFAULT NULL,
  `created_at` timestamp NOT NULL DEFAULT current_timestamp(),
  `updated_at` timestamp NOT NULL DEFAULT current_timestamp() ON UPDATE current_timestamp(),
  PRIMARY KEY (`grade_id`),
  UNIQUE KEY `uq_eval_grade` (`term_id`,`course_id`,`doctor_id`,`student_id`),
  KEY `idx_eval_grade_term` (`term_id`),
  KEY `idx_eval_grade_course` (`course_id`),
  KEY `idx_eval_grade_doctor` (`doctor_id`),
  KEY `idx_eval_grade_student` (`student_id`)
) ENGINE=InnoDB AUTO_INCREMENT=4773 DEFAULT CHARSET=utf8mb4 COLLATE=utf8mb4_unicode_ci;

-- Dumping data for `evaluation_grades`
INSERT INTO `evaluation_grades` (`grade_id`, `term_id`, `course_id`, `doctor_id`, `student_id`, `attendance_score`, `final_score`, `created_at`, `updated_at`) VALUES
(2506, 2, 45, 0, 1, '1.88', '13.38', '2026-03-04 10:28:37', '2026-03-11 11:31:01'),
(2507, 2, 45, 0, 2, '0.00', '0.00', '2026-03-04 10:28:37', '2026-03-11 11:31:02'),
(2508, 2, 45, 0, 3, '1.88', '16.78', '2026-03-04 10:28:37', '2026-03-11 11:31:02'),
(2509, 2, 45, 0, 4, '1.25', '0.65', '2026-03-04 10:28:37', '2026-03-11 11:31:02'),
(2510, 2, 45, 0, 5, '0.63', '2.53', '2026-03-04 10:28:37', '2026-03-11 11:31:02'),
(2511, 2, 45, 0, 6, '5.00', '6.20', '2026-03-04 10:28:37', '2026-03-11 11:31:02'),
(2512, 2, 45, 0, 7, '4.38', '11.08', '2026-03-04 10:28:37', '2026-03-11 11:31:02'),
(2513, 2, 45, 0, 8, '4.38', '7.88', '2026-03-04 10:28:37', '2026-03-11 11:31:03'),
(2514, 2, 45, 0, 9, '3.13', '16.63', '2026-03-04 10:28:37', '2026-03-11 11:31:03'),
(2515, 2, 45, 0, 10, '4.38', '18.48', '2026-03-04 10:28:37', '2026-03-11 11:31:03'),
(2516, 2, 45, 0, 11, '1.25', '5.65', '2026-03-04 10:28:37', '2026-03-11 11:31:03'),
(2517, 2, 45, 0, 12, '4.38', '10.88', '2026-03-04 10:28:37', '2026-03-11 11:31:03'),
(2518, 2, 45, 0, 13, '3.13', '14.23', '2026-03-04 10:28:37', '2026-03-11 11:31:04'),
(2519, 2, 45, 0, 14, '2.50', '10.50', '2026-03-04 10:28:37', '2026-03-11 11:31:04'),
(2520, 2, 45, 0, 15, '3.13', '4.83', '2026-03-04 10:28:37', '2026-03-11 11:31:04'),
(2521, 2, 45, 0, 16, '2.50', '2.10', '2026-03-04 10:28:37', '2026-03-11 11:31:04'),
(2522, 2, 45, 0, 17, '2.50', '16.30', '2026-03-04 10:28:37', '2026-03-11 11:31:04'),
(2523, 2, 45, 0, 18, '5.00', '1.40', '2026-03-04 10:28:37', '2026-03-11 11:31:05'),
(2524, 2, 45, 0, 19, '3.13', '17.63', '2026-03-04 10:28:37', '2026-03-11 11:31:05'),
(2525, 2, 45, 0, 20, '5.00', '16.00', '2026-03-04 10:28:37', '2026-03-11 11:31:05'),
(2526, 2, 45, 0, 21, '5.00', '11.00', '2026-03-04 10:28:37', '2026-03-11 11:31:05'),
(2527, 2, 45, 0, 22, '0.63', '1.53', '2026-03-04 10:28:37', '2026-03-11 11:31:05'),
(2528, 2, 45, 0, 23, '0.00', '0.00', '2026-03-04 10:28:37', '2026-03-11 11:31:05'),
(2529, 2, 45, 0, 24, '4.38', '15.28', '2026-03-04 10:28:37', '2026-03-11 11:31:06'),
(2530, 2, 45, 0, 25, '3.13', '13.63', '2026-03-04 10:28:37', '2026-03-11 11:31:06'),
(2531, 2, 45, 0, 26, '3.75', '15.95', '2026-03-04 10:28:37', '2026-03-11 11:31:06'),
(2532, 2, 45, 0, 27, '0.63', '3.33', '2026-03-04 10:28:37', '2026-03-11 11:31:06'),
(2533, 2, 45, 0, 28, '0.63', '6.93', '2026-03-04 10:28:37', '2026-03-11 11:31:06'),
(2534, 2, 45, 0, 29, '0.00', '0.00', '2026-03-04 10:28:37', '2026-03-11 11:31:06'),
(2535, 2, 49, 0, 1, '1.54', '12.11', '2026-03-04 10:47:50', '2026-03-04 10:47:50'),
(2536, 2, 49, 0, 2, '0.00', '0.00', '2026-03-04 10:47:50', '2026-03-04 10:47:50'),
(2537, 2, 49, 0, 3, '1.54', '13.71', '2026-03-04 10:47:50', '2026-03-04 10:47:50'),
(2538, 2, 49, 0, 4, '1.54', '8.11', '2026-03-04 10:47:50', '2026-03-04 10:47:50'),
(2539, 2, 49, 0, 5, '0.00', '6.60', '2026-03-04 10:47:50', '2026-03-04 10:47:50'),
(2540, 2, 49, 0, 6, '3.85', '4.77', '2026-03-04 10:47:50', '2026-03-04 10:47:50'),
(2541, 2, 49, 0, 7, '3.85', '12.17', '2026-03-04 10:47:50', '2026-03-04 10:47:50'),
(2542, 2, 49, 0, 8, '1.54', '4.71', '2026-03-04 10:47:50', '2026-03-04 10:47:50'),
(2543, 2, 49, 0, 9, '3.85', '15.57', '2026-03-04 10:47:50', '2026-03-04 10:47:50'),
(2544, 2, 49, 0, 10, '3.85', '16.17', '2026-03-04 10:47:50', '2026-03-04 10:47:50'),
(2545, 2, 49, 0, 11, '3.08', '2.62', '2026-03-04 10:47:50', '2026-03-04 10:47:50'),
(2546, 2, 49, 0, 12, '3.85', '4.77', '2026-03-04 10:47:50', '2026-03-04 10:47:50'),
(2547, 2, 49, 0, 13, '1.54', '17.31', '2026-03-04 10:47:50', '2026-03-04 10:47:50'),
(2548, 2, 49, 0, 14, '3.85', '15.97', '2026-03-04 10:47:50', '2026-03-04 10:47:50'),
(2549, 2, 49, 0, 15, '3.85', '3.17', '2026-03-04 10:47:50', '2026-03-04 10:47:50'),
(2550, 2, 49, 0, 16, '3.85', '3.77', '2026-03-04 10:47:50', '2026-03-04 10:47:50'),
(2551, 2, 49, 0, 17, '0.00', '9.60', '2026-03-04 10:47:50', '2026-03-04 10:47:50'),
(2552, 2, 49, 0, 18, '1.54', '0.31', '2026-03-04 10:47:50', '2026-03-04 10:47:50'),
(2553, 2, 49, 0, 19, '3.85', '16.17', '2026-03-04 10:47:50', '2026-03-04 10:47:50'),
(2554, 2, 49, 0, 20, '3.85', '12.57', '2026-03-04 10:47:50', '2026-03-04 10:47:50'),
(2555, 2, 49, 0, 21, '3.85', '6.37', '2026-03-04 10:47:50', '2026-03-04 10:47:50'),
(2556, 2, 49, 0, 22, '0.00', '0.00', '2026-03-04 10:47:50', '2026-03-04 10:47:50'),
(2557, 2, 49, 0, 23, '0.00', '0.00', '2026-03-04 10:47:50', '2026-03-04 10:47:50'),
(2558, 2, 49, 0, 24, '3.85', '11.77', '2026-03-04 10:47:50', '2026-03-04 10:47:50'),
(2559, 2, 49, 0, 25, '1.54', '11.31', '2026-03-04 10:47:50', '2026-03-04 10:47:50'),
(2560, 2, 49, 0, 26, '3.85', '16.37', '2026-03-04 10:47:50', '2026-03-04 10:47:50'),
(2561, 2, 49, 0, 27, '0.00', '8.00', '2026-03-04 10:47:50', '2026-03-04 10:47:50'),
(2562, 2, 49, 0, 28, '1.54', '8.71', '2026-03-04 10:47:50', '2026-03-04 10:47:50'),
(2563, 2, 49, 0, 29, '0.00', '0.00', '2026-03-04 10:47:50', '2026-03-04 10:47:50'),
(2564, 2, 47, 0, 1, '1.67', '0.33', '2026-03-09 10:48:33', '2026-03-16 10:21:05'),
(2565, 2, 47, 0, 2, '0.00', '0.00', '2026-03-09 10:48:33', '2026-03-16 10:21:05'),
(2566, 2, 47, 0, 3, '9.17', '18.83', '2026-03-09 10:48:33', '2026-03-16 10:21:05'),
(2567, 2, 47, 0, 4, '4.17', '0.83', '2026-03-09 10:48:34', '2026-03-16 10:21:06'),
(2568, 2, 47, 0, 5, '2.50', '0.50', '2026-03-09 10:48:34', '2026-03-16 10:21:06'),
(2569, 2, 47, 0, 6, '10.00', '12.60', '2026-03-09 10:48:34', '2026-03-16 10:21:06'),
(2570, 2, 47, 0, 7, '7.50', '16.10', '2026-03-09 10:48:34', '2026-03-16 10:21:06'),
(2571, 2, 47, 0, 8, '3.33', '4.67', '2026-03-09 10:48:34', '2026-03-16 10:21:06'),
(2572, 2, 47, 0, 9, '10.00', '19.00', '2026-03-09 10:48:35', '2026-03-16 10:21:07'),
(2573, 2, 47, 0, 10, '9.17', '15.43', '2026-03-09 10:48:35', '2026-03-16 10:21:07'),
(2574, 2, 47, 0, 11, '6.67', '14.53', '2026-03-09 10:48:35', '2026-03-16 10:21:07'),
(2575, 2, 47, 0, 12, '7.50', '14.50', '2026-03-09 10:48:35', '2026-03-16 10:21:07'),
(2576, 2, 47, 0, 13, '8.33', '18.27', '2026-03-09 10:48:35', '2026-03-16 10:21:07'),
(2577, 2, 47, 0, 14, '5.00', '1.00', '2026-03-09 10:48:36', '2026-03-16 10:21:08'),
(2578, 2, 47, 0, 15, '10.00', '11.00', '2026-03-09 10:48:36', '2026-03-16 10:21:08'),
(2579, 2, 47, 0, 16, '8.33', '8.87', '2026-03-09 10:48:36', '2026-03-16 10:21:08'),
(2580, 2, 47, 0, 17, '8.33', '13.27', '2026-03-09 10:48:36', '2026-03-16 10:21:08'),
(2581, 2, 47, 0, 18, '10.00', '6.20', '2026-03-09 10:48:36', '2026-03-16 10:21:08'),
(2582, 2, 47, 0, 19, '9.17', '18.83', '2026-03-09 10:48:36', '2026-03-16 10:21:09'),
(2583, 2, 47, 0, 20, '10.00', '12.00', '2026-03-09 10:48:37', '2026-03-16 10:21:09'),
(2584, 2, 47, 0, 21, '10.00', '13.00', '2026-03-09 10:48:37', '2026-03-16 10:21:09'),
(2585, 2, 47, 0, 22, '5.83', '1.17', '2026-03-09 10:48:37', '2026-03-16 10:21:09'),
(2586, 2, 47, 0, 23, '0.00', '0.00', '2026-03-09 10:48:37', '2026-03-16 10:21:09'),
(2587, 2, 47, 0, 24, '7.50', '15.70', '2026-03-09 10:48:37', '2026-03-16 10:21:10'),
(2588, 2, 47, 0, 25, '7.50', '11.90', '2026-03-09 10:48:38', '2026-03-16 10:21:10'),
(2589, 2, 47, 0, 26, '8.33', '17.07', '2026-03-09 10:48:38', '2026-03-16 10:21:10'),
(2590, 2, 47, 0, 27, '0.00', '0.00', '2026-03-09 10:48:38', '2026-03-16 10:21:10'),
(2591, 2, 47, 0, 28, '5.83', '1.17', '2026-03-09 10:48:38', '2026-03-16 10:21:10'),
(2592, 2, 47, 0, 29, '0.00', '0.00', '2026-03-09 10:48:38', '2026-03-16 10:21:11'),
(4176, 2, 42, 0, 1, '0.00', '0.00', '2026-03-16 10:31:54', '2026-03-17 09:30:45'),
(4177, 2, 42, 0, 2, '0.00', '0.00', '2026-03-16 10:31:55', '2026-03-17 09:30:45'),
(4178, 2, 42, 0, 3, '2.50', '0.50', '2026-03-16 10:31:55', '2026-03-17 09:30:45'),
(4179, 2, 42, 0, 4, '3.33', '15.67', '2026-03-16 10:31:55', '2026-03-17 09:30:45'),
(4180, 2, 42, 0, 5, '0.00', '0.00', '2026-03-16 10:31:55', '2026-03-17 09:30:46'),
(4181, 2, 42, 0, 6, '4.17', '7.83', '2026-03-16 10:31:56', '2026-03-17 09:30:46'),
(4182, 2, 42, 0, 7, '4.17', '12.83', '2026-03-16 10:31:56', '2026-03-17 09:30:46'),
(4183, 2, 42, 0, 8, '0.00', '0.00', '2026-03-16 10:31:56', '2026-03-17 09:30:46'),
(4184, 2, 42, 0, 9, '5.00', '18.40', '2026-03-16 10:31:57', '2026-03-17 09:30:46'),
(4185, 2, 42, 0, 10, '5.00', '18.60', '2026-03-16 10:31:57', '2026-03-17 09:30:46'),
(4186, 2, 42, 0, 11, '2.50', '9.50', '2026-03-16 10:31:57', '2026-03-17 09:30:46'),
(4187, 2, 42, 0, 12, '5.00', '16.00', '2026-03-16 10:31:57', '2026-03-17 09:30:47'),
(4188, 2, 42, 0, 13, '1.67', '15.73', '2026-03-16 10:31:58', '2026-03-17 09:30:47'),
(4189, 2, 42, 0, 14, '5.00', '16.00', '2026-03-16 10:31:58', '2026-03-17 09:30:47'),
(4190, 2, 42, 0, 15, '4.17', '12.83', '2026-03-16 10:31:58', '2026-03-17 09:30:47'),
(4191, 2, 42, 0, 16, '5.00', '14.00', '2026-03-16 10:31:58', '2026-03-17 09:30:47'),
(4192, 2, 42, 0, 17, '2.50', '16.50', '2026-03-16 10:31:58', '2026-03-17 09:30:47'),
(4193, 2, 42, 0, 18, '2.50', '0.50', '2026-03-16 10:31:59', '2026-03-17 09:30:48'),
(4194, 2, 42, 0, 19, '5.00', '18.00', '2026-03-16 10:31:59', '2026-03-17 09:30:48'),
(4195, 2, 42, 0, 20, '4.17', '17.83', '2026-03-16 10:32:00', '2026-03-17 09:30:48'),
(4196, 2, 42, 0, 21, '5.00', '13.00', '2026-03-16 10:32:00', '2026-03-17 09:30:48'),
(4197, 2, 42, 0, 22, '4.17', '11.83', '2026-03-16 10:32:01', '2026-03-17 09:30:48'),
(4198, 2, 42, 0, 23, '0.00', '0.00', '2026-03-16 10:32:01', '2026-03-17 09:30:48'),
(4199, 2, 42, 0, 24, '0.00', '0.00', '2026-03-16 10:32:01', '2026-03-17 09:30:48'),
(4200, 2, 42, 0, 25, '4.17', '14.83', '2026-03-16 10:32:01', '2026-03-17 09:30:49'),
(4201, 2, 42, 0, 26, '2.50', '0.50', '2026-03-16 10:32:02', '2026-03-17 09:30:49'),
(4202, 2, 42, 0, 27, '1.67', '0.34', '2026-03-16 10:32:02', '2026-03-17 09:30:49'),
(4203, 2, 42, 0, 28, '3.33', '15.67', '2026-03-16 10:32:02', '2026-03-17 09:30:49'),
(4204, 2, 42, 0, 29, '0.00', '17.00', '2026-03-16 10:32:02', '2026-03-17 09:30:49');

-- ----------------------------------------
-- Table structure for `events`
-- ----------------------------------------

DROP TABLE IF EXISTS `events`;
CREATE TABLE `events` (
  `event_id` bigint(20) unsigned NOT NULL AUTO_INCREMENT,
  `title` varchar(200) NOT NULL,
  `description` text DEFAULT NULL,
  `week_id` bigint(20) unsigned DEFAULT NULL,
  `doctor_id` bigint(20) unsigned DEFAULT NULL,
  `room_code` varchar(50) DEFAULT NULL,
  `event_date` date NOT NULL,
  `start_time` time NOT NULL,
  `end_time` time NOT NULL,
  `created_by_admin_id` bigint(20) unsigned DEFAULT NULL,
  `created_at` timestamp NOT NULL DEFAULT current_timestamp(),
  PRIMARY KEY (`event_id`),
  KEY `idx_events_date` (`event_date`),
  KEY `idx_events_week` (`week_id`),
  KEY `idx_events_doctor` (`doctor_id`),
  KEY `idx_events_room` (`room_code`),
  KEY `idx_events_admin` (`created_by_admin_id`),
  CONSTRAINT `fk_events_admin` FOREIGN KEY (`created_by_admin_id`) REFERENCES `admins` (`admin_id`) ON DELETE SET NULL ON UPDATE CASCADE,
  CONSTRAINT `fk_events_doctor` FOREIGN KEY (`doctor_id`) REFERENCES `doctors` (`doctor_id`) ON DELETE SET NULL ON UPDATE CASCADE,
  CONSTRAINT `fk_events_week` FOREIGN KEY (`week_id`) REFERENCES `weeks` (`week_id`) ON DELETE SET NULL ON UPDATE CASCADE
) ENGINE=InnoDB DEFAULT CHARSET=utf8mb4 COLLATE=utf8mb4_unicode_ci;


-- ----------------------------------------
-- Table structure for `floors`
-- ----------------------------------------

DROP TABLE IF EXISTS `floors`;
CREATE TABLE `floors` (
  `floor_id` bigint(20) unsigned NOT NULL AUTO_INCREMENT,
  `floor_name` varchar(80) NOT NULL,
  `created_at` timestamp NOT NULL DEFAULT current_timestamp(),
  PRIMARY KEY (`floor_id`),
  UNIQUE KEY `uq_floors_name` (`floor_name`)
) ENGINE=InnoDB DEFAULT CHARSET=utf8mb4 COLLATE=utf8mb4_unicode_ci;


-- ----------------------------------------
-- Table structure for `portal_users`
-- ----------------------------------------

DROP TABLE IF EXISTS `portal_users`;
CREATE TABLE `portal_users` (
  `user_id` bigint(20) unsigned NOT NULL AUTO_INCREMENT,
  `username` varchar(80) NOT NULL,
  `password_hash` varchar(255) NOT NULL,
  `role` enum('admin','management','teacher','student') NOT NULL,
  `doctor_id` bigint(20) unsigned DEFAULT NULL,
  `student_id` bigint(20) unsigned DEFAULT NULL,
  `allowed_pages_json` longtext DEFAULT NULL,
  `is_active` tinyint(1) NOT NULL DEFAULT 1,
  `created_at` timestamp NOT NULL DEFAULT current_timestamp(),
  `updated_at` timestamp NOT NULL DEFAULT current_timestamp() ON UPDATE current_timestamp(),
  PRIMARY KEY (`user_id`),
  UNIQUE KEY `uniq_username` (`username`),
  KEY `idx_role` (`role`),
  KEY `idx_doctor_id` (`doctor_id`),
  KEY `idx_student_id` (`student_id`)
) ENGINE=InnoDB AUTO_INCREMENT=20 DEFAULT CHARSET=utf8mb4 COLLATE=utf8mb4_unicode_ci;

-- Dumping data for `portal_users`
INSERT INTO `portal_users` (`user_id`, `username`, `password_hash`, `role`, `doctor_id`, `student_id`, `allowed_pages_json`, `is_active`, `created_at`, `updated_at`) VALUES
(1, 'admin', '$2y$10$/aXYqYpoUQvFMcJTSlxwT.00LHR466Ym8ETLD.PDwtFkUup2jrNba', 'admin', NULL, NULL, NULL, 1, '2026-01-11 10:51:03', '2026-01-11 10:51:03'),
(3, 'Manal', '$2y$10$0vuxVILruXcDGUL6J2dPPuntuX5/20rp.pwPYYAhRsoKk7I0b8OcK', 'teacher', 7, NULL, '[\"doctor.php\",\"attendance.php\",\"evaluation.php\",\"hours_report.php\",\"hours_report_detail.php\",\"evaluation_reports.php\",\"attendance_report.php\",\"profile.php\"]', 1, '2026-01-15 13:01:28', '2026-02-10 13:41:09'),
(4, 'Nourhan', '$2y$10$fcw2v127gIPBTyp4E1wrdONcbRylODN12N2J5afrEE6Gxjosr/vKK', 'teacher', 5, NULL, '[\"doctor.php\",\"attendance.php\",\"evaluation.php\",\"hours_report.php\",\"hours_report_detail.php\",\"evaluation_reports.php\",\"attendance_report.php\",\"profile.php\"]', 1, '2026-01-26 21:19:01', '2026-02-10 10:55:53'),
(5, 'Sherif', '$2y$10$3chYhWhlEyYpn9GFifGoHOU1YZmoWx0/4CBb1tKa6hKZoXr0w1ZLK', 'teacher', 1, NULL, '[\"doctor.php\",\"attendance.php\",\"evaluation.php\",\"hours_report.php\",\"hours_report_detail.php\",\"evaluation_reports.php\",\"attendance_report.php\",\"profile.php\"]', 1, '2026-01-29 11:24:41', '2026-02-10 10:55:34'),
(6, 'Farid', '$2y$10$2bYGwiwf75Ils9sCLTsa7.XHMmZ6mzk.vxaSlBJzi10/4NtYoGUwe', 'teacher', 3, NULL, '[\"doctor.php\",\"attendance.php\",\"evaluation.php\",\"hours_report.php\",\"hours_report_detail.php\",\"evaluation_reports.php\",\"attendance_report.php\",\"profile.php\"]', 1, '2026-02-05 12:11:28', '2026-02-10 10:55:29'),
(7, 'Hanan', '$2y$10$ve..z72sSke3so8eIOjQZuMeiS0YKlwBeGAOkvHxwpNRvode5Basm', 'teacher', 4, NULL, '[\"doctor.php\",\"attendance.php\",\"evaluation.php\",\"hours_report.php\",\"hours_report_detail.php\",\"evaluation_reports.php\",\"attendance_report.php\",\"profile.php\"]', 1, '2026-02-05 12:13:03', '2026-02-10 10:55:25'),
(8, 'Assma abd El Maguid', '$2y$10$4INKm6cnF72510ljMdHVneqqbtCZ6XAgomNMD2OQx6ef/z.qYd4Hy', 'teacher', 6, NULL, '[\"doctor.php\",\"attendance.php\",\"evaluation.php\",\"hours_report.php\",\"hours_report_detail.php\",\"evaluation_reports.php\",\"attendance_report.php\",\"profile.php\"]', 1, '2026-02-05 12:14:06', '2026-02-10 10:55:21'),
(9, 'Reem', '$2y$10$3NfunhMseaD/f9AxaobPQ.5TahaYqTHIxKdC8fKBrVSqSYIjmj3ia', 'teacher', 8, NULL, '[\"doctor.php\",\"attendance.php\",\"evaluation.php\",\"hours_report.php\",\"hours_report_detail.php\",\"evaluation_reports.php\",\"attendance_report.php\",\"profile.php\"]', 1, '2026-02-05 12:14:54', '2026-02-10 10:54:55'),
(10, 'Assma El Sharif', '$2y$10$O00VO0IghvMV/hwRJJOeT.f/EYAPQsbqTvGsgUYOAhRwx64agXtre', 'teacher', 2, NULL, '[\"index.php\",\"doctor.php\",\"attendance.php\",\"evaluation.php\",\"hours_report.php\",\"hours_report_detail.php\",\"evaluation_reports.php\",\"attendance_report.php\",\"profile.php\"]', 1, '2026-02-05 14:59:57', '2026-02-10 10:54:51'),
(11, 'Mutasim', '$2y$10$rVf7PumL13E5uJF0ZzW4mOG7QN.PmnQjVOiXUVHDz/FXl.3COgalS', 'teacher', 12, NULL, '[\"doctor.php\",\"attendance.php\",\"evaluation.php\",\"hours_report.php\",\"hours_report_detail.php\",\"evaluation_reports.php\",\"attendance_report.php\",\"profile.php\"]', 1, '2026-02-06 09:54:09', '2026-02-14 13:06:25'),
(12, 'Christophe', '$2y$10$ll5eXUfb19m7wW5w4YoOyub/VH5N7HYMBrjkRPfg.01Eipdj41pYy', 'teacher', 9, NULL, NULL, 1, '2026-02-18 11:42:33', '2026-02-18 11:42:33'),
(15, 'Franck', '$2y$10$Z5lMD5WOuP8.B0vsv38B/eQeJ8ObVgocgZTAhx5/4gChjXOR66Do2', 'teacher', 13, NULL, NULL, 1, '2026-03-04 08:50:33', '2026-03-04 13:59:24'),
(16, 'Sara', '$2y$10$oDxp5FwT9CNMxRv9NYooeeZg.TaoMReAoxrnRQWUI8ah2W9ATjU4C', 'management', NULL, NULL, '[\"schedule_builder.php\",\"students.php\",\"hours_report.php\",\"hours_report_detail.php\",\"evaluation_reports.php\",\"attendance_report.php\",\"profile.php\"]', 1, '2026-03-10 09:02:19', '2026-03-11 20:57:15'),
(17, 'Haguer', '$2y$10$/jYmKSOa3kpHM.TdeBymMuffg.aHLqbY22xht0IwD/U/1DOJeYuVy', 'management', NULL, NULL, '[\"schedule_builder.php\",\"admin_courses.php\",\"students.php\",\"hours_report.php\",\"hours_report_detail.php\",\"evaluation_reports.php\",\"attendance_report.php\",\"profile.php\"]', 1, '2026-03-10 09:03:22', '2026-04-07 12:45:13'),
(18, 'Julien', '$2y$10$CgP7I.0ql7s7A1YjsoYyX.XEyWxxfQZd6Xi2xIVaiXYYD4pMBS0AK', 'teacher', 14, NULL, NULL, 1, '2026-03-15 08:46:43', '2026-03-15 08:46:43'),
(19, 'Isablle', '$2y$10$PpsPkdgjS8OmCqUhRswt2ODBrmPlq.SiPQ.4mo/1jXvU9P6aQsYRy', 'teacher', 15, NULL, '[\"doctor.php\",\"students.php\",\"attendance.php\",\"evaluation.php\",\"profile.php\"]', 1, '2026-03-31 10:15:49', '2026-03-31 10:15:49');

-- ----------------------------------------
-- Table structure for `rooms`
-- ----------------------------------------

DROP TABLE IF EXISTS `rooms`;
CREATE TABLE `rooms` (
  `room_id` bigint(20) unsigned NOT NULL AUTO_INCREMENT,
  `floor_id` bigint(20) unsigned NOT NULL,
  `room_code` varchar(50) NOT NULL,
  `label` varchar(80) NOT NULL,
  `room_type` enum('room','lab') NOT NULL DEFAULT 'room',
  `is_active` tinyint(1) NOT NULL DEFAULT 1,
  `created_at` timestamp NOT NULL DEFAULT current_timestamp(),
  PRIMARY KEY (`room_id`),
  UNIQUE KEY `uq_rooms_code` (`room_code`),
  KEY `idx_rooms_floor` (`floor_id`),
  KEY `idx_rooms_active_floor` (`floor_id`,`is_active`),
  CONSTRAINT `fk_rooms_floor` FOREIGN KEY (`floor_id`) REFERENCES `floors` (`floor_id`) ON DELETE CASCADE ON UPDATE CASCADE
) ENGINE=InnoDB DEFAULT CHARSET=utf8mb4 COLLATE=utf8mb4_unicode_ci;


-- ----------------------------------------
-- Table structure for `schema_versions`
-- ----------------------------------------

DROP TABLE IF EXISTS `schema_versions`;
CREATE TABLE `schema_versions` (
  `schema_name` varchar(64) NOT NULL,
  `version` int(11) NOT NULL,
  `updated_at` timestamp NOT NULL DEFAULT current_timestamp() ON UPDATE current_timestamp(),
  PRIMARY KEY (`schema_name`)
) ENGINE=InnoDB DEFAULT CHARSET=utf8mb4 COLLATE=utf8mb4_general_ci;

-- Dumping data for `schema_versions`
INSERT INTO `schema_versions` (`schema_name`, `version`, `updated_at`) VALUES
('dmportal', 6, '2026-03-11 08:17:18');

-- ----------------------------------------
-- Table structure for `student_schedules`
-- ----------------------------------------

DROP TABLE IF EXISTS `student_schedules`;
CREATE TABLE `student_schedules` (
  `student_schedule_id` bigint(20) unsigned NOT NULL AUTO_INCREMENT,
  `student_id` bigint(20) unsigned NOT NULL,
  `schedule_id` bigint(20) unsigned NOT NULL,
  `assigned_by_admin_id` bigint(20) unsigned DEFAULT NULL,
  `assigned_at` timestamp NOT NULL DEFAULT current_timestamp(),
  PRIMARY KEY (`student_schedule_id`),
  UNIQUE KEY `uq_student_schedule` (`student_id`,`schedule_id`),
  KEY `idx_student` (`student_id`),
  KEY `idx_schedule` (`schedule_id`),
  KEY `idx_admin` (`assigned_by_admin_id`),
  CONSTRAINT `fk_student_schedule_admin` FOREIGN KEY (`assigned_by_admin_id`) REFERENCES `admins` (`admin_id`) ON DELETE SET NULL ON UPDATE CASCADE,
  CONSTRAINT `fk_student_schedule_schedule` FOREIGN KEY (`schedule_id`) REFERENCES `doctor_schedules` (`schedule_id`) ON UPDATE CASCADE,
  CONSTRAINT `fk_student_schedule_student` FOREIGN KEY (`student_id`) REFERENCES `students` (`student_id`) ON DELETE CASCADE ON UPDATE CASCADE
) ENGINE=InnoDB DEFAULT CHARSET=utf8mb4 COLLATE=utf8mb4_unicode_ci;


-- ----------------------------------------
-- Table structure for `students`
-- ----------------------------------------

DROP TABLE IF EXISTS `students`;
CREATE TABLE `students` (
  `student_id` bigint(20) unsigned NOT NULL AUTO_INCREMENT,
  `full_name` varchar(200) NOT NULL,
  `email` varchar(254) NOT NULL,
  `student_code` varchar(50) NOT NULL,
  `program` varchar(100) NOT NULL DEFAULT 'Digital Marketing',
  `year_level` tinyint(3) unsigned NOT NULL,
  `semester` tinyint(3) unsigned NOT NULL DEFAULT 0,
  `created_at` timestamp NOT NULL DEFAULT current_timestamp(),
  PRIMARY KEY (`student_id`),
  UNIQUE KEY `uq_students_email` (`email`),
  UNIQUE KEY `uq_students_student_code` (`student_code`),
  KEY `idx_students_program_year` (`program`,`year_level`)
) ENGINE=InnoDB AUTO_INCREMENT=43 DEFAULT CHARSET=utf8mb4 COLLATE=utf8mb4_unicode_ci;

-- Dumping data for `students`
INSERT INTO `students` (`student_id`, `full_name`, `email`, `student_code`, `program`, `year_level`, `semester`, `created_at`) VALUES
(1, 'Abd El Rahman Ahmed Mohamed Taha', 'abdelrahman.taha@ufe.edu.eg', 'MG25314', 'Digital Marketing', 1, 0, '2026-01-02 16:32:12'),
(2, 'Al Qasem Khaled Qasem', 'alqasem.qasem@ufe.edu.eg', 'MG25557', 'Digital Marketing', 1, 0, '2026-01-02 16:42:20'),
(3, 'Alia Mahmoud Mohamed El Meligy', 'alia.elmeligy@ufe.edu.eg', 'MG25141', 'Digital Marketing', 1, 0, '2026-01-02 16:44:02'),
(4, 'Aly Hesham Aly Ramadan', 'aly.hesham@ufe.edu.eg', 'MG24764', 'Digital Marketing', 1, 0, '2026-01-02 16:45:01'),
(5, 'Bilal Ahmed El Sayed State', 'bilal.state@ufe.edu.eg', 'MG25192', 'Digital Marketing', 1, 0, '2026-01-02 16:45:58'),
(6, 'Carol Wissam Salah Sadik', 'carol.sadik@ufe.edu.eg', 'MG25031', 'Digital Marketing', 1, 0, '2026-01-02 16:46:51'),
(7, 'Faris Shireen Mohamed Hassanin', 'faris.shireen@ufe.edu.eg', 'MG24448', 'Digital Marketing', 1, 0, '2026-01-02 16:48:01'),
(8, 'Hamza Mohamed Reda Abd El Fattah Ahmed Abd El Nasser', 'hamza.abdelnasser@ufe.edu.eg', 'MG25596', 'Digital Marketing', 1, 0, '2026-01-02 16:49:33'),
(9, 'Jamila Ossama Kamal Abd El Latif El Mahdy', 'jamila.elmahdy@ufe.edu.eg', 'MG25068', 'Digital Marketing', 1, 0, '2026-01-02 16:51:00'),
(10, 'Jana Eslam Mohamed', 'jana.eslammohamed@ufe.edu.eg', 'MG25446', 'Digital Marketing', 1, 0, '2026-01-02 16:51:56'),
(11, 'Jean Jeorge Eriane Mansour', 'jean.mansour@ufe.edu.eg', 'MG25149', 'Digital Marketing', 1, 0, '2026-01-02 17:00:26'),
(12, 'Jessy Osama Raafat Shoukry', 'jessy.shoukry@ufe.edu.eg', 'MG25518', 'Digital Marketing', 1, 0, '2026-01-02 17:01:21'),
(13, 'Laila Wael Mohamed Hussien', 'laila.hussien@ufe.edu.eg', 'MG24398', 'Digital Marketing', 1, 0, '2026-01-02 17:02:17'),
(14, 'Leen Ibrahim Mohamed Hussien Mahmoud', 'leen.mahmoud@ufe.edu.eg', 'MG25539', 'Digital Marketing', 1, 0, '2026-01-02 17:03:27'),
(15, 'Leila Ahmed Maher Mohamed El Guindy', 'leila.elguindy@ufe.edu.eg', 'AL24398', 'Digital Marketing', 1, 0, '2026-01-02 17:04:58'),
(16, 'Malika Hany Ahmed SaadAllah Sorour', 'malika.sorour@ufe.edu.eg', 'AL25180', 'Digital Marketing', 1, 0, '2026-01-02 17:06:26'),
(17, 'Mohamed Ahmed AbdAllah Eid', 'mohamed.abdallaheid@ufe.edu.eg', 'MG25559', 'Digital Marketing', 1, 0, '2026-01-02 17:07:29'),
(18, 'Nada Mostafa Abd El Monem El Kady', 'nada.elkady@ufe.edu.eg', 'MG25187', 'Digital Marketing', 1, 0, '2026-01-02 17:08:43'),
(19, 'Omar Ahmed Hanafy Kassab', 'omar.kassab@ufe.edu.eg', 'MG25056', 'Digital Marketing', 1, 0, '2026-01-02 17:09:44'),
(20, 'Omar Khaled AboEl Nasr Abd El monem', 'omar.khaled@ufe.edu.eg', 'MG24728', 'Digital Marketing', 1, 0, '2026-01-02 17:11:18'),
(21, 'Rita Samuel Raouf El Kommos', 'rita.elkommos@ufe.edu.eg', 'MG25061', 'Digital Marketing', 1, 0, '2026-01-02 17:25:29'),
(22, 'Roba Mahmoud Nasef Shaker', 'roba.shaker@ufe.edu.eg', 'MG25512', 'Digital Marketing', 1, 0, '2026-01-02 17:26:15'),
(23, 'Salma Khaled Mohamed Yousef', 'salma.khaled@ufe.edu.eg', 'MG24405', 'Digital Marketing', 1, 0, '2026-01-02 17:27:07'),
(24, 'Sarah Ashraf Mohamed Reda Shehata', 'sarah.shehata@ufe.edu.eg', 'MG25122', 'Digital Marketing', 1, 0, '2026-01-02 17:28:10'),
(25, 'Yasmine Habib Ibn Arabi', 'yasmine.ibnarabi@ufe.edu.eg', 'MG25577', 'Digital Marketing', 1, 0, '2026-01-02 17:28:55'),
(26, 'Yassin Ahmed El dardiry Mohamed', 'yassin.elsayed@ufe.edu.eg', 'GM24747-TR', 'Digital Marketing', 1, 0, '2026-01-02 17:30:46'),
(27, 'Youssef Ahmed El Sayed State', 'youssef.state@ufe.edu.eg', 'MG25189', 'Digital Marketing', 1, 0, '2026-01-02 17:37:05'),
(28, 'Youssef Raafat Mahrous Fahim', 'youssef.raafat@ufe.edu.eg', 'MG24753', 'Digital Marketing', 1, 0, '2026-01-02 17:38:06'),
(29, 'Yousuf Mohamed Aly Amin', 'youssuf.amin@ufe.edu.eg', 'MG25537', 'Digital Marketing', 1, 0, '2026-01-02 17:38:59'),
(30, 'Molly Raymond Abdelmalak', 'molly.raymond@ufe.edu.eg', 'MG24571', 'Digital Marketing', 2, 0, '2026-01-02 17:40:30'),
(31, 'Mohamed Galal Mohamed', 'mohamed.galal@ufe.edu.eg', 'MG24735', 'Digital Marketing', 2, 0, '2026-01-02 17:41:15'),
(33, 'Nada Amer Rafat Mabrouk', 'nada.amer@ufe.edu.eg', 'MG24385', 'Digital Marketing', 2, 0, '2026-01-02 17:43:43'),
(34, 'Lena Magdy Mohamed', 'lena.magdy@ufe.edu.eg', 'MG24647', 'Digital Marketing', 2, 0, '2026-01-02 17:44:28'),
(35, 'Mazen Mohamed Diab Mohammed', 'mazen.diab@ufe.edu.eg', 'MG24751', 'Digital Marketing', 2, 0, '2026-01-02 17:58:51'),
(36, 'Adham Ashraf', 'adham.ashraf@ufe.edu.eg', 'M24760', 'Digital Marketing', 2, 0, '2026-01-16 15:59:20'),
(38, 'Aly Amr AbdelRaof Sabaa', 'aly.amr@ufe.edu.eg', 'MG24458', 'Digital Marketing', 2, 0, '2026-01-16 16:00:18'),
(39, 'David Fakhry mahrous yakoub', 'david.fakhry@ufe.edu.eg', 'MG24773', 'Digital Marketing', 2, 0, '2026-01-16 16:00:49'),
(40, 'Habiba Essam Eldin Mohamed Abdelhamid', 'habiba.abdelhamid@ufe.edu.eg', 'MG24373', 'Digital Marketing', 2, 0, '2026-01-16 16:01:20'),
(41, 'Mai Tarek Ramadan Mohamed', 'mai.tarek@ufe.edu.eg', 'MG24287', 'Digital Marketing', 2, 0, '2026-01-16 16:01:54'),
(42, 'Marawan Gasser Mohamed Fahmy', 'marawan.gasser@ufe.edu.eg', 'MG24400', 'Digital Marketing', 2, 0, '2026-01-16 16:02:37');

-- ----------------------------------------
-- Table structure for `terms`
-- ----------------------------------------

DROP TABLE IF EXISTS `terms`;
CREATE TABLE `terms` (
  `term_id` bigint(20) unsigned NOT NULL AUTO_INCREMENT,
  `academic_year_id` bigint(20) unsigned NOT NULL DEFAULT 1,
  `label` varchar(120) NOT NULL,
  `semester` tinyint(3) unsigned NOT NULL DEFAULT 1,
  `status` enum('active','closed') NOT NULL DEFAULT 'closed',
  `start_date` date DEFAULT NULL,
  `end_date` date DEFAULT NULL,
  `created_at` timestamp NOT NULL DEFAULT current_timestamp(),
  PRIMARY KEY (`term_id`),
  KEY `idx_terms_academic_year` (`academic_year_id`),
  KEY `idx_terms_semester` (`semester`),
  KEY `idx_terms_status` (`status`)
) ENGINE=InnoDB AUTO_INCREMENT=3 DEFAULT CHARSET=utf8mb4 COLLATE=utf8mb4_unicode_ci;

-- Dumping data for `terms`
INSERT INTO `terms` (`term_id`, `academic_year_id`, `label`, `semester`, `status`, `start_date`, `end_date`, `created_at`) VALUES
(1, 1, 'Semester 1', 1, 'closed', NULL, NULL, '2026-02-16 12:34:43'),
(2, 1, 'Semester 2', 2, 'active', NULL, NULL, '2026-02-16 12:34:43');

-- ----------------------------------------
-- Table structure for `weeks`
-- ----------------------------------------

DROP TABLE IF EXISTS `weeks`;
CREATE TABLE `weeks` (
  `week_id` bigint(20) unsigned NOT NULL AUTO_INCREMENT,
  `term_id` bigint(20) unsigned NOT NULL DEFAULT 1,
  `label` varchar(50) NOT NULL,
  `start_date` date NOT NULL,
  `end_date` date DEFAULT NULL,
  `status` enum('active','closed') NOT NULL DEFAULT 'active',
  `created_at` timestamp NOT NULL DEFAULT current_timestamp(),
  `is_prep` tinyint(1) NOT NULL DEFAULT 0,
  `is_ramadan` tinyint(1) NOT NULL DEFAULT 0,
  PRIMARY KEY (`week_id`),
  UNIQUE KEY `uq_weeks_label` (`term_id`,`label`),
  KEY `idx_weeks_term_id` (`term_id`)
) ENGINE=InnoDB AUTO_INCREMENT=33 DEFAULT CHARSET=utf8mb4 COLLATE=utf8mb4_unicode_ci;

-- Dumping data for `weeks`
INSERT INTO `weeks` (`week_id`, `term_id`, `label`, `start_date`, `end_date`, `status`, `created_at`, `is_prep`, `is_ramadan`) VALUES
(1, 2, 'Week 1', '2026-01-04', '2026-01-10', 'closed', '2025-12-29 15:57:47', 0, 0),
(2, 2, 'Week 2', '2026-01-11', '2026-01-16', 'closed', '2026-01-11 10:55:34', 0, 0),
(3, 2, 'Week 3', '2026-01-18', '2026-02-04', 'closed', '2026-01-16 19:23:14', 0, 0),
(4, 2, 'Week 4', '2026-02-08', '2026-02-11', 'closed', '2026-02-04 17:46:29', 0, 0),
(5, 2, 'Week 5', '2026-02-15', '2026-02-18', 'closed', '2026-02-11 19:37:49', 0, 0),
(6, 2, 'Week 6', '2026-02-22', '2026-03-01', 'closed', '2026-02-18 13:40:30', 0, 0),
(22, 2, 'Ramadan Week 7', '2026-03-01', '2026-03-07', 'closed', '2026-03-01 20:19:06', 0, 0),
(23, 2, 'Week 8', '2026-03-08', '2026-03-13', 'closed', '2026-03-07 14:20:10', 0, 0),
(24, 2, 'Week 9', '2026-03-15', '2026-03-23', 'closed', '2026-03-11 20:49:00', 0, 0),
(25, 2, 'Week 10', '2026-03-22', '2026-03-28', 'closed', '2026-03-23 19:07:20', 0, 0),
(26, 2, 'Prep Week 11', '2026-03-29', '2026-03-28', 'closed', '2026-03-28 20:27:53', 1, 0),
(27, 2, 'Week 12', '2026-04-05', '2026-04-10', 'closed', '2026-03-31 10:16:41', 0, 0),
(30, 2, 'Week 13', '2026-04-02', '2026-04-02', 'closed', '2026-04-02 15:39:56', 0, 0),
(31, 2, 'Week 14', '2026-04-02', '2026-04-03', 'closed', '2026-04-02 15:39:57', 0, 0),
(32, 2, 'Week 15', '2026-04-12', '2026-04-10', 'active', '2026-04-10 09:16:10', 0, 0);

SET FOREIGN_KEY_CHECKS=1;
