-- Digital Marketing Portal SQL Export
-- Database: digital_marketing_portal
-- Generated: 2026-02-13 11:28:17 UTC

SET NAMES utf8mb4;
SET FOREIGN_KEY_CHECKS=0;

-- ----------------------------------------
-- Table structure for `admins`
-- ----------------------------------------

DROP TABLE IF EXISTS `admins`;
CREATE TABLE `admins` (
  `admin_id` bigint(20) unsigned NOT NULL AUTO_INCREMENT,
  `full_name` varchar(200) NOT NULL,
  `email` varchar(254) NOT NULL,
  `role` varchar(100) NOT NULL,
  `created_at` timestamp NOT NULL DEFAULT current_timestamp(),
  PRIMARY KEY (`admin_id`),
  UNIQUE KEY `uq_admins_email` (`email`)
) ENGINE=InnoDB AUTO_INCREMENT=2 DEFAULT CHARSET=utf8mb4 COLLATE=utf8mb4_unicode_ci;

-- Dumping data for `admins`
INSERT INTO `admins` (`admin_id`, `full_name`, `email`, `role`, `created_at`) VALUES
(1, 'Rostom', 'Rostom@gmail.com', 'admin', '2026-01-11 10:51:03');

-- ----------------------------------------
-- Table structure for `attendance_records`
-- ----------------------------------------

DROP TABLE IF EXISTS `attendance_records`;
CREATE TABLE `attendance_records` (
  `attendance_id` bigint(20) unsigned NOT NULL AUTO_INCREMENT,
  `schedule_id` bigint(20) unsigned NOT NULL,
  `student_id` bigint(20) unsigned NOT NULL,
  `status` enum('PRESENT','ABSENT') NOT NULL,
  `created_at` timestamp NOT NULL DEFAULT current_timestamp(),
  `updated_at` timestamp NOT NULL DEFAULT current_timestamp() ON UPDATE current_timestamp(),
  PRIMARY KEY (`attendance_id`),
  UNIQUE KEY `uq_attendance_schedule_student` (`schedule_id`,`student_id`),
  KEY `idx_attendance_student` (`student_id`),
  KEY `idx_attendance_schedule` (`schedule_id`),
  CONSTRAINT `fk_attendance_schedule` FOREIGN KEY (`schedule_id`) REFERENCES `doctor_schedules` (`schedule_id`) ON DELETE CASCADE ON UPDATE CASCADE,
  CONSTRAINT `fk_attendance_student` FOREIGN KEY (`student_id`) REFERENCES `students` (`student_id`) ON DELETE CASCADE ON UPDATE CASCADE
) ENGINE=InnoDB AUTO_INCREMENT=1719 DEFAULT CHARSET=utf8mb4 COLLATE=utf8mb4_unicode_ci;

-- Dumping data for `attendance_records`
INSERT INTO `attendance_records` (`attendance_id`, `schedule_id`, `student_id`, `status`, `created_at`, `updated_at`) VALUES
(1, 59, 1, 'ABSENT', '2026-01-15 12:18:05', '2026-01-15 22:39:18'),
(2, 59, 2, 'ABSENT', '2026-01-15 12:18:05', '2026-01-15 22:39:18'),
(3, 59, 3, 'ABSENT', '2026-01-15 12:18:05', '2026-01-15 22:39:18'),
(4, 59, 4, 'ABSENT', '2026-01-15 12:18:05', '2026-01-15 22:39:18'),
(5, 59, 5, 'ABSENT', '2026-01-15 12:18:05', '2026-01-15 22:39:18'),
(6, 59, 6, 'ABSENT', '2026-01-15 12:18:05', '2026-01-15 22:39:18'),
(7, 59, 7, 'ABSENT', '2026-01-15 12:18:05', '2026-01-15 22:39:18'),
(8, 59, 8, 'ABSENT', '2026-01-15 12:18:05', '2026-01-15 22:39:18'),
(9, 59, 9, 'ABSENT', '2026-01-15 12:18:05', '2026-01-15 22:39:18'),
(10, 59, 10, 'ABSENT', '2026-01-15 12:18:05', '2026-01-15 22:39:18'),
(11, 59, 11, 'ABSENT', '2026-01-15 12:18:05', '2026-01-15 22:39:18'),
(12, 59, 12, 'ABSENT', '2026-01-15 12:18:05', '2026-01-15 22:39:18'),
(13, 59, 13, 'ABSENT', '2026-01-15 12:18:05', '2026-01-15 22:39:19'),
(14, 59, 14, 'ABSENT', '2026-01-15 12:18:06', '2026-01-15 22:39:19'),
(15, 59, 15, 'ABSENT', '2026-01-15 12:18:06', '2026-01-15 22:39:19'),
(16, 59, 16, 'ABSENT', '2026-01-15 12:18:06', '2026-01-15 22:39:19'),
(17, 59, 17, 'ABSENT', '2026-01-15 12:18:06', '2026-01-15 22:39:19'),
(18, 59, 18, 'ABSENT', '2026-01-15 12:18:06', '2026-01-15 22:39:19'),
(19, 59, 19, 'ABSENT', '2026-01-15 12:18:06', '2026-01-15 22:39:19'),
(20, 59, 20, 'ABSENT', '2026-01-15 12:18:06', '2026-01-15 22:39:19'),
(21, 59, 21, 'ABSENT', '2026-01-15 12:18:06', '2026-01-15 22:39:19'),
(22, 59, 22, 'ABSENT', '2026-01-15 12:18:06', '2026-01-15 22:39:19'),
(23, 59, 23, 'ABSENT', '2026-01-15 12:18:06', '2026-01-15 22:39:19'),
(24, 59, 24, 'ABSENT', '2026-01-15 12:18:06', '2026-01-15 22:39:19'),
(25, 59, 25, 'ABSENT', '2026-01-15 12:18:06', '2026-01-15 22:39:19'),
(26, 59, 26, 'ABSENT', '2026-01-15 12:18:06', '2026-01-15 22:39:19'),
(27, 59, 27, 'ABSENT', '2026-01-15 12:18:06', '2026-01-15 22:39:19'),
(28, 59, 28, 'ABSENT', '2026-01-15 12:18:06', '2026-01-15 22:39:19'),
(29, 59, 29, 'ABSENT', '2026-01-15 12:18:06', '2026-01-15 22:39:19'),
(238, 101, 4, 'ABSENT', '2026-01-19 10:10:30', '2026-01-19 10:10:32'),
(240, 107, 36, 'ABSENT', '2026-01-19 12:22:58', '2026-02-08 13:14:30'),
(241, 107, 38, 'ABSENT', '2026-01-19 12:23:01', '2026-02-08 13:14:30'),
(243, 107, 40, 'PRESENT', '2026-01-19 12:23:09', '2026-01-19 12:23:09'),
(244, 107, 34, 'PRESENT', '2026-01-19 12:23:11', '2026-01-19 12:23:11'),
(245, 107, 42, 'PRESENT', '2026-01-19 12:23:15', '2026-01-19 12:23:15'),
(246, 107, 35, 'PRESENT', '2026-01-19 12:23:17', '2026-01-19 12:23:17'),
(247, 107, 31, 'PRESENT', '2026-01-19 12:23:23', '2026-01-19 12:23:23'),
(248, 107, 33, 'PRESENT', '2026-01-19 12:23:27', '2026-01-19 12:23:27'),
(249, 108, 38, 'PRESENT', '2026-01-19 12:23:44', '2026-01-19 12:23:44'),
(250, 108, 40, 'PRESENT', '2026-01-19 12:23:47', '2026-01-19 12:23:47'),
(251, 108, 34, 'PRESENT', '2026-01-19 12:23:49', '2026-01-19 12:23:49'),
(252, 108, 42, 'PRESENT', '2026-01-19 12:23:53', '2026-01-19 12:23:53'),
(253, 108, 35, 'PRESENT', '2026-01-19 12:23:54', '2026-01-19 12:23:54'),
(254, 108, 31, 'PRESENT', '2026-01-19 12:23:57', '2026-01-19 12:23:57'),
(255, 108, 30, 'PRESENT', '2026-01-19 12:24:00', '2026-01-19 12:24:00'),
(256, 108, 33, 'PRESENT', '2026-01-19 12:24:02', '2026-01-19 12:24:02'),
(257, 109, 36, 'PRESENT', '2026-01-19 12:24:10', '2026-01-19 12:24:16'),
(259, 109, 38, 'PRESENT', '2026-01-19 12:24:14', '2026-01-19 12:24:16'),
(260, 109, 39, 'ABSENT', '2026-01-19 12:24:14', '2026-01-19 12:24:22'),
(261, 109, 40, 'PRESENT', '2026-01-19 12:24:14', '2026-01-19 12:24:16'),
(262, 109, 34, 'PRESENT', '2026-01-19 12:24:14', '2026-01-19 12:24:16'),
(263, 109, 41, 'ABSENT', '2026-01-19 12:24:14', '2026-01-19 12:24:27'),
(264, 109, 42, 'PRESENT', '2026-01-19 12:24:14', '2026-01-19 12:24:16'),
(265, 109, 35, 'PRESENT', '2026-01-19 12:24:14', '2026-01-19 12:24:16'),
(266, 109, 31, 'PRESENT', '2026-01-19 12:24:14', '2026-01-19 12:24:17'),
(267, 109, 30, 'PRESENT', '2026-01-19 12:24:14', '2026-01-19 12:24:17'),
(268, 109, 33, 'PRESENT', '2026-01-19 12:24:14', '2026-01-19 12:24:17'),
(282, 110, 36, 'PRESENT', '2026-01-19 12:24:55', '2026-01-19 12:24:58'),
(283, 110, 38, 'PRESENT', '2026-01-19 12:24:55', '2026-01-19 12:24:58'),
(284, 110, 39, 'ABSENT', '2026-01-19 12:24:55', '2026-01-19 12:25:03'),
(285, 110, 40, 'PRESENT', '2026-01-19 12:24:55', '2026-01-19 12:24:58'),
(286, 110, 34, 'PRESENT', '2026-01-19 12:24:55', '2026-01-19 12:24:58'),
(287, 110, 41, 'ABSENT', '2026-01-19 12:24:55', '2026-01-19 12:25:08'),
(288, 110, 42, 'PRESENT', '2026-01-19 12:24:55', '2026-01-19 12:24:58'),
(289, 110, 35, 'PRESENT', '2026-01-19 12:24:55', '2026-01-19 12:24:58'),
(290, 110, 31, 'PRESENT', '2026-01-19 12:24:55', '2026-01-19 12:24:58'),
(291, 110, 30, 'PRESENT', '2026-01-19 12:24:56', '2026-01-19 12:24:58'),
(292, 110, 33, 'PRESENT', '2026-01-19 12:24:56', '2026-01-19 12:24:58'),
(306, 58, 36, 'PRESENT', '2026-01-19 12:35:42', '2026-01-19 12:35:42'),
(307, 58, 38, 'PRESENT', '2026-01-19 12:35:42', '2026-01-19 12:35:42'),
(308, 58, 39, 'PRESENT', '2026-01-19 12:35:42', '2026-01-19 12:35:42'),
(309, 58, 40, 'ABSENT', '2026-01-19 12:35:42', '2026-02-08 13:09:20'),
(310, 58, 34, 'PRESENT', '2026-01-19 12:35:42', '2026-01-19 12:35:42'),
(311, 58, 41, 'ABSENT', '2026-01-19 12:35:42', '2026-02-08 13:09:20'),
(312, 58, 42, 'PRESENT', '2026-01-19 12:35:42', '2026-01-19 12:35:42'),
(313, 58, 35, 'PRESENT', '2026-01-19 12:35:42', '2026-01-19 12:35:42'),
(314, 58, 31, 'PRESENT', '2026-01-19 12:35:42', '2026-01-19 12:35:42'),
(315, 58, 30, 'PRESENT', '2026-01-19 12:35:42', '2026-01-19 12:35:42'),
(316, 58, 33, 'PRESENT', '2026-01-19 12:35:42', '2026-01-19 12:35:42'),
(317, 17, 3, 'PRESENT', '2026-01-29 11:31:50', '2026-01-29 11:31:50'),
(318, 17, 5, 'PRESENT', '2026-01-29 11:31:50', '2026-01-29 11:31:50'),
(319, 17, 6, 'PRESENT', '2026-01-29 11:31:50', '2026-01-29 11:31:50'),
(320, 17, 7, 'PRESENT', '2026-01-29 11:31:50', '2026-01-29 11:31:50'),
(321, 17, 8, 'PRESENT', '2026-01-29 11:31:50', '2026-01-29 11:31:50'),
(322, 17, 9, 'PRESENT', '2026-01-29 11:31:50', '2026-01-29 11:31:50'),
(323, 17, 10, 'PRESENT', '2026-01-29 11:31:50', '2026-01-29 11:31:50'),
(324, 17, 12, 'PRESENT', '2026-01-29 11:31:50', '2026-01-29 11:31:50'),
(325, 17, 13, 'PRESENT', '2026-01-29 11:31:50', '2026-01-29 11:31:50'),
(326, 17, 15, 'PRESENT', '2026-01-29 11:31:50', '2026-01-29 11:31:50'),
(327, 17, 17, 'PRESENT', '2026-01-29 11:31:50', '2026-01-29 11:31:50'),
(328, 17, 18, 'PRESENT', '2026-01-29 11:31:50', '2026-01-29 11:31:50'),
(329, 17, 19, 'PRESENT', '2026-01-29 11:31:50', '2026-01-29 11:31:50'),
(330, 17, 21, 'PRESENT', '2026-01-29 11:31:50', '2026-01-29 11:31:50'),
(331, 17, 22, 'PRESENT', '2026-01-29 11:31:50', '2026-01-29 11:31:50'),
(332, 17, 24, 'PRESENT', '2026-01-29 11:31:50', '2026-01-29 11:31:50'),
(333, 17, 25, 'PRESENT', '2026-01-29 11:31:50', '2026-01-29 11:31:50'),
(334, 17, 27, 'PRESENT', '2026-01-29 11:31:50', '2026-01-29 11:31:50'),
(335, 24, 3, 'PRESENT', '2026-01-29 11:34:20', '2026-01-29 11:34:20'),
(336, 24, 6, 'PRESENT', '2026-01-29 11:34:20', '2026-01-29 11:34:20'),
(337, 24, 7, 'PRESENT', '2026-01-29 11:34:20', '2026-01-29 11:34:20'),
(338, 24, 8, 'PRESENT', '2026-01-29 11:34:20', '2026-01-29 11:34:20'),
(339, 24, 9, 'PRESENT', '2026-01-29 11:34:20', '2026-01-29 11:34:20'),
(340, 24, 10, 'PRESENT', '2026-01-29 11:34:20', '2026-01-29 11:34:20'),
(341, 24, 12, 'PRESENT', '2026-01-29 11:34:20', '2026-01-29 11:34:20'),
(342, 24, 13, 'PRESENT', '2026-01-29 11:34:20', '2026-01-29 11:34:20'),
(343, 24, 15, 'PRESENT', '2026-01-29 11:34:20', '2026-01-29 11:34:20'),
(344, 24, 17, 'PRESENT', '2026-01-29 11:34:20', '2026-01-29 11:34:20'),
(345, 24, 18, 'PRESENT', '2026-01-29 11:34:21', '2026-01-29 11:34:21'),
(346, 24, 19, 'PRESENT', '2026-01-29 11:34:21', '2026-01-29 11:34:21'),
(347, 24, 21, 'PRESENT', '2026-01-29 11:34:21', '2026-01-29 11:34:21'),
(348, 24, 22, 'PRESENT', '2026-01-29 11:34:21', '2026-01-29 11:34:21'),
(349, 24, 24, 'PRESENT', '2026-01-29 11:34:21', '2026-01-29 11:34:21'),
(350, 24, 25, 'PRESENT', '2026-01-29 11:34:21', '2026-01-29 11:34:21'),
(351, 65, 7, 'PRESENT', '2026-01-29 11:35:53', '2026-01-29 11:35:53'),
(352, 65, 9, 'PRESENT', '2026-01-29 11:35:53', '2026-01-29 11:35:53'),
(353, 65, 10, 'PRESENT', '2026-01-29 11:35:54', '2026-01-29 11:35:54'),
(354, 65, 13, 'PRESENT', '2026-01-29 11:35:54', '2026-01-29 11:35:54'),
(355, 65, 14, 'PRESENT', '2026-01-29 11:35:54', '2026-01-29 11:35:54'),
(356, 65, 15, 'PRESENT', '2026-01-29 11:35:54', '2026-01-29 11:35:54'),
(357, 65, 16, 'PRESENT', '2026-01-29 11:35:54', '2026-01-29 11:35:54'),
(358, 65, 17, 'PRESENT', '2026-01-29 11:35:54', '2026-01-29 11:35:54'),
(359, 65, 18, 'PRESENT', '2026-01-29 11:35:54', '2026-01-29 11:35:54'),
(360, 65, 19, 'PRESENT', '2026-01-29 11:35:54', '2026-01-29 11:35:54'),
(361, 65, 21, 'PRESENT', '2026-01-29 11:35:54', '2026-01-29 11:35:54'),
(362, 65, 22, 'PRESENT', '2026-01-29 11:35:54', '2026-01-29 11:35:54'),
(363, 65, 26, 'PRESENT', '2026-01-29 11:35:54', '2026-01-29 11:35:54'),
(364, 66, 1, 'PRESENT', '2026-01-29 11:37:38', '2026-01-29 11:37:38'),
(365, 66, 8, 'PRESENT', '2026-01-29 11:37:38', '2026-01-29 11:37:38'),
(366, 66, 9, 'PRESENT', '2026-01-29 11:37:38', '2026-01-29 11:37:38'),
(367, 66, 10, 'PRESENT', '2026-01-29 11:37:38', '2026-01-29 11:37:38'),
(368, 66, 11, 'PRESENT', '2026-01-29 11:37:38', '2026-01-29 11:37:38'),
(369, 66, 14, 'PRESENT', '2026-01-29 11:37:38', '2026-01-29 11:37:38'),
(370, 66, 17, 'PRESENT', '2026-01-29 11:37:38', '2026-01-29 11:37:38'),
(371, 66, 18, 'PRESENT', '2026-01-29 11:37:38', '2026-01-29 11:37:38'),
(372, 66, 19, 'PRESENT', '2026-01-29 11:37:38', '2026-01-29 11:37:38'),
(373, 66, 21, 'PRESENT', '2026-01-29 11:37:38', '2026-01-29 11:37:38'),
(374, 66, 22, 'PRESENT', '2026-01-29 11:37:38', '2026-01-29 11:37:38'),
(375, 66, 24, 'PRESENT', '2026-01-29 11:37:38', '2026-01-29 11:37:38'),
(376, 66, 25, 'PRESENT', '2026-01-29 11:37:39', '2026-01-29 11:37:39'),
(377, 66, 26, 'PRESENT', '2026-01-29 11:37:39', '2026-01-29 11:37:39'),
(378, 67, 1, 'PRESENT', '2026-01-29 11:38:27', '2026-01-29 11:38:27'),
(379, 67, 4, 'PRESENT', '2026-01-29 11:38:27', '2026-01-29 11:38:27'),
(380, 67, 8, 'PRESENT', '2026-01-29 11:38:27', '2026-01-29 11:38:27'),
(381, 67, 9, 'PRESENT', '2026-01-29 11:38:27', '2026-01-29 11:38:27'),
(382, 67, 10, 'PRESENT', '2026-01-29 11:38:28', '2026-01-29 11:38:28'),
(383, 67, 14, 'PRESENT', '2026-01-29 11:38:28', '2026-01-29 11:38:28'),
(384, 67, 17, 'PRESENT', '2026-01-29 11:38:28', '2026-01-29 11:38:28'),
(385, 67, 18, 'PRESENT', '2026-01-29 11:38:28', '2026-01-29 11:38:28'),
(386, 67, 19, 'PRESENT', '2026-01-29 11:38:28', '2026-01-29 11:38:28'),
(387, 67, 21, 'PRESENT', '2026-01-29 11:38:28', '2026-01-29 11:38:28'),
(388, 67, 22, 'PRESENT', '2026-01-29 11:38:28', '2026-01-29 11:38:28'),
(389, 67, 24, 'PRESENT', '2026-01-29 11:38:28', '2026-01-29 11:38:28'),
(390, 67, 25, 'PRESENT', '2026-01-29 11:38:28', '2026-01-29 11:38:28'),
(391, 67, 26, 'PRESENT', '2026-01-29 11:38:28', '2026-01-29 11:38:28'),
(392, 18, 3, 'PRESENT', '2026-01-29 11:41:43', '2026-01-29 11:41:43'),
(393, 18, 5, 'PRESENT', '2026-01-29 11:41:43', '2026-01-29 11:41:43'),
(394, 18, 6, 'PRESENT', '2026-01-29 11:41:43', '2026-01-29 11:41:43'),
(395, 18, 7, 'PRESENT', '2026-01-29 11:41:43', '2026-01-29 11:41:43'),
(396, 18, 8, 'PRESENT', '2026-01-29 11:41:43', '2026-01-29 11:41:43'),
(397, 18, 9, 'PRESENT', '2026-01-29 11:41:43', '2026-01-29 11:41:43'),
(398, 18, 10, 'PRESENT', '2026-01-29 11:41:43', '2026-01-29 11:41:43'),
(399, 18, 12, 'PRESENT', '2026-01-29 11:41:43', '2026-01-29 11:41:43'),
(400, 18, 13, 'PRESENT', '2026-01-29 11:41:43', '2026-01-29 11:41:43'),
(401, 18, 15, 'PRESENT', '2026-01-29 11:41:43', '2026-01-29 11:41:43'),
(402, 18, 17, 'PRESENT', '2026-01-29 11:41:43', '2026-01-29 11:41:43'),
(403, 18, 18, 'PRESENT', '2026-01-29 11:41:43', '2026-01-29 11:41:43'),
(404, 18, 19, 'PRESENT', '2026-01-29 11:41:43', '2026-01-29 11:41:43'),
(405, 18, 21, 'PRESENT', '2026-01-29 11:41:43', '2026-01-29 11:41:43'),
(406, 18, 22, 'PRESENT', '2026-01-29 11:41:43', '2026-01-29 11:41:43'),
(407, 18, 24, 'PRESENT', '2026-01-29 11:41:43', '2026-01-29 11:41:43'),
(408, 18, 25, 'PRESENT', '2026-01-29 11:41:43', '2026-01-29 11:41:43'),
(409, 18, 27, 'PRESENT', '2026-01-29 11:41:43', '2026-01-29 11:41:43'),
(410, 19, 3, 'PRESENT', '2026-01-29 11:42:48', '2026-01-29 11:42:48'),
(411, 19, 5, 'PRESENT', '2026-01-29 11:42:48', '2026-01-29 11:42:48'),
(412, 19, 6, 'PRESENT', '2026-01-29 11:42:48', '2026-01-29 11:42:48'),
(413, 19, 7, 'PRESENT', '2026-01-29 11:42:48', '2026-01-29 11:42:48'),
(414, 19, 8, 'PRESENT', '2026-01-29 11:42:48', '2026-01-29 11:42:48'),
(415, 19, 9, 'PRESENT', '2026-01-29 11:42:48', '2026-01-29 11:42:48'),
(416, 19, 10, 'PRESENT', '2026-01-29 11:42:48', '2026-01-29 11:42:48'),
(417, 19, 12, 'PRESENT', '2026-01-29 11:42:48', '2026-01-29 11:42:48'),
(418, 19, 13, 'PRESENT', '2026-01-29 11:42:48', '2026-01-29 11:42:48'),
(419, 19, 15, 'PRESENT', '2026-01-29 11:42:48', '2026-01-29 11:42:48'),
(420, 19, 17, 'PRESENT', '2026-01-29 11:42:48', '2026-01-29 11:42:48'),
(421, 19, 18, 'PRESENT', '2026-01-29 11:42:48', '2026-01-29 11:42:48'),
(422, 19, 19, 'PRESENT', '2026-01-29 11:42:48', '2026-01-29 11:42:48'),
(423, 19, 21, 'PRESENT', '2026-01-29 11:42:48', '2026-01-29 11:42:48'),
(424, 19, 22, 'PRESENT', '2026-01-29 11:42:48', '2026-01-29 11:42:48'),
(425, 19, 24, 'PRESENT', '2026-01-29 11:42:48', '2026-01-29 11:42:48'),
(426, 19, 25, 'PRESENT', '2026-01-29 11:42:48', '2026-01-29 11:42:48'),
(427, 19, 27, 'PRESENT', '2026-01-29 11:42:48', '2026-01-29 11:42:48'),
(428, 20, 3, 'PRESENT', '2026-01-29 11:44:18', '2026-01-29 11:44:18'),
(429, 20, 5, 'PRESENT', '2026-01-29 11:44:18', '2026-01-29 11:44:18'),
(430, 20, 6, 'PRESENT', '2026-01-29 11:44:18', '2026-01-29 11:44:18'),
(431, 20, 7, 'PRESENT', '2026-01-29 11:44:18', '2026-01-29 11:44:18'),
(432, 20, 8, 'PRESENT', '2026-01-29 11:44:18', '2026-01-29 11:44:18'),
(433, 20, 9, 'PRESENT', '2026-01-29 11:44:18', '2026-01-29 11:44:18'),
(434, 20, 10, 'PRESENT', '2026-01-29 11:44:18', '2026-01-29 11:44:18'),
(435, 20, 12, 'PRESENT', '2026-01-29 11:44:18', '2026-01-29 11:44:18'),
(436, 20, 13, 'PRESENT', '2026-01-29 11:44:18', '2026-01-29 11:44:18'),
(437, 20, 15, 'PRESENT', '2026-01-29 11:44:18', '2026-01-29 11:44:18');

INSERT INTO `attendance_records` (`attendance_id`, `schedule_id`, `student_id`, `status`, `created_at`, `updated_at`) VALUES
(438, 20, 17, 'PRESENT', '2026-01-29 11:44:18', '2026-01-29 11:44:18'),
(439, 20, 18, 'PRESENT', '2026-01-29 11:44:18', '2026-01-29 11:44:18'),
(440, 20, 19, 'PRESENT', '2026-01-29 11:44:18', '2026-01-29 11:44:18'),
(441, 20, 21, 'PRESENT', '2026-01-29 11:44:18', '2026-01-29 11:44:18'),
(442, 20, 22, 'PRESENT', '2026-01-29 11:44:18', '2026-01-29 11:44:18'),
(443, 20, 24, 'PRESENT', '2026-01-29 11:44:19', '2026-01-29 11:44:19'),
(444, 20, 25, 'PRESENT', '2026-01-29 11:44:19', '2026-01-29 11:44:19'),
(445, 20, 27, 'PRESENT', '2026-01-29 11:44:19', '2026-01-29 11:44:19'),
(446, 88, 1, 'PRESENT', '2026-01-29 11:47:13', '2026-01-29 11:47:13'),
(447, 88, 4, 'PRESENT', '2026-01-29 11:47:13', '2026-01-29 11:47:13'),
(448, 88, 8, 'PRESENT', '2026-01-29 11:47:13', '2026-01-29 11:47:13'),
(449, 88, 9, 'PRESENT', '2026-01-29 11:47:13', '2026-01-29 11:47:13'),
(450, 88, 10, 'PRESENT', '2026-01-29 11:47:13', '2026-01-29 11:47:13'),
(451, 88, 14, 'PRESENT', '2026-01-29 11:47:13', '2026-01-29 11:47:13'),
(452, 88, 17, 'PRESENT', '2026-01-29 11:47:13', '2026-01-29 11:47:13'),
(453, 88, 18, 'PRESENT', '2026-01-29 11:47:13', '2026-01-29 11:47:13'),
(454, 88, 19, 'PRESENT', '2026-01-29 11:47:13', '2026-01-29 11:47:13'),
(455, 88, 21, 'PRESENT', '2026-01-29 11:47:13', '2026-01-29 11:47:13'),
(456, 88, 22, 'PRESENT', '2026-01-29 11:47:13', '2026-01-29 11:47:13'),
(457, 88, 24, 'PRESENT', '2026-01-29 11:47:13', '2026-01-29 11:47:13'),
(458, 88, 25, 'PRESENT', '2026-01-29 11:47:13', '2026-01-29 11:47:13'),
(459, 88, 26, 'PRESENT', '2026-01-29 11:47:13', '2026-01-29 11:47:13'),
(460, 91, 1, 'PRESENT', '2026-01-29 11:48:03', '2026-01-29 11:48:03'),
(461, 91, 4, 'PRESENT', '2026-01-29 11:48:04', '2026-01-29 11:48:04'),
(462, 91, 8, 'PRESENT', '2026-01-29 11:48:04', '2026-01-29 11:48:04'),
(463, 91, 9, 'PRESENT', '2026-01-29 11:48:04', '2026-01-29 11:48:04'),
(464, 91, 10, 'PRESENT', '2026-01-29 11:48:04', '2026-01-29 11:48:04'),
(465, 91, 14, 'PRESENT', '2026-01-29 11:48:04', '2026-01-29 11:48:04'),
(466, 91, 17, 'PRESENT', '2026-01-29 11:48:04', '2026-01-29 11:48:04'),
(467, 91, 18, 'PRESENT', '2026-01-29 11:48:04', '2026-01-29 11:48:04'),
(468, 91, 19, 'PRESENT', '2026-01-29 11:48:04', '2026-01-29 11:48:04'),
(469, 91, 21, 'PRESENT', '2026-01-29 11:48:04', '2026-01-29 11:48:04'),
(470, 91, 22, 'PRESENT', '2026-01-29 11:48:04', '2026-01-29 11:48:04'),
(471, 91, 24, 'PRESENT', '2026-01-29 11:48:04', '2026-01-29 11:48:04'),
(472, 91, 25, 'PRESENT', '2026-01-29 11:48:04', '2026-01-29 11:48:04'),
(473, 91, 26, 'PRESENT', '2026-01-29 11:48:04', '2026-01-29 11:48:04'),
(474, 92, 1, 'PRESENT', '2026-01-29 11:48:36', '2026-01-29 11:48:36'),
(475, 92, 4, 'PRESENT', '2026-01-29 11:48:36', '2026-01-29 11:48:36'),
(476, 92, 8, 'PRESENT', '2026-01-29 11:48:36', '2026-01-29 11:48:36'),
(477, 92, 9, 'PRESENT', '2026-01-29 11:48:36', '2026-01-29 11:48:36'),
(478, 92, 10, 'PRESENT', '2026-01-29 11:48:36', '2026-01-29 11:48:36'),
(479, 92, 14, 'PRESENT', '2026-01-29 11:48:36', '2026-01-29 11:48:36'),
(480, 92, 17, 'PRESENT', '2026-01-29 11:48:36', '2026-01-29 11:48:36'),
(481, 92, 18, 'PRESENT', '2026-01-29 11:48:36', '2026-01-29 11:48:36'),
(482, 92, 19, 'PRESENT', '2026-01-29 11:48:36', '2026-01-29 11:48:36'),
(483, 92, 21, 'PRESENT', '2026-01-29 11:48:36', '2026-01-29 11:48:36'),
(484, 92, 22, 'PRESENT', '2026-01-29 11:48:36', '2026-01-29 11:48:36'),
(485, 92, 24, 'PRESENT', '2026-01-29 11:48:36', '2026-01-29 11:48:36'),
(486, 92, 25, 'PRESENT', '2026-01-29 11:48:36', '2026-01-29 11:48:36'),
(487, 92, 26, 'PRESENT', '2026-01-29 11:48:36', '2026-01-29 11:48:36'),
(488, 162, 36, 'PRESENT', '2026-02-08 08:57:26', '2026-02-08 12:58:08'),
(489, 162, 38, 'ABSENT', '2026-02-08 08:57:26', '2026-02-08 08:57:26'),
(490, 162, 39, 'ABSENT', '2026-02-08 08:57:26', '2026-02-08 08:57:26'),
(491, 162, 40, 'PRESENT', '2026-02-08 08:57:26', '2026-02-08 12:58:08'),
(492, 162, 34, 'PRESENT', '2026-02-08 08:57:26', '2026-02-08 08:57:26'),
(493, 162, 41, 'PRESENT', '2026-02-08 08:57:26', '2026-02-08 12:58:08'),
(494, 162, 42, 'PRESENT', '2026-02-08 08:57:26', '2026-02-08 08:57:26'),
(495, 162, 35, 'PRESENT', '2026-02-08 08:57:26', '2026-02-08 08:57:26'),
(496, 162, 31, 'ABSENT', '2026-02-08 08:57:26', '2026-02-08 08:57:26'),
(497, 162, 30, 'ABSENT', '2026-02-08 08:57:26', '2026-02-08 08:57:26'),
(498, 162, 33, 'PRESENT', '2026-02-08 08:57:26', '2026-02-08 08:57:46'),
(500, 154, 3, 'PRESENT', '2026-02-08 10:49:56', '2026-02-08 10:49:56'),
(501, 154, 5, 'PRESENT', '2026-02-08 10:49:56', '2026-02-08 10:49:56'),
(502, 154, 6, 'PRESENT', '2026-02-08 10:49:56', '2026-02-08 10:49:56'),
(503, 154, 7, 'PRESENT', '2026-02-08 10:49:56', '2026-02-08 10:49:56'),
(504, 154, 8, 'PRESENT', '2026-02-08 10:49:56', '2026-02-08 10:49:56'),
(505, 154, 9, 'PRESENT', '2026-02-08 10:49:56', '2026-02-08 10:49:56'),
(506, 154, 10, 'PRESENT', '2026-02-08 10:49:56', '2026-02-08 10:49:56'),
(507, 154, 13, 'PRESENT', '2026-02-08 10:49:56', '2026-02-08 10:49:56'),
(508, 154, 14, 'PRESENT', '2026-02-08 10:49:56', '2026-02-08 10:49:56'),
(509, 154, 15, 'PRESENT', '2026-02-08 10:49:56', '2026-02-08 10:49:56'),
(510, 154, 16, 'PRESENT', '2026-02-08 10:49:56', '2026-02-08 10:49:56'),
(511, 154, 17, 'PRESENT', '2026-02-08 10:49:57', '2026-02-08 10:49:57'),
(512, 154, 18, 'PRESENT', '2026-02-08 10:49:57', '2026-02-08 10:49:57'),
(513, 154, 19, 'PRESENT', '2026-02-08 10:49:57', '2026-02-08 10:49:57'),
(514, 154, 20, 'PRESENT', '2026-02-08 10:49:57', '2026-02-08 10:49:57'),
(515, 154, 21, 'PRESENT', '2026-02-08 10:49:57', '2026-02-08 10:49:57'),
(516, 154, 22, 'PRESENT', '2026-02-08 10:49:57', '2026-02-08 10:49:57'),
(517, 154, 24, 'PRESENT', '2026-02-08 10:49:57', '2026-02-08 10:49:57'),
(518, 154, 28, 'PRESENT', '2026-02-08 10:49:57', '2026-02-08 10:49:57'),
(519, 155, 3, 'PRESENT', '2026-02-08 10:51:16', '2026-02-08 10:51:16'),
(520, 155, 5, 'PRESENT', '2026-02-08 10:51:16', '2026-02-08 10:51:16'),
(521, 155, 6, 'PRESENT', '2026-02-08 10:51:16', '2026-02-08 10:51:16'),
(522, 155, 7, 'PRESENT', '2026-02-08 10:51:16', '2026-02-08 10:51:16'),
(523, 155, 8, 'PRESENT', '2026-02-08 10:51:16', '2026-02-08 10:51:16'),
(524, 155, 9, 'PRESENT', '2026-02-08 10:51:16', '2026-02-08 10:51:16'),
(525, 155, 10, 'PRESENT', '2026-02-08 10:51:16', '2026-02-08 10:51:16'),
(526, 155, 13, 'PRESENT', '2026-02-08 10:51:16', '2026-02-08 10:51:16'),
(527, 155, 14, 'PRESENT', '2026-02-08 10:51:16', '2026-02-08 10:51:16'),
(528, 155, 15, 'PRESENT', '2026-02-08 10:51:16', '2026-02-08 10:51:16'),
(529, 155, 16, 'PRESENT', '2026-02-08 10:51:16', '2026-02-08 10:51:16'),
(530, 155, 17, 'PRESENT', '2026-02-08 10:51:16', '2026-02-08 10:51:16'),
(531, 155, 18, 'PRESENT', '2026-02-08 10:51:16', '2026-02-08 10:51:16'),
(532, 155, 19, 'PRESENT', '2026-02-08 10:51:16', '2026-02-08 10:51:16'),
(533, 155, 20, 'PRESENT', '2026-02-08 10:51:16', '2026-02-08 10:51:16'),
(534, 155, 21, 'PRESENT', '2026-02-08 10:51:16', '2026-02-08 10:51:16'),
(535, 155, 22, 'PRESENT', '2026-02-08 10:51:16', '2026-02-08 10:51:16'),
(536, 155, 24, 'PRESENT', '2026-02-08 10:51:16', '2026-02-08 10:51:16'),
(537, 155, 28, 'PRESENT', '2026-02-08 10:51:17', '2026-02-08 10:51:17'),
(538, 134, 3, 'PRESENT', '2026-02-08 12:01:08', '2026-02-08 12:01:08'),
(539, 134, 5, 'PRESENT', '2026-02-08 12:01:08', '2026-02-08 12:01:08'),
(540, 134, 6, 'PRESENT', '2026-02-08 12:01:08', '2026-02-08 12:01:08'),
(541, 134, 7, 'PRESENT', '2026-02-08 12:01:08', '2026-02-08 12:01:08'),
(542, 134, 8, 'PRESENT', '2026-02-08 12:01:08', '2026-02-08 12:01:08'),
(543, 134, 9, 'PRESENT', '2026-02-08 12:01:08', '2026-02-08 12:01:08'),
(544, 134, 10, 'PRESENT', '2026-02-08 12:01:08', '2026-02-08 12:01:08'),
(545, 134, 13, 'PRESENT', '2026-02-08 12:01:08', '2026-02-08 12:01:08'),
(546, 134, 14, 'PRESENT', '2026-02-08 12:01:08', '2026-02-08 12:01:08'),
(547, 134, 15, 'PRESENT', '2026-02-08 12:01:08', '2026-02-08 12:01:08'),
(548, 134, 16, 'PRESENT', '2026-02-08 12:01:08', '2026-02-08 12:01:08'),
(549, 134, 17, 'PRESENT', '2026-02-08 12:01:08', '2026-02-08 12:01:08'),
(550, 134, 18, 'PRESENT', '2026-02-08 12:01:08', '2026-02-08 12:01:08'),
(551, 134, 19, 'PRESENT', '2026-02-08 12:01:08', '2026-02-08 12:01:08'),
(552, 134, 20, 'PRESENT', '2026-02-08 12:01:08', '2026-02-08 12:01:08'),
(553, 134, 21, 'PRESENT', '2026-02-08 12:01:08', '2026-02-08 12:01:08'),
(554, 134, 22, 'PRESENT', '2026-02-08 12:01:08', '2026-02-08 12:01:08'),
(555, 134, 24, 'PRESENT', '2026-02-08 12:01:08', '2026-02-08 12:01:08'),
(556, 134, 28, 'PRESENT', '2026-02-08 12:01:08', '2026-02-08 12:01:08'),
(557, 135, 36, 'PRESENT', '2026-02-08 12:26:03', '2026-02-08 12:26:03'),
(558, 135, 40, 'PRESENT', '2026-02-08 12:26:03', '2026-02-08 12:26:03'),
(559, 135, 34, 'PRESENT', '2026-02-08 12:26:03', '2026-02-08 12:26:03'),
(560, 135, 41, 'PRESENT', '2026-02-08 12:26:03', '2026-02-08 12:26:03'),
(561, 135, 42, 'PRESENT', '2026-02-08 12:26:03', '2026-02-08 12:26:03'),
(562, 135, 35, 'PRESENT', '2026-02-08 12:26:03', '2026-02-08 12:26:03'),
(563, 135, 30, 'PRESENT', '2026-02-08 12:26:03', '2026-02-08 12:26:03'),
(564, 135, 33, 'PRESENT', '2026-02-08 12:26:03', '2026-02-08 12:26:03'),
(565, 136, 36, 'PRESENT', '2026-02-08 12:26:37', '2026-02-08 12:26:37'),
(566, 136, 40, 'PRESENT', '2026-02-08 12:26:37', '2026-02-08 12:26:37'),
(567, 136, 34, 'PRESENT', '2026-02-08 12:26:37', '2026-02-08 12:26:37'),
(568, 136, 41, 'PRESENT', '2026-02-08 12:26:37', '2026-02-08 12:26:37'),
(569, 136, 42, 'PRESENT', '2026-02-08 12:26:37', '2026-02-08 12:26:37'),
(570, 136, 31, 'ABSENT', '2026-02-08 12:26:37', '2026-02-08 12:26:37'),
(571, 136, 35, 'PRESENT', '2026-02-08 12:26:37', '2026-02-08 12:26:37'),
(572, 136, 30, 'PRESENT', '2026-02-08 12:26:37', '2026-02-08 12:26:37'),
(573, 136, 33, 'PRESENT', '2026-02-08 12:26:37', '2026-02-08 12:26:37'),
(577, 163, 36, 'PRESENT', '2026-02-08 12:58:32', '2026-02-08 12:58:32'),
(578, 163, 38, 'ABSENT', '2026-02-08 12:58:32', '2026-02-08 12:58:32'),
(579, 163, 39, 'ABSENT', '2026-02-08 12:58:32', '2026-02-08 12:58:32'),
(580, 163, 40, 'PRESENT', '2026-02-08 12:58:32', '2026-02-08 12:58:32'),
(581, 163, 34, 'PRESENT', '2026-02-08 12:58:32', '2026-02-08 12:58:32'),
(582, 163, 41, 'PRESENT', '2026-02-08 12:58:32', '2026-02-08 12:58:32'),
(583, 163, 42, 'PRESENT', '2026-02-08 12:58:33', '2026-02-08 12:58:33'),
(584, 163, 35, 'PRESENT', '2026-02-08 12:58:33', '2026-02-08 12:58:33'),
(585, 163, 31, 'ABSENT', '2026-02-08 12:58:33', '2026-02-08 12:58:33'),
(586, 163, 30, 'PRESENT', '2026-02-08 12:58:33', '2026-02-08 12:58:33'),
(587, 163, 33, 'PRESENT', '2026-02-08 12:58:33', '2026-02-08 12:58:33'),
(588, 170, 36, 'PRESENT', '2026-02-08 12:58:49', '2026-02-08 12:58:49'),
(589, 170, 38, 'ABSENT', '2026-02-08 12:58:49', '2026-02-08 12:58:49'),
(590, 170, 39, 'ABSENT', '2026-02-08 12:58:49', '2026-02-08 12:58:49'),
(591, 170, 40, 'PRESENT', '2026-02-08 12:58:49', '2026-02-08 12:58:49'),
(592, 170, 34, 'PRESENT', '2026-02-08 12:58:49', '2026-02-08 12:58:49'),
(593, 170, 41, 'PRESENT', '2026-02-08 12:58:49', '2026-02-08 12:58:49'),
(594, 170, 42, 'PRESENT', '2026-02-08 12:58:49', '2026-02-08 12:58:49'),
(595, 170, 35, 'PRESENT', '2026-02-08 12:58:49', '2026-02-08 12:58:49'),
(596, 170, 31, 'ABSENT', '2026-02-08 12:58:50', '2026-02-08 12:58:50'),
(597, 170, 30, 'PRESENT', '2026-02-08 12:58:50', '2026-02-08 12:58:50'),
(598, 170, 33, 'PRESENT', '2026-02-08 12:58:50', '2026-02-08 12:58:50'),
(599, 33, 36, 'ABSENT', '2026-02-08 13:04:56', '2026-02-08 13:04:56'),
(600, 33, 38, 'ABSENT', '2026-02-08 13:04:56', '2026-02-08 13:04:56'),
(601, 33, 39, 'ABSENT', '2026-02-08 13:04:56', '2026-02-08 13:04:56'),
(602, 33, 40, 'ABSENT', '2026-02-08 13:04:56', '2026-02-08 13:04:56'),
(603, 33, 34, 'ABSENT', '2026-02-08 13:04:56', '2026-02-08 13:04:56'),
(604, 33, 41, 'PRESENT', '2026-02-08 13:04:56', '2026-02-08 13:04:56'),
(605, 33, 42, 'ABSENT', '2026-02-08 13:04:56', '2026-02-08 13:04:56'),
(606, 33, 35, 'PRESENT', '2026-02-08 13:04:56', '2026-02-08 13:04:56'),
(607, 33, 31, 'ABSENT', '2026-02-08 13:04:56', '2026-02-08 13:04:56'),
(608, 33, 30, 'PRESENT', '2026-02-08 13:04:56', '2026-02-08 13:04:56'),
(609, 33, 33, 'PRESENT', '2026-02-08 13:04:56', '2026-02-08 13:04:56'),
(610, 36, 38, 'PRESENT', '2026-02-08 13:05:49', '2026-02-08 13:05:49'),
(611, 36, 39, 'PRESENT', '2026-02-08 13:05:49', '2026-02-08 13:05:49'),
(612, 36, 34, 'PRESENT', '2026-02-08 13:05:49', '2026-02-08 13:05:49'),
(613, 36, 41, 'PRESENT', '2026-02-08 13:05:49', '2026-02-08 13:05:49'),
(614, 36, 42, 'PRESENT', '2026-02-08 13:05:49', '2026-02-08 13:05:49'),
(615, 36, 35, 'PRESENT', '2026-02-08 13:05:49', '2026-02-08 13:05:49'),
(616, 36, 31, 'PRESENT', '2026-02-08 13:05:49', '2026-02-08 13:05:49'),
(617, 36, 33, 'PRESENT', '2026-02-08 13:05:49', '2026-02-08 13:05:49'),
(618, 37, 36, 'ABSENT', '2026-02-08 13:06:16', '2026-02-08 13:06:16'),
(619, 37, 38, 'PRESENT', '2026-02-08 13:06:16', '2026-02-08 13:06:16'),
(620, 37, 39, 'PRESENT', '2026-02-08 13:06:16', '2026-02-08 13:06:16'),
(621, 37, 40, 'ABSENT', '2026-02-08 13:06:16', '2026-02-08 13:06:16'),
(622, 37, 34, 'PRESENT', '2026-02-08 13:06:17', '2026-02-08 13:06:17'),
(623, 37, 41, 'PRESENT', '2026-02-08 13:06:17', '2026-02-08 13:06:17'),
(624, 37, 42, 'PRESENT', '2026-02-08 13:06:17', '2026-02-08 13:06:17'),
(625, 37, 35, 'PRESENT', '2026-02-08 13:06:17', '2026-02-08 13:06:17'),
(626, 37, 31, 'PRESENT', '2026-02-08 13:06:17', '2026-02-08 13:06:17'),
(627, 37, 30, 'ABSENT', '2026-02-08 13:06:17', '2026-02-08 13:06:17'),
(628, 37, 33, 'PRESENT', '2026-02-08 13:06:17', '2026-02-08 13:06:17'),
(629, 38, 36, 'ABSENT', '2026-02-08 13:06:41', '2026-02-08 13:06:41'),
(630, 38, 38, 'PRESENT', '2026-02-08 13:06:41', '2026-02-08 13:06:41'),
(631, 38, 39, 'PRESENT', '2026-02-08 13:06:41', '2026-02-08 13:06:41'),
(632, 38, 40, 'ABSENT', '2026-02-08 13:06:41', '2026-02-08 13:06:41'),
(633, 38, 34, 'PRESENT', '2026-02-08 13:06:41', '2026-02-08 13:06:41'),
(634, 38, 41, 'PRESENT', '2026-02-08 13:06:42', '2026-02-08 13:06:42'),
(635, 38, 42, 'PRESENT', '2026-02-08 13:06:42', '2026-02-08 13:06:42'),
(636, 38, 35, 'PRESENT', '2026-02-08 13:06:42', '2026-02-08 13:06:42'),
(637, 38, 31, 'PRESENT', '2026-02-08 13:06:42', '2026-02-08 13:06:42'),
(638, 38, 30, 'ABSENT', '2026-02-08 13:06:42', '2026-02-08 13:06:42'),
(639, 38, 33, 'PRESENT', '2026-02-08 13:06:42', '2026-02-08 13:06:42'),
(640, 39, 36, 'ABSENT', '2026-02-08 13:06:51', '2026-02-08 13:06:51'),
(641, 39, 38, 'PRESENT', '2026-02-08 13:06:51', '2026-02-08 13:06:51');

INSERT INTO `attendance_records` (`attendance_id`, `schedule_id`, `student_id`, `status`, `created_at`, `updated_at`) VALUES
(642, 39, 39, 'PRESENT', '2026-02-08 13:06:51', '2026-02-08 13:06:51'),
(643, 39, 40, 'ABSENT', '2026-02-08 13:06:51', '2026-02-08 13:06:51'),
(644, 39, 34, 'PRESENT', '2026-02-08 13:06:51', '2026-02-08 13:06:51'),
(645, 39, 41, 'PRESENT', '2026-02-08 13:06:51', '2026-02-08 13:06:51'),
(646, 39, 42, 'PRESENT', '2026-02-08 13:06:51', '2026-02-08 13:06:51'),
(647, 39, 35, 'PRESENT', '2026-02-08 13:06:51', '2026-02-08 13:06:51'),
(648, 39, 31, 'PRESENT', '2026-02-08 13:06:52', '2026-02-08 13:06:52'),
(649, 39, 30, 'ABSENT', '2026-02-08 13:06:52', '2026-02-08 13:06:52'),
(650, 39, 33, 'PRESENT', '2026-02-08 13:06:52', '2026-02-08 13:06:52'),
(651, 40, 36, 'ABSENT', '2026-02-08 13:07:44', '2026-02-08 13:07:44'),
(652, 40, 38, 'PRESENT', '2026-02-08 13:07:44', '2026-02-08 13:07:44'),
(653, 40, 39, 'PRESENT', '2026-02-08 13:07:44', '2026-02-08 13:07:44'),
(654, 40, 40, 'ABSENT', '2026-02-08 13:07:44', '2026-02-08 13:07:44'),
(655, 40, 34, 'PRESENT', '2026-02-08 13:07:45', '2026-02-08 13:07:45'),
(656, 40, 41, 'ABSENT', '2026-02-08 13:07:45', '2026-02-08 13:07:45'),
(657, 40, 42, 'ABSENT', '2026-02-08 13:07:45', '2026-02-08 13:07:45'),
(658, 40, 35, 'PRESENT', '2026-02-08 13:07:45', '2026-02-08 13:07:45'),
(659, 40, 31, 'ABSENT', '2026-02-08 13:07:45', '2026-02-08 13:07:45'),
(660, 40, 30, 'ABSENT', '2026-02-08 13:07:45', '2026-02-08 13:07:45'),
(661, 40, 33, 'PRESENT', '2026-02-08 13:07:45', '2026-02-08 13:07:45'),
(662, 41, 38, 'PRESENT', '2026-02-08 13:08:00', '2026-02-08 13:08:00'),
(663, 41, 39, 'PRESENT', '2026-02-08 13:08:00', '2026-02-08 13:08:00'),
(664, 41, 34, 'PRESENT', '2026-02-08 13:08:00', '2026-02-08 13:08:00'),
(665, 41, 35, 'PRESENT', '2026-02-08 13:08:00', '2026-02-08 13:08:00'),
(666, 41, 33, 'PRESENT', '2026-02-08 13:08:00', '2026-02-08 13:08:00'),
(667, 42, 39, 'PRESENT', '2026-02-08 13:08:13', '2026-02-08 13:08:13'),
(668, 42, 38, 'PRESENT', '2026-02-08 13:08:13', '2026-02-08 13:08:13'),
(669, 42, 34, 'PRESENT', '2026-02-08 13:08:13', '2026-02-08 13:08:13'),
(670, 42, 31, 'ABSENT', '2026-02-08 13:08:13', '2026-02-08 13:08:13'),
(671, 42, 35, 'PRESENT', '2026-02-08 13:08:13', '2026-02-08 13:08:13'),
(672, 42, 33, 'PRESENT', '2026-02-08 13:08:13', '2026-02-08 13:08:13'),
(673, 43, 38, 'PRESENT', '2026-02-08 13:08:26', '2026-02-08 13:08:26'),
(675, 43, 39, 'PRESENT', '2026-02-08 13:08:26', '2026-02-08 13:08:26'),
(677, 43, 34, 'PRESENT', '2026-02-08 13:08:26', '2026-02-08 13:08:26'),
(679, 43, 35, 'PRESENT', '2026-02-08 13:08:26', '2026-02-08 13:08:26'),
(681, 43, 33, 'PRESENT', '2026-02-08 13:08:26', '2026-02-08 13:08:26'),
(687, 57, 36, 'PRESENT', '2026-02-08 13:09:35', '2026-02-08 13:09:35'),
(688, 57, 38, 'PRESENT', '2026-02-08 13:09:35', '2026-02-08 13:09:35'),
(689, 57, 39, 'PRESENT', '2026-02-08 13:09:35', '2026-02-08 13:09:35'),
(690, 57, 40, 'PRESENT', '2026-02-08 13:09:35', '2026-02-08 13:09:35'),
(691, 57, 34, 'PRESENT', '2026-02-08 13:09:35', '2026-02-08 13:09:35'),
(692, 57, 41, 'ABSENT', '2026-02-08 13:09:35', '2026-02-08 13:09:35'),
(693, 57, 42, 'PRESENT', '2026-02-08 13:09:35', '2026-02-08 13:09:35'),
(694, 57, 35, 'PRESENT', '2026-02-08 13:09:35', '2026-02-08 13:09:35'),
(695, 57, 31, 'PRESENT', '2026-02-08 13:09:35', '2026-02-08 13:09:35'),
(696, 57, 30, 'PRESENT', '2026-02-08 13:09:35', '2026-02-08 13:09:35'),
(697, 57, 33, 'PRESENT', '2026-02-08 13:09:35', '2026-02-08 13:09:35'),
(698, 54, 36, 'ABSENT', '2026-02-08 13:09:54', '2026-02-08 13:09:54'),
(700, 54, 38, 'ABSENT', '2026-02-08 13:09:54', '2026-02-08 13:09:54'),
(702, 54, 39, 'ABSENT', '2026-02-08 13:09:54', '2026-02-08 13:09:54'),
(704, 54, 40, 'PRESENT', '2026-02-08 13:09:54', '2026-02-08 13:09:54'),
(705, 54, 34, 'PRESENT', '2026-02-08 13:09:54', '2026-02-08 13:09:54'),
(707, 54, 41, 'PRESENT', '2026-02-08 13:09:54', '2026-02-08 13:09:54'),
(709, 54, 42, 'PRESENT', '2026-02-08 13:09:54', '2026-02-08 13:09:54'),
(711, 54, 35, 'PRESENT', '2026-02-08 13:09:54', '2026-02-08 13:09:54'),
(714, 54, 31, 'ABSENT', '2026-02-08 13:09:54', '2026-02-08 13:10:07'),
(716, 54, 30, 'PRESENT', '2026-02-08 13:09:54', '2026-02-08 13:09:54'),
(718, 54, 33, 'PRESENT', '2026-02-08 13:09:54', '2026-02-08 13:09:54'),
(720, 55, 36, 'ABSENT', '2026-02-08 13:10:03', '2026-02-08 13:10:03'),
(721, 55, 38, 'ABSENT', '2026-02-08 13:10:03', '2026-02-08 13:10:03'),
(722, 55, 39, 'ABSENT', '2026-02-08 13:10:03', '2026-02-08 13:10:03'),
(723, 55, 40, 'PRESENT', '2026-02-08 13:10:03', '2026-02-08 13:10:03'),
(724, 55, 34, 'PRESENT', '2026-02-08 13:10:03', '2026-02-08 13:10:03'),
(725, 55, 41, 'PRESENT', '2026-02-08 13:10:03', '2026-02-08 13:10:03'),
(726, 55, 42, 'PRESENT', '2026-02-08 13:10:03', '2026-02-08 13:10:03'),
(727, 55, 35, 'PRESENT', '2026-02-08 13:10:03', '2026-02-08 13:10:03'),
(728, 55, 31, 'ABSENT', '2026-02-08 13:10:03', '2026-02-08 13:10:03'),
(729, 55, 30, 'PRESENT', '2026-02-08 13:10:03', '2026-02-08 13:10:03'),
(730, 55, 33, 'PRESENT', '2026-02-08 13:10:03', '2026-02-08 13:10:03'),
(733, 56, 36, 'ABSENT', '2026-02-08 13:10:14', '2026-02-08 13:10:14'),
(734, 56, 38, 'ABSENT', '2026-02-08 13:10:14', '2026-02-08 13:10:14'),
(735, 56, 39, 'ABSENT', '2026-02-08 13:10:14', '2026-02-08 13:10:14'),
(736, 56, 40, 'PRESENT', '2026-02-08 13:10:14', '2026-02-08 13:10:14'),
(737, 56, 34, 'PRESENT', '2026-02-08 13:10:14', '2026-02-08 13:10:14'),
(738, 56, 41, 'PRESENT', '2026-02-08 13:10:14', '2026-02-08 13:10:14'),
(739, 56, 42, 'PRESENT', '2026-02-08 13:10:14', '2026-02-08 13:10:14'),
(740, 56, 35, 'PRESENT', '2026-02-08 13:10:14', '2026-02-08 13:10:14'),
(741, 56, 31, 'ABSENT', '2026-02-08 13:10:14', '2026-02-08 13:10:14'),
(742, 56, 30, 'PRESENT', '2026-02-08 13:10:14', '2026-02-08 13:10:14'),
(743, 56, 33, 'PRESENT', '2026-02-08 13:10:14', '2026-02-08 13:10:14'),
(744, 116, 40, 'PRESENT', '2026-02-08 13:11:49', '2026-02-08 13:11:49'),
(745, 116, 34, 'PRESENT', '2026-02-08 13:11:49', '2026-02-08 13:11:49'),
(746, 116, 41, 'PRESENT', '2026-02-08 13:11:49', '2026-02-08 13:11:49'),
(747, 116, 42, 'PRESENT', '2026-02-08 13:11:49', '2026-02-08 13:11:49'),
(748, 116, 35, 'PRESENT', '2026-02-08 13:11:49', '2026-02-08 13:11:49'),
(749, 116, 33, 'PRESENT', '2026-02-08 13:11:49', '2026-02-08 13:11:49'),
(750, 116, 36, 'ABSENT', '2026-02-08 13:11:49', '2026-02-08 13:11:49'),
(751, 116, 38, 'ABSENT', '2026-02-08 13:11:49', '2026-02-08 13:11:49'),
(752, 116, 39, 'ABSENT', '2026-02-08 13:11:49', '2026-02-08 13:11:49'),
(753, 116, 31, 'ABSENT', '2026-02-08 13:11:49', '2026-02-08 13:11:49'),
(754, 116, 30, 'ABSENT', '2026-02-08 13:11:49', '2026-02-08 13:11:49'),
(755, 111, 36, 'PRESENT', '2026-02-08 13:12:14', '2026-02-08 13:12:14'),
(756, 111, 38, 'PRESENT', '2026-02-08 13:12:14', '2026-02-08 13:12:14'),
(757, 111, 39, 'ABSENT', '2026-02-08 13:12:14', '2026-02-08 13:12:14'),
(758, 111, 40, 'PRESENT', '2026-02-08 13:12:14', '2026-02-08 13:12:14'),
(759, 111, 34, 'PRESENT', '2026-02-08 13:12:14', '2026-02-08 13:12:14'),
(760, 111, 41, 'ABSENT', '2026-02-08 13:12:14', '2026-02-08 13:12:14'),
(761, 111, 42, 'PRESENT', '2026-02-08 13:12:14', '2026-02-08 13:12:14'),
(762, 111, 35, 'PRESENT', '2026-02-08 13:12:14', '2026-02-08 13:12:14'),
(763, 111, 31, 'PRESENT', '2026-02-08 13:12:14', '2026-02-08 13:12:14'),
(764, 111, 30, 'PRESENT', '2026-02-08 13:12:14', '2026-02-08 13:12:14'),
(765, 111, 33, 'PRESENT', '2026-02-08 13:12:14', '2026-02-08 13:12:14'),
(766, 119, 36, 'PRESENT', '2026-02-08 13:13:09', '2026-02-08 13:13:09'),
(767, 119, 38, 'PRESENT', '2026-02-08 13:13:09', '2026-02-08 13:13:09'),
(768, 119, 39, 'ABSENT', '2026-02-08 13:13:09', '2026-02-08 13:13:09'),
(769, 119, 40, 'PRESENT', '2026-02-08 13:13:09', '2026-02-08 13:13:09'),
(770, 119, 34, 'ABSENT', '2026-02-08 13:13:09', '2026-02-08 13:13:09'),
(771, 119, 41, 'PRESENT', '2026-02-08 13:13:09', '2026-02-08 13:13:09'),
(772, 119, 42, 'PRESENT', '2026-02-08 13:13:09', '2026-02-08 13:13:09'),
(773, 119, 35, 'PRESENT', '2026-02-08 13:13:09', '2026-02-08 13:13:09'),
(774, 119, 31, 'ABSENT', '2026-02-08 13:13:09', '2026-02-08 13:13:09'),
(775, 119, 30, 'PRESENT', '2026-02-08 13:13:09', '2026-02-08 13:13:09'),
(776, 119, 33, 'PRESENT', '2026-02-08 13:13:09', '2026-02-08 13:13:09'),
(777, 120, 36, 'PRESENT', '2026-02-08 13:13:21', '2026-02-08 13:13:21'),
(778, 120, 38, 'PRESENT', '2026-02-08 13:13:21', '2026-02-08 13:13:21'),
(779, 120, 39, 'ABSENT', '2026-02-08 13:13:21', '2026-02-08 13:13:21'),
(780, 120, 40, 'PRESENT', '2026-02-08 13:13:21', '2026-02-08 13:13:21'),
(781, 120, 34, 'ABSENT', '2026-02-08 13:13:21', '2026-02-08 13:13:21'),
(782, 120, 41, 'PRESENT', '2026-02-08 13:13:21', '2026-02-08 13:13:21'),
(783, 120, 42, 'PRESENT', '2026-02-08 13:13:21', '2026-02-08 13:13:21'),
(784, 120, 35, 'PRESENT', '2026-02-08 13:13:21', '2026-02-08 13:13:21'),
(785, 120, 31, 'ABSENT', '2026-02-08 13:13:21', '2026-02-08 13:13:21'),
(786, 120, 30, 'PRESENT', '2026-02-08 13:13:21', '2026-02-08 13:13:21'),
(787, 120, 33, 'PRESENT', '2026-02-08 13:13:21', '2026-02-08 13:13:21'),
(788, 123, 33, 'PRESENT', '2026-02-08 13:13:42', '2026-02-08 13:13:42'),
(789, 123, 35, 'PRESENT', '2026-02-08 13:13:42', '2026-02-08 13:13:42'),
(790, 123, 42, 'PRESENT', '2026-02-08 13:13:42', '2026-02-08 13:13:42'),
(791, 123, 41, 'PRESENT', '2026-02-08 13:13:42', '2026-02-08 13:13:42'),
(792, 123, 34, 'PRESENT', '2026-02-08 13:13:42', '2026-02-08 13:13:42'),
(793, 123, 40, 'PRESENT', '2026-02-08 13:13:42', '2026-02-08 13:13:42'),
(796, 64, 1, 'PRESENT', '2026-02-09 09:25:50', '2026-02-09 09:25:50'),
(797, 64, 5, 'PRESENT', '2026-02-09 09:25:50', '2026-02-09 09:25:50'),
(798, 64, 9, 'PRESENT', '2026-02-09 09:25:50', '2026-02-09 09:25:50'),
(799, 64, 10, 'PRESENT', '2026-02-09 09:25:50', '2026-02-09 09:25:50'),
(800, 64, 11, 'PRESENT', '2026-02-09 09:25:50', '2026-02-09 09:25:50'),
(801, 64, 14, 'PRESENT', '2026-02-09 09:25:50', '2026-02-09 09:25:50'),
(802, 64, 16, 'PRESENT', '2026-02-09 09:25:50', '2026-02-09 09:25:50'),
(803, 64, 17, 'PRESENT', '2026-02-09 09:25:50', '2026-02-09 09:25:50'),
(804, 64, 18, 'PRESENT', '2026-02-09 09:25:50', '2026-02-09 09:25:50'),
(805, 64, 19, 'PRESENT', '2026-02-09 09:25:50', '2026-02-09 09:25:50'),
(806, 64, 21, 'PRESENT', '2026-02-09 09:25:50', '2026-02-09 09:25:50'),
(807, 64, 26, 'PRESENT', '2026-02-09 09:25:50', '2026-02-09 09:25:50'),
(808, 87, 3, 'PRESENT', '2026-02-09 09:27:05', '2026-02-09 09:27:05'),
(809, 87, 5, 'PRESENT', '2026-02-09 09:27:06', '2026-02-09 09:27:06'),
(810, 87, 6, 'PRESENT', '2026-02-09 09:27:06', '2026-02-09 09:27:06'),
(811, 87, 7, 'PRESENT', '2026-02-09 09:27:06', '2026-02-09 09:27:06'),
(812, 87, 11, 'ABSENT', '2026-02-09 09:27:06', '2026-02-09 09:27:06'),
(813, 87, 10, 'PRESENT', '2026-02-09 09:27:06', '2026-02-09 09:27:06'),
(814, 87, 12, 'PRESENT', '2026-02-09 09:27:06', '2026-02-09 09:27:06'),
(815, 87, 13, 'PRESENT', '2026-02-09 09:27:06', '2026-02-09 09:27:06'),
(816, 87, 15, 'PRESENT', '2026-02-09 09:27:06', '2026-02-09 09:27:06'),
(817, 87, 17, 'PRESENT', '2026-02-09 09:27:06', '2026-02-09 09:27:06'),
(818, 87, 18, 'PRESENT', '2026-02-09 09:27:06', '2026-02-09 09:27:06'),
(819, 87, 20, 'PRESENT', '2026-02-09 09:27:06', '2026-02-09 09:27:06'),
(820, 87, 21, 'PRESENT', '2026-02-09 09:27:06', '2026-02-09 09:27:06'),
(821, 87, 24, 'PRESENT', '2026-02-09 09:27:06', '2026-02-09 09:27:06'),
(822, 87, 27, 'PRESENT', '2026-02-09 09:27:06', '2026-02-09 09:27:06'),
(823, 87, 28, 'ABSENT', '2026-02-09 09:27:06', '2026-02-09 09:27:06'),
(824, 87, 26, 'PRESENT', '2026-02-09 09:27:06', '2026-02-09 09:27:06'),
(825, 90, 1, 'PRESENT', '2026-02-09 09:28:03', '2026-02-09 09:28:03'),
(826, 90, 3, 'PRESENT', '2026-02-09 09:28:03', '2026-02-09 09:28:03'),
(827, 90, 6, 'PRESENT', '2026-02-09 09:28:03', '2026-02-09 09:28:03'),
(828, 90, 7, 'PRESENT', '2026-02-09 09:28:03', '2026-02-09 09:28:03'),
(829, 90, 9, 'PRESENT', '2026-02-09 09:28:03', '2026-02-09 09:28:03'),
(830, 90, 10, 'PRESENT', '2026-02-09 09:28:03', '2026-02-09 09:28:03'),
(831, 90, 12, 'PRESENT', '2026-02-09 09:28:03', '2026-02-09 09:28:03'),
(832, 90, 13, 'PRESENT', '2026-02-09 09:28:03', '2026-02-09 09:28:03'),
(833, 90, 14, 'PRESENT', '2026-02-09 09:28:03', '2026-02-09 09:28:03'),
(834, 90, 15, 'PRESENT', '2026-02-09 09:28:03', '2026-02-09 09:28:03'),
(835, 90, 21, 'PRESENT', '2026-02-09 09:28:03', '2026-02-09 09:28:03'),
(836, 90, 20, 'PRESENT', '2026-02-09 09:28:03', '2026-02-09 09:28:03'),
(837, 90, 19, 'PRESENT', '2026-02-09 09:28:03', '2026-02-09 09:28:03'),
(838, 90, 18, 'PRESENT', '2026-02-09 09:28:03', '2026-02-09 09:28:03'),
(839, 90, 17, 'PRESENT', '2026-02-09 09:28:03', '2026-02-09 09:28:03'),
(840, 90, 16, 'PRESENT', '2026-02-09 09:28:03', '2026-02-09 09:28:03'),
(841, 90, 24, 'PRESENT', '2026-02-09 09:28:03', '2026-02-09 09:28:03'),
(842, 90, 27, 'PRESENT', '2026-02-09 09:28:03', '2026-02-09 09:28:03'),
(843, 90, 28, 'PRESENT', '2026-02-09 09:28:03', '2026-02-09 09:28:03'),
(844, 151, 1, 'PRESENT', '2026-02-09 09:28:13', '2026-02-09 09:28:13'),
(845, 151, 3, 'PRESENT', '2026-02-09 09:28:13', '2026-02-09 09:28:13'),
(846, 151, 5, 'PRESENT', '2026-02-09 09:28:13', '2026-02-09 09:28:13'),
(847, 151, 6, 'PRESENT', '2026-02-09 09:28:13', '2026-02-09 09:28:13'),
(848, 151, 8, 'PRESENT', '2026-02-09 09:28:13', '2026-02-09 09:28:13'),
(849, 151, 9, 'PRESENT', '2026-02-09 09:28:13', '2026-02-09 09:28:13'),
(850, 151, 10, 'PRESENT', '2026-02-09 09:28:13', '2026-02-09 09:28:13'),
(851, 151, 12, 'PRESENT', '2026-02-09 09:28:13', '2026-02-09 09:28:13'),
(852, 151, 13, 'PRESENT', '2026-02-09 09:28:13', '2026-02-09 09:28:13'),
(853, 151, 14, 'PRESENT', '2026-02-09 09:28:13', '2026-02-09 09:28:13'),
(854, 151, 15, 'PRESENT', '2026-02-09 09:28:13', '2026-02-09 09:28:13'),
(855, 151, 16, 'PRESENT', '2026-02-09 09:28:13', '2026-02-09 09:28:13'),
(856, 151, 17, 'PRESENT', '2026-02-09 09:28:13', '2026-02-09 09:28:13'),
(857, 151, 18, 'PRESENT', '2026-02-09 09:28:13', '2026-02-09 09:28:13'),
(858, 151, 19, 'PRESENT', '2026-02-09 09:28:13', '2026-02-09 09:28:13'),
(859, 151, 20, 'PRESENT', '2026-02-09 09:28:13', '2026-02-09 09:28:13'),
(860, 151, 21, 'PRESENT', '2026-02-09 09:28:13', '2026-02-09 09:28:13'),
(861, 151, 22, 'PRESENT', '2026-02-09 09:28:13', '2026-02-09 09:28:13'),
(862, 151, 24, 'PRESENT', '2026-02-09 09:28:13', '2026-02-09 09:28:13'),
(863, 151, 25, 'PRESENT', '2026-02-09 09:28:13', '2026-02-09 09:28:13'),
(864, 151, 26, 'PRESENT', '2026-02-09 09:28:13', '2026-02-09 09:28:13'),
(865, 151, 27, 'PRESENT', '2026-02-09 09:28:13', '2026-02-09 09:28:13');

INSERT INTO `attendance_records` (`attendance_id`, `schedule_id`, `student_id`, `status`, `created_at`, `updated_at`) VALUES
(866, 151, 28, 'PRESENT', '2026-02-09 09:28:13', '2026-02-09 09:28:13'),
(867, 124, 34, 'PRESENT', '2026-02-09 09:29:23', '2026-02-09 09:29:23'),
(868, 124, 41, 'PRESENT', '2026-02-09 09:29:23', '2026-02-09 09:29:23'),
(869, 124, 42, 'PRESENT', '2026-02-09 09:29:23', '2026-02-09 09:29:23'),
(870, 124, 35, 'PRESENT', '2026-02-09 09:29:23', '2026-02-09 09:29:23'),
(871, 124, 33, 'PRESENT', '2026-02-09 09:29:23', '2026-02-09 09:29:23'),
(872, 124, 40, 'PRESENT', '2026-02-09 09:29:23', '2026-02-09 09:29:23'),
(873, 121, 36, 'PRESENT', '2026-02-09 09:29:32', '2026-02-09 09:29:32'),
(874, 121, 38, 'PRESENT', '2026-02-09 09:29:32', '2026-02-09 09:29:32'),
(875, 121, 39, 'PRESENT', '2026-02-09 09:29:32', '2026-02-09 09:29:32'),
(876, 121, 40, 'PRESENT', '2026-02-09 09:29:32', '2026-02-09 09:29:32'),
(877, 121, 34, 'PRESENT', '2026-02-09 09:29:32', '2026-02-09 09:29:32'),
(878, 121, 41, 'PRESENT', '2026-02-09 09:29:32', '2026-02-09 09:29:32'),
(879, 121, 42, 'PRESENT', '2026-02-09 09:29:32', '2026-02-09 09:29:32'),
(880, 121, 35, 'PRESENT', '2026-02-09 09:29:32', '2026-02-09 09:29:32'),
(881, 121, 31, 'PRESENT', '2026-02-09 09:29:32', '2026-02-09 09:29:32'),
(882, 121, 30, 'PRESENT', '2026-02-09 09:29:32', '2026-02-09 09:29:32'),
(883, 121, 33, 'PRESENT', '2026-02-09 09:29:32', '2026-02-09 09:29:32'),
(884, 122, 36, 'PRESENT', '2026-02-09 09:29:41', '2026-02-09 09:29:41'),
(885, 122, 38, 'ABSENT', '2026-02-09 09:29:41', '2026-02-09 09:29:41'),
(886, 122, 39, 'ABSENT', '2026-02-09 09:29:41', '2026-02-09 09:29:41'),
(887, 122, 40, 'PRESENT', '2026-02-09 09:29:41', '2026-02-09 09:29:41'),
(888, 122, 34, 'PRESENT', '2026-02-09 09:29:41', '2026-02-09 09:29:41'),
(889, 122, 41, 'PRESENT', '2026-02-09 09:29:41', '2026-02-09 09:29:41'),
(890, 122, 42, 'PRESENT', '2026-02-09 09:29:41', '2026-02-09 09:29:41'),
(891, 122, 35, 'PRESENT', '2026-02-09 09:29:41', '2026-02-09 09:29:41'),
(892, 122, 31, 'PRESENT', '2026-02-09 09:29:41', '2026-02-09 09:29:41'),
(893, 122, 30, 'PRESENT', '2026-02-09 09:29:41', '2026-02-09 09:29:41'),
(894, 122, 33, 'PRESENT', '2026-02-09 09:29:41', '2026-02-09 09:29:41'),
(895, 152, 1, 'PRESENT', '2026-02-09 10:22:01', '2026-02-09 10:22:01'),
(896, 152, 3, 'PRESENT', '2026-02-09 10:22:01', '2026-02-09 10:22:01'),
(897, 152, 4, 'PRESENT', '2026-02-09 10:22:01', '2026-02-09 10:22:01'),
(898, 152, 5, 'PRESENT', '2026-02-09 10:22:01', '2026-02-09 10:22:01'),
(899, 152, 6, 'PRESENT', '2026-02-09 10:22:01', '2026-02-09 10:22:01'),
(900, 152, 8, 'PRESENT', '2026-02-09 10:22:01', '2026-02-09 10:22:01'),
(901, 152, 9, 'PRESENT', '2026-02-09 10:22:01', '2026-02-09 10:22:01'),
(902, 152, 10, 'PRESENT', '2026-02-09 10:22:01', '2026-02-09 10:22:01'),
(903, 152, 11, 'PRESENT', '2026-02-09 10:22:02', '2026-02-09 10:22:02'),
(904, 152, 12, 'PRESENT', '2026-02-09 10:22:02', '2026-02-09 10:22:02'),
(905, 152, 13, 'PRESENT', '2026-02-09 10:22:02', '2026-02-09 10:22:02'),
(906, 152, 14, 'PRESENT', '2026-02-09 10:22:02', '2026-02-09 10:22:02'),
(907, 152, 16, 'PRESENT', '2026-02-09 10:22:02', '2026-02-09 10:22:02'),
(908, 152, 15, 'PRESENT', '2026-02-09 10:22:02', '2026-02-09 10:22:02'),
(909, 152, 18, 'PRESENT', '2026-02-09 10:22:02', '2026-02-09 10:22:02'),
(910, 152, 19, 'PRESENT', '2026-02-09 10:22:02', '2026-02-09 10:22:02'),
(911, 152, 20, 'PRESENT', '2026-02-09 10:22:02', '2026-02-09 10:22:02'),
(912, 152, 21, 'PRESENT', '2026-02-09 10:22:02', '2026-02-09 10:22:02'),
(913, 152, 24, 'PRESENT', '2026-02-09 10:22:02', '2026-02-09 10:22:02'),
(914, 152, 26, 'PRESENT', '2026-02-09 10:22:02', '2026-02-09 10:22:02'),
(915, 152, 27, 'PRESENT', '2026-02-09 10:22:02', '2026-02-09 10:22:02'),
(916, 152, 28, 'PRESENT', '2026-02-09 10:22:02', '2026-02-09 10:22:02'),
(917, 164, 36, 'PRESENT', '2026-02-09 14:08:13', '2026-02-09 14:08:13'),
(918, 164, 40, 'PRESENT', '2026-02-09 14:08:13', '2026-02-09 14:08:13'),
(919, 164, 34, 'PRESENT', '2026-02-09 14:08:13', '2026-02-09 14:08:13'),
(920, 164, 41, 'PRESENT', '2026-02-09 14:08:13', '2026-02-09 14:08:13'),
(921, 164, 42, 'PRESENT', '2026-02-09 14:08:13', '2026-02-09 14:08:13'),
(922, 164, 35, 'PRESENT', '2026-02-09 14:08:13', '2026-02-09 14:08:13'),
(923, 164, 31, 'PRESENT', '2026-02-09 14:08:13', '2026-02-09 14:08:13'),
(924, 164, 30, 'PRESENT', '2026-02-09 14:08:13', '2026-02-09 14:08:13'),
(925, 164, 33, 'PRESENT', '2026-02-09 14:08:13', '2026-02-09 14:08:13'),
(926, 165, 36, 'PRESENT', '2026-02-09 14:08:32', '2026-02-09 14:08:32'),
(927, 165, 38, 'PRESENT', '2026-02-09 14:08:32', '2026-02-09 14:08:32'),
(928, 165, 40, 'PRESENT', '2026-02-09 14:08:32', '2026-02-09 14:08:32'),
(929, 165, 41, 'PRESENT', '2026-02-09 14:08:33', '2026-02-09 14:08:33'),
(930, 165, 34, 'PRESENT', '2026-02-09 14:08:33', '2026-02-09 14:08:33'),
(931, 165, 42, 'PRESENT', '2026-02-09 14:08:33', '2026-02-09 14:08:33'),
(932, 165, 35, 'PRESENT', '2026-02-09 14:08:33', '2026-02-09 14:08:33'),
(933, 165, 31, 'PRESENT', '2026-02-09 14:08:33', '2026-02-09 14:08:33'),
(934, 165, 30, 'PRESENT', '2026-02-09 14:08:33', '2026-02-09 14:08:33'),
(935, 165, 33, 'PRESENT', '2026-02-09 14:08:33', '2026-02-09 14:08:33'),
(936, 153, 1, 'PRESENT', '2026-02-09 15:12:45', '2026-02-09 15:12:45'),
(937, 153, 3, 'PRESENT', '2026-02-09 15:12:45', '2026-02-09 15:12:45'),
(938, 153, 4, 'ABSENT', '2026-02-09 15:12:45', '2026-02-09 15:12:45'),
(939, 153, 7, 'PRESENT', '2026-02-09 15:12:45', '2026-02-09 15:12:45'),
(940, 153, 8, 'PRESENT', '2026-02-09 15:12:45', '2026-02-09 15:12:45'),
(941, 153, 9, 'PRESENT', '2026-02-09 15:12:45', '2026-02-09 15:12:45'),
(942, 153, 10, 'PRESENT', '2026-02-09 15:12:45', '2026-02-09 15:12:45'),
(943, 153, 13, 'PRESENT', '2026-02-09 15:12:45', '2026-02-09 15:12:45'),
(944, 153, 14, 'PRESENT', '2026-02-09 15:12:45', '2026-02-09 15:12:45'),
(945, 153, 16, 'PRESENT', '2026-02-09 15:12:45', '2026-02-09 15:12:45'),
(946, 153, 18, 'PRESENT', '2026-02-09 15:12:45', '2026-02-09 15:12:45'),
(947, 153, 17, 'ABSENT', '2026-02-09 15:12:45', '2026-02-09 15:12:45'),
(948, 153, 19, 'PRESENT', '2026-02-09 15:12:45', '2026-02-09 15:12:45'),
(949, 153, 20, 'PRESENT', '2026-02-09 15:12:45', '2026-02-09 15:12:45'),
(950, 153, 21, 'PRESENT', '2026-02-09 15:12:45', '2026-02-09 15:12:45'),
(951, 153, 25, 'PRESENT', '2026-02-09 15:12:45', '2026-02-09 15:12:45'),
(952, 175, 38, 'PRESENT', '2026-02-10 09:30:16', '2026-02-10 09:30:16'),
(953, 175, 40, 'PRESENT', '2026-02-10 09:30:16', '2026-02-10 09:30:16'),
(954, 175, 34, 'PRESENT', '2026-02-10 09:30:16', '2026-02-10 09:30:16'),
(955, 175, 42, 'PRESENT', '2026-02-10 09:30:16', '2026-02-10 09:30:16'),
(956, 175, 35, 'PRESENT', '2026-02-10 09:30:16', '2026-02-10 09:30:16'),
(957, 175, 33, 'PRESENT', '2026-02-10 09:30:16', '2026-02-10 09:30:16'),
(958, 175, 36, 'PRESENT', '2026-02-10 09:33:32', '2026-02-10 09:33:32'),
(959, 175, 39, 'PRESENT', '2026-02-10 09:36:05', '2026-02-10 09:36:05'),
(960, 175, 41, 'PRESENT', '2026-02-10 09:38:08', '2026-02-10 09:38:08'),
(961, 175, 31, 'PRESENT', '2026-02-10 09:43:06', '2026-02-10 09:43:06'),
(962, 127, 7, 'PRESENT', '2026-02-10 09:55:22', '2026-02-10 09:55:22'),
(963, 127, 9, 'PRESENT', '2026-02-10 09:55:22', '2026-02-10 09:55:22'),
(964, 127, 10, 'PRESENT', '2026-02-10 09:55:22', '2026-02-10 09:55:22'),
(965, 127, 16, 'PRESENT', '2026-02-10 09:55:22', '2026-02-10 09:55:22'),
(966, 127, 18, 'PRESENT', '2026-02-10 09:55:22', '2026-02-10 09:55:22'),
(967, 127, 19, 'PRESENT', '2026-02-10 09:55:22', '2026-02-10 09:55:22'),
(968, 127, 20, 'PRESENT', '2026-02-10 09:55:22', '2026-02-10 09:55:22'),
(969, 127, 21, 'PRESENT', '2026-02-10 09:55:22', '2026-02-10 09:55:22'),
(970, 127, 22, 'PRESENT', '2026-02-10 09:55:22', '2026-02-10 09:55:22'),
(971, 127, 14, 'PRESENT', '2026-02-10 09:55:22', '2026-02-10 09:55:22'),
(972, 127, 6, 'PRESENT', '2026-02-10 09:55:22', '2026-02-10 09:55:22'),
(973, 176, 36, 'PRESENT', '2026-02-10 10:57:58', '2026-02-10 10:57:58'),
(974, 176, 38, 'PRESENT', '2026-02-10 10:57:58', '2026-02-10 10:57:58'),
(975, 176, 39, 'PRESENT', '2026-02-10 10:57:58', '2026-02-10 10:57:58'),
(976, 176, 40, 'PRESENT', '2026-02-10 10:57:58', '2026-02-10 10:57:58'),
(977, 176, 34, 'PRESENT', '2026-02-10 10:57:58', '2026-02-10 10:57:58'),
(978, 176, 41, 'PRESENT', '2026-02-10 10:57:58', '2026-02-10 10:57:58'),
(979, 176, 42, 'PRESENT', '2026-02-10 10:57:58', '2026-02-10 10:57:58'),
(980, 176, 35, 'PRESENT', '2026-02-10 10:57:58', '2026-02-10 10:57:58'),
(981, 176, 31, 'PRESENT', '2026-02-10 10:57:58', '2026-02-10 10:57:58'),
(982, 176, 30, 'PRESENT', '2026-02-10 10:57:58', '2026-02-10 10:57:58'),
(983, 176, 33, 'PRESENT', '2026-02-10 10:57:58', '2026-02-10 10:57:58'),
(984, 177, 36, 'PRESENT', '2026-02-10 11:00:34', '2026-02-10 11:00:36'),
(985, 177, 38, 'PRESENT', '2026-02-10 11:00:34', '2026-02-10 11:00:37'),
(986, 177, 39, 'PRESENT', '2026-02-10 11:00:34', '2026-02-10 11:00:37'),
(987, 177, 40, 'PRESENT', '2026-02-10 11:00:35', '2026-02-10 11:00:37'),
(988, 177, 34, 'PRESENT', '2026-02-10 11:00:36', '2026-02-10 11:00:38'),
(989, 177, 41, 'PRESENT', '2026-02-10 11:00:36', '2026-02-10 11:00:38'),
(990, 177, 42, 'PRESENT', '2026-02-10 11:00:36', '2026-02-10 11:00:38'),
(992, 177, 35, 'PRESENT', '2026-02-10 11:00:37', '2026-02-10 11:00:39'),
(994, 177, 31, 'PRESENT', '2026-02-10 11:00:37', '2026-02-10 11:00:39'),
(996, 177, 30, 'PRESENT', '2026-02-10 11:00:37', '2026-02-10 11:00:41'),
(998, 177, 33, 'PRESENT', '2026-02-10 11:00:38', '2026-02-10 11:00:42'),
(1006, 178, 36, 'PRESENT', '2026-02-10 11:05:54', '2026-02-10 11:05:54'),
(1007, 178, 38, 'PRESENT', '2026-02-10 11:05:55', '2026-02-10 11:05:55'),
(1008, 178, 40, 'PRESENT', '2026-02-10 11:05:55', '2026-02-10 11:05:55'),
(1009, 178, 34, 'PRESENT', '2026-02-10 11:05:56', '2026-02-10 11:05:56'),
(1010, 178, 41, 'PRESENT', '2026-02-10 11:05:57', '2026-02-10 11:05:57'),
(1011, 178, 42, 'PRESENT', '2026-02-10 11:05:57', '2026-02-10 11:05:57'),
(1012, 178, 35, 'PRESENT', '2026-02-10 11:05:57', '2026-02-10 11:05:57'),
(1013, 178, 31, 'PRESENT', '2026-02-10 11:05:58', '2026-02-10 11:05:58'),
(1014, 178, 30, 'PRESENT', '2026-02-10 11:05:59', '2026-02-10 11:05:59'),
(1015, 178, 33, 'PRESENT', '2026-02-10 11:05:59', '2026-02-10 11:05:59'),
(1016, 128, 1, 'PRESENT', '2026-02-10 11:39:55', '2026-02-10 11:39:55'),
(1017, 128, 6, 'PRESENT', '2026-02-10 11:39:55', '2026-02-10 11:39:55'),
(1018, 128, 7, 'PRESENT', '2026-02-10 11:39:55', '2026-02-10 11:39:55'),
(1019, 128, 9, 'PRESENT', '2026-02-10 11:39:55', '2026-02-10 11:39:55'),
(1020, 128, 10, 'PRESENT', '2026-02-10 11:39:55', '2026-02-10 11:39:55'),
(1021, 128, 11, 'PRESENT', '2026-02-10 11:39:55', '2026-02-10 11:39:55'),
(1022, 128, 12, 'PRESENT', '2026-02-10 11:39:55', '2026-02-10 11:39:55'),
(1023, 128, 14, 'PRESENT', '2026-02-10 11:39:55', '2026-02-10 11:39:55'),
(1024, 128, 16, 'PRESENT', '2026-02-10 11:39:55', '2026-02-10 11:39:55'),
(1025, 128, 17, 'PRESENT', '2026-02-10 11:39:55', '2026-02-10 11:39:55'),
(1026, 128, 18, 'PRESENT', '2026-02-10 11:39:55', '2026-02-10 11:39:55'),
(1027, 128, 19, 'PRESENT', '2026-02-10 11:39:55', '2026-02-10 11:39:55'),
(1028, 128, 20, 'PRESENT', '2026-02-10 11:39:55', '2026-02-10 11:39:55'),
(1029, 128, 21, 'PRESENT', '2026-02-10 11:39:55', '2026-02-10 11:39:55'),
(1030, 128, 22, 'PRESENT', '2026-02-10 11:39:55', '2026-02-10 11:39:55'),
(1031, 128, 24, 'PRESENT', '2026-02-10 11:39:55', '2026-02-10 11:39:55'),
(1032, 128, 8, 'PRESENT', '2026-02-10 11:39:55', '2026-02-10 11:39:55'),
(1033, 132, 1, 'PRESENT', '2026-02-10 13:46:53', '2026-02-10 13:46:56'),
(1035, 132, 2, 'ABSENT', '2026-02-10 13:46:54', '2026-02-10 13:46:56'),
(1037, 132, 3, 'ABSENT', '2026-02-10 13:46:54', '2026-02-10 13:46:56'),
(1039, 132, 4, 'ABSENT', '2026-02-10 13:46:55', '2026-02-10 13:46:56'),
(1041, 132, 5, 'ABSENT', '2026-02-10 13:46:55', '2026-02-10 13:46:56'),
(1043, 132, 6, 'ABSENT', '2026-02-10 13:46:55', '2026-02-10 13:46:56'),
(1045, 132, 7, 'ABSENT', '2026-02-10 13:46:55', '2026-02-10 13:46:57'),
(1047, 132, 8, 'PRESENT', '2026-02-10 13:46:56', '2026-02-10 13:46:57'),
(1050, 132, 9, 'PRESENT', '2026-02-10 13:46:56', '2026-02-10 13:46:57'),
(1053, 132, 10, 'PRESENT', '2026-02-10 13:46:56', '2026-02-10 13:46:57'),
(1056, 132, 11, 'ABSENT', '2026-02-10 13:46:56', '2026-02-10 13:46:57'),
(1059, 132, 12, 'ABSENT', '2026-02-10 13:46:56', '2026-02-10 13:46:57'),
(1062, 132, 13, 'PRESENT', '2026-02-10 13:46:56', '2026-02-10 13:46:57'),
(1065, 132, 14, 'PRESENT', '2026-02-10 13:46:56', '2026-02-10 13:46:57'),
(1068, 132, 15, 'ABSENT', '2026-02-10 13:46:57', '2026-02-10 13:46:58'),
(1070, 132, 16, 'PRESENT', '2026-02-10 13:46:57', '2026-02-10 13:46:58'),
(1072, 132, 17, 'PRESENT', '2026-02-10 13:46:57', '2026-02-10 13:46:58'),
(1074, 132, 18, 'PRESENT', '2026-02-10 13:46:57', '2026-02-10 13:46:58'),
(1076, 132, 19, 'PRESENT', '2026-02-10 13:46:57', '2026-02-10 13:46:58'),
(1078, 132, 20, 'PRESENT', '2026-02-10 13:46:57', '2026-02-10 13:46:58'),
(1081, 132, 21, 'PRESENT', '2026-02-10 13:46:57', '2026-02-10 13:46:58'),
(1084, 132, 22, 'PRESENT', '2026-02-10 13:46:57', '2026-02-10 13:46:58'),
(1087, 132, 23, 'ABSENT', '2026-02-10 13:46:57', '2026-02-10 13:46:58'),
(1089, 132, 24, 'PRESENT', '2026-02-10 13:46:58', '2026-02-10 13:46:59'),
(1092, 132, 25, 'ABSENT', '2026-02-10 13:46:58', '2026-02-10 13:46:59'),
(1095, 132, 26, 'ABSENT', '2026-02-10 13:46:58', '2026-02-10 13:46:59'),
(1099, 132, 27, 'ABSENT', '2026-02-10 13:46:58', '2026-02-10 13:46:59'),
(1102, 132, 28, 'ABSENT', '2026-02-10 13:46:58', '2026-02-10 13:46:59'),
(1105, 132, 29, 'ABSENT', '2026-02-10 13:46:58', '2026-02-10 13:47:00'),
(1120, 133, 1, 'ABSENT', '2026-02-10 16:01:18', '2026-02-10 16:02:02'),
(1121, 133, 2, 'ABSENT', '2026-02-10 16:01:18', '2026-02-10 16:02:02'),
(1122, 133, 3, 'ABSENT', '2026-02-10 16:01:18', '2026-02-10 16:02:03'),
(1123, 133, 4, 'ABSENT', '2026-02-10 16:01:18', '2026-02-10 16:02:03'),
(1124, 133, 5, 'ABSENT', '2026-02-10 16:01:18', '2026-02-10 16:02:03'),
(1125, 133, 6, 'ABSENT', '2026-02-10 16:01:18', '2026-02-10 16:02:03'),
(1126, 133, 7, 'ABSENT', '2026-02-10 16:01:18', '2026-02-10 16:02:03'),
(1127, 133, 8, 'ABSENT', '2026-02-10 16:01:18', '2026-02-10 16:02:03'),
(1128, 133, 9, 'ABSENT', '2026-02-10 16:01:18', '2026-02-10 16:02:03'),
(1129, 133, 10, 'ABSENT', '2026-02-10 16:01:18', '2026-02-10 16:02:03'),
(1130, 133, 11, 'ABSENT', '2026-02-10 16:01:18', '2026-02-10 16:02:03'),
(1131, 133, 12, 'ABSENT', '2026-02-10 16:01:19', '2026-02-10 16:02:03'),
(1132, 133, 13, 'ABSENT', '2026-02-10 16:01:19', '2026-02-10 16:02:03'),
(1133, 133, 14, 'ABSENT', '2026-02-10 16:01:19', '2026-02-10 16:02:03'),
(1134, 133, 15, 'ABSENT', '2026-02-10 16:01:19', '2026-02-10 16:02:03');

INSERT INTO `attendance_records` (`attendance_id`, `schedule_id`, `student_id`, `status`, `created_at`, `updated_at`) VALUES
(1135, 133, 16, 'PRESENT', '2026-02-10 16:01:19', '2026-02-10 16:02:03'),
(1138, 133, 17, 'ABSENT', '2026-02-10 16:01:19', '2026-02-10 16:02:03'),
(1140, 133, 18, 'PRESENT', '2026-02-10 16:01:19', '2026-02-10 16:02:03'),
(1142, 133, 19, 'ABSENT', '2026-02-10 16:01:19', '2026-02-10 16:02:03'),
(1144, 133, 20, 'PRESENT', '2026-02-10 16:01:19', '2026-02-10 16:02:03'),
(1146, 133, 21, 'PRESENT', '2026-02-10 16:01:19', '2026-02-10 16:02:04'),
(1148, 133, 22, 'ABSENT', '2026-02-10 16:01:19', '2026-02-10 16:02:04'),
(1150, 133, 23, 'ABSENT', '2026-02-10 16:01:19', '2026-02-10 16:02:04'),
(1152, 133, 24, 'ABSENT', '2026-02-10 16:01:19', '2026-02-10 16:02:04'),
(1154, 133, 25, 'ABSENT', '2026-02-10 16:01:19', '2026-02-10 16:02:04'),
(1156, 133, 26, 'ABSENT', '2026-02-10 16:01:19', '2026-02-10 16:02:04'),
(1158, 133, 27, 'ABSENT', '2026-02-10 16:01:19', '2026-02-10 16:02:04'),
(1160, 133, 28, 'ABSENT', '2026-02-10 16:01:19', '2026-02-10 16:02:04'),
(1162, 133, 29, 'ABSENT', '2026-02-10 16:01:19', '2026-02-10 16:02:04'),
(1265, 146, 36, 'PRESENT', '2026-02-11 09:21:42', '2026-02-11 09:21:42'),
(1266, 146, 38, 'ABSENT', '2026-02-11 09:21:42', '2026-02-11 09:21:42'),
(1267, 146, 39, 'ABSENT', '2026-02-11 09:21:42', '2026-02-11 09:21:42'),
(1268, 146, 40, 'ABSENT', '2026-02-11 09:21:42', '2026-02-11 09:21:42'),
(1269, 146, 34, 'ABSENT', '2026-02-11 09:21:42', '2026-02-11 09:21:42'),
(1270, 146, 41, 'PRESENT', '2026-02-11 09:21:42', '2026-02-11 09:21:42'),
(1271, 146, 42, 'PRESENT', '2026-02-11 09:21:42', '2026-02-11 09:21:42'),
(1272, 146, 35, 'PRESENT', '2026-02-11 09:21:42', '2026-02-11 09:21:42'),
(1273, 146, 31, 'ABSENT', '2026-02-11 09:21:42', '2026-02-11 09:21:42'),
(1274, 146, 30, 'ABSENT', '2026-02-11 09:21:42', '2026-02-11 09:21:42'),
(1275, 146, 33, 'ABSENT', '2026-02-11 09:21:43', '2026-02-11 09:21:43'),
(1276, 179, 36, 'PRESENT', '2026-02-11 12:52:39', '2026-02-11 12:52:39'),
(1277, 179, 38, 'PRESENT', '2026-02-11 12:52:39', '2026-02-11 12:52:39'),
(1278, 179, 39, 'PRESENT', '2026-02-11 12:52:39', '2026-02-11 12:52:39'),
(1279, 179, 40, 'PRESENT', '2026-02-11 12:52:40', '2026-02-11 12:52:40'),
(1280, 179, 41, 'PRESENT', '2026-02-11 12:52:40', '2026-02-11 12:52:40'),
(1281, 179, 42, 'PRESENT', '2026-02-11 12:52:41', '2026-02-11 12:52:41'),
(1282, 179, 35, 'PRESENT', '2026-02-11 12:52:41', '2026-02-11 12:52:41'),
(1283, 179, 31, 'PRESENT', '2026-02-11 12:52:41', '2026-02-11 12:52:41'),
(1284, 179, 30, 'PRESENT', '2026-02-11 12:52:43', '2026-02-11 12:52:43'),
(1285, 179, 33, 'PRESENT', '2026-02-11 12:52:45', '2026-02-11 12:52:45'),
(1286, 147, 36, 'PRESENT', '2026-02-11 13:12:19', '2026-02-11 13:12:19'),
(1287, 147, 38, 'ABSENT', '2026-02-11 13:12:19', '2026-02-11 13:12:19'),
(1288, 147, 39, 'ABSENT', '2026-02-11 13:12:19', '2026-02-11 13:12:19'),
(1289, 147, 40, 'PRESENT', '2026-02-11 13:12:19', '2026-02-11 13:12:19'),
(1290, 147, 34, 'ABSENT', '2026-02-11 13:12:19', '2026-02-11 13:12:19'),
(1291, 147, 41, 'ABSENT', '2026-02-11 13:12:19', '2026-02-11 13:12:19'),
(1292, 147, 42, 'PRESENT', '2026-02-11 13:12:19', '2026-02-11 13:12:19'),
(1293, 147, 35, 'PRESENT', '2026-02-11 13:12:19', '2026-02-11 13:12:19'),
(1294, 147, 31, 'PRESENT', '2026-02-11 13:12:19', '2026-02-11 13:12:19'),
(1295, 147, 30, 'PRESENT', '2026-02-11 13:12:19', '2026-02-11 13:12:19'),
(1296, 147, 33, 'PRESENT', '2026-02-11 13:12:19', '2026-02-11 13:12:19'),
(1297, 167, 1, 'PRESENT', '2026-02-11 13:12:57', '2026-02-11 13:12:57'),
(1298, 167, 3, 'PRESENT', '2026-02-11 13:12:57', '2026-02-11 13:12:57'),
(1299, 167, 5, 'PRESENT', '2026-02-11 13:12:57', '2026-02-11 13:12:57'),
(1300, 167, 6, 'PRESENT', '2026-02-11 13:12:57', '2026-02-11 13:12:57'),
(1301, 167, 7, 'PRESENT', '2026-02-11 13:12:57', '2026-02-11 13:12:57'),
(1302, 167, 9, 'PRESENT', '2026-02-11 13:12:57', '2026-02-11 13:12:57'),
(1303, 167, 10, 'PRESENT', '2026-02-11 13:12:57', '2026-02-11 13:12:57'),
(1304, 167, 12, 'PRESENT', '2026-02-11 13:12:57', '2026-02-11 13:12:57'),
(1305, 167, 13, 'PRESENT', '2026-02-11 13:12:57', '2026-02-11 13:12:57'),
(1306, 167, 14, 'PRESENT', '2026-02-11 13:12:57', '2026-02-11 13:12:57'),
(1307, 167, 15, 'PRESENT', '2026-02-11 13:12:57', '2026-02-11 13:12:57'),
(1308, 167, 16, 'PRESENT', '2026-02-11 13:12:57', '2026-02-11 13:12:57'),
(1309, 167, 17, 'PRESENT', '2026-02-11 13:12:57', '2026-02-11 13:12:57'),
(1310, 167, 19, 'PRESENT', '2026-02-11 13:12:57', '2026-02-11 13:12:57'),
(1311, 167, 20, 'PRESENT', '2026-02-11 13:12:57', '2026-02-11 13:12:57'),
(1312, 167, 21, 'PRESENT', '2026-02-11 13:12:57', '2026-02-11 13:12:57'),
(1313, 167, 22, 'PRESENT', '2026-02-11 13:12:57', '2026-02-11 13:12:57'),
(1314, 167, 24, 'PRESENT', '2026-02-11 13:12:57', '2026-02-11 13:12:57'),
(1315, 167, 26, 'PRESENT', '2026-02-11 13:12:57', '2026-02-11 13:12:57'),
(1316, 167, 27, 'PRESENT', '2026-02-11 13:12:57', '2026-02-11 13:12:57'),
(1317, 167, 8, 'PRESENT', '2026-02-11 13:14:09', '2026-02-11 13:14:09'),
(1318, 167, 4, 'PRESENT', '2026-02-11 13:15:05', '2026-02-11 13:15:05'),
(1319, 167, 28, 'PRESENT', '2026-02-11 13:15:05', '2026-02-11 13:15:05'),
(1320, 171, 36, 'PRESENT', '2026-02-11 14:19:48', '2026-02-11 14:19:48'),
(1321, 171, 38, 'PRESENT', '2026-02-11 14:19:48', '2026-02-11 14:19:48'),
(1322, 171, 39, 'PRESENT', '2026-02-11 14:19:48', '2026-02-11 14:19:48'),
(1323, 171, 40, 'PRESENT', '2026-02-11 14:19:48', '2026-02-11 14:19:48'),
(1324, 171, 34, 'ABSENT', '2026-02-11 14:19:48', '2026-02-11 14:19:48'),
(1325, 171, 41, 'PRESENT', '2026-02-11 14:19:48', '2026-02-11 14:19:48'),
(1326, 171, 42, 'PRESENT', '2026-02-11 14:19:48', '2026-02-11 14:19:48'),
(1327, 171, 35, 'PRESENT', '2026-02-11 14:19:48', '2026-02-11 14:19:48'),
(1328, 171, 31, 'PRESENT', '2026-02-11 14:19:48', '2026-02-11 14:19:48'),
(1329, 171, 30, 'PRESENT', '2026-02-11 14:19:48', '2026-02-11 14:19:48'),
(1330, 171, 33, 'PRESENT', '2026-02-11 14:19:48', '2026-02-11 14:19:48'),
(1331, 172, 36, 'PRESENT', '2026-02-11 14:22:01', '2026-02-11 14:22:01'),
(1332, 172, 38, 'PRESENT', '2026-02-11 14:22:01', '2026-02-11 14:22:01'),
(1333, 172, 39, 'PRESENT', '2026-02-11 14:22:01', '2026-02-11 14:22:01'),
(1334, 172, 40, 'PRESENT', '2026-02-11 14:22:01', '2026-02-11 14:22:01'),
(1335, 172, 34, 'ABSENT', '2026-02-11 14:22:01', '2026-02-11 14:22:01'),
(1336, 172, 41, 'PRESENT', '2026-02-11 14:22:01', '2026-02-11 14:22:01'),
(1337, 172, 42, 'PRESENT', '2026-02-11 14:22:02', '2026-02-11 14:22:02'),
(1338, 172, 35, 'PRESENT', '2026-02-11 14:22:02', '2026-02-11 14:22:02'),
(1339, 172, 31, 'PRESENT', '2026-02-11 14:22:02', '2026-02-11 14:22:02'),
(1340, 172, 30, 'PRESENT', '2026-02-11 14:22:02', '2026-02-11 14:22:02'),
(1341, 172, 33, 'PRESENT', '2026-02-11 14:22:02', '2026-02-11 14:22:02'),
(1342, 168, 1, 'PRESENT', '2026-02-11 15:14:01', '2026-02-11 15:14:01'),
(1343, 168, 3, 'PRESENT', '2026-02-11 15:14:01', '2026-02-11 15:14:01'),
(1344, 168, 4, 'PRESENT', '2026-02-11 15:14:01', '2026-02-11 15:14:01'),
(1345, 168, 5, 'PRESENT', '2026-02-11 15:14:01', '2026-02-11 15:14:01'),
(1346, 168, 6, 'PRESENT', '2026-02-11 15:14:01', '2026-02-11 15:14:01'),
(1347, 168, 7, 'PRESENT', '2026-02-11 15:14:02', '2026-02-11 15:14:02'),
(1348, 168, 8, 'PRESENT', '2026-02-11 15:14:02', '2026-02-11 15:14:02'),
(1349, 168, 9, 'PRESENT', '2026-02-11 15:14:02', '2026-02-11 15:14:02'),
(1350, 168, 10, 'PRESENT', '2026-02-11 15:14:02', '2026-02-11 15:14:02'),
(1351, 168, 12, 'PRESENT', '2026-02-11 15:14:02', '2026-02-11 15:14:02'),
(1352, 168, 13, 'PRESENT', '2026-02-11 15:14:02', '2026-02-11 15:14:02'),
(1353, 168, 14, 'PRESENT', '2026-02-11 15:14:02', '2026-02-11 15:14:02'),
(1354, 168, 15, 'PRESENT', '2026-02-11 15:14:02', '2026-02-11 15:14:02'),
(1355, 168, 16, 'PRESENT', '2026-02-11 15:14:02', '2026-02-11 15:14:02'),
(1356, 168, 17, 'PRESENT', '2026-02-11 15:14:02', '2026-02-11 15:14:02'),
(1357, 168, 18, 'PRESENT', '2026-02-11 15:14:02', '2026-02-11 15:14:02'),
(1358, 168, 19, 'PRESENT', '2026-02-11 15:14:02', '2026-02-11 15:14:02'),
(1359, 168, 20, 'PRESENT', '2026-02-11 15:14:02', '2026-02-11 15:14:02'),
(1360, 168, 21, 'PRESENT', '2026-02-11 15:14:02', '2026-02-11 15:14:02'),
(1361, 168, 24, 'PRESENT', '2026-02-11 15:14:02', '2026-02-11 15:14:02'),
(1362, 168, 25, 'PRESENT', '2026-02-11 15:14:02', '2026-02-11 15:14:02'),
(1363, 168, 26, 'PRESENT', '2026-02-11 15:14:02', '2026-02-11 15:14:02'),
(1364, 168, 27, 'PRESENT', '2026-02-11 15:14:02', '2026-02-11 15:14:02'),
(1365, 168, 28, 'PRESENT', '2026-02-11 15:14:02', '2026-02-11 15:14:02'),
(1366, 14, 1, 'ABSENT', '2026-02-12 09:57:50', '2026-02-12 09:57:50'),
(1367, 14, 2, 'ABSENT', '2026-02-12 09:57:50', '2026-02-12 09:57:50'),
(1368, 14, 3, 'PRESENT', '2026-02-12 09:57:50', '2026-02-12 09:57:50'),
(1369, 14, 4, 'ABSENT', '2026-02-12 09:57:50', '2026-02-12 09:57:50'),
(1370, 14, 5, 'PRESENT', '2026-02-12 09:57:50', '2026-02-12 09:57:50'),
(1371, 14, 6, 'PRESENT', '2026-02-12 09:57:50', '2026-02-12 09:57:50'),
(1372, 14, 7, 'PRESENT', '2026-02-12 09:57:50', '2026-02-12 09:57:50'),
(1373, 14, 8, 'PRESENT', '2026-02-12 09:57:50', '2026-02-12 09:57:50'),
(1374, 14, 9, 'PRESENT', '2026-02-12 09:57:50', '2026-02-12 09:57:50'),
(1375, 14, 10, 'PRESENT', '2026-02-12 09:57:50', '2026-02-12 09:57:50'),
(1376, 14, 11, 'PRESENT', '2026-02-12 09:57:50', '2026-02-12 09:57:50'),
(1377, 14, 12, 'ABSENT', '2026-02-12 09:57:50', '2026-02-12 09:57:50'),
(1378, 14, 13, 'PRESENT', '2026-02-12 09:57:50', '2026-02-12 09:57:50'),
(1379, 14, 14, 'ABSENT', '2026-02-12 09:57:50', '2026-02-12 09:57:50'),
(1380, 14, 15, 'PRESENT', '2026-02-12 09:57:50', '2026-02-12 09:57:50'),
(1381, 14, 16, 'ABSENT', '2026-02-12 09:57:50', '2026-02-12 09:57:50'),
(1382, 14, 17, 'PRESENT', '2026-02-12 09:57:50', '2026-02-12 09:57:50'),
(1383, 14, 18, 'PRESENT', '2026-02-12 09:57:50', '2026-02-12 09:57:50'),
(1384, 14, 19, 'PRESENT', '2026-02-12 09:57:50', '2026-02-12 09:57:50'),
(1385, 14, 20, 'PRESENT', '2026-02-12 09:57:50', '2026-02-12 09:57:50'),
(1386, 14, 21, 'PRESENT', '2026-02-12 09:57:50', '2026-02-12 09:57:50'),
(1387, 14, 22, 'PRESENT', '2026-02-12 09:57:50', '2026-02-12 09:57:50'),
(1388, 14, 23, 'ABSENT', '2026-02-12 09:57:50', '2026-02-12 09:57:50'),
(1389, 14, 24, 'PRESENT', '2026-02-12 09:57:50', '2026-02-12 09:57:50'),
(1390, 14, 25, 'ABSENT', '2026-02-12 09:57:50', '2026-02-12 09:57:50'),
(1391, 14, 26, 'ABSENT', '2026-02-12 09:57:50', '2026-02-12 09:57:50'),
(1392, 14, 27, 'ABSENT', '2026-02-12 09:57:50', '2026-02-12 09:57:50'),
(1393, 14, 28, 'PRESENT', '2026-02-12 09:57:50', '2026-02-12 09:57:50'),
(1394, 14, 29, 'ABSENT', '2026-02-12 09:57:50', '2026-02-12 09:57:50'),
(1395, 15, 1, 'ABSENT', '2026-02-12 09:59:36', '2026-02-12 09:59:36'),
(1396, 15, 2, 'ABSENT', '2026-02-12 09:59:36', '2026-02-12 09:59:36'),
(1397, 15, 3, 'PRESENT', '2026-02-12 09:59:36', '2026-02-12 09:59:36'),
(1398, 15, 4, 'ABSENT', '2026-02-12 09:59:36', '2026-02-12 09:59:36'),
(1399, 15, 5, 'PRESENT', '2026-02-12 09:59:36', '2026-02-12 09:59:36'),
(1400, 15, 6, 'PRESENT', '2026-02-12 09:59:36', '2026-02-12 09:59:36'),
(1401, 15, 7, 'PRESENT', '2026-02-12 09:59:36', '2026-02-12 09:59:36'),
(1402, 15, 8, 'PRESENT', '2026-02-12 09:59:36', '2026-02-12 09:59:36'),
(1403, 15, 9, 'PRESENT', '2026-02-12 09:59:36', '2026-02-12 09:59:36'),
(1404, 15, 10, 'PRESENT', '2026-02-12 09:59:36', '2026-02-12 09:59:36'),
(1405, 15, 11, 'PRESENT', '2026-02-12 09:59:36', '2026-02-12 09:59:36'),
(1406, 15, 12, 'ABSENT', '2026-02-12 09:59:36', '2026-02-12 09:59:36'),
(1407, 15, 13, 'PRESENT', '2026-02-12 09:59:36', '2026-02-12 09:59:36'),
(1408, 15, 14, 'ABSENT', '2026-02-12 09:59:36', '2026-02-12 09:59:36'),
(1409, 15, 15, 'PRESENT', '2026-02-12 09:59:36', '2026-02-12 09:59:36'),
(1410, 15, 16, 'ABSENT', '2026-02-12 09:59:36', '2026-02-12 09:59:36'),
(1411, 15, 17, 'PRESENT', '2026-02-12 09:59:36', '2026-02-12 09:59:36'),
(1412, 15, 18, 'PRESENT', '2026-02-12 09:59:36', '2026-02-12 09:59:36'),
(1413, 15, 19, 'PRESENT', '2026-02-12 09:59:36', '2026-02-12 09:59:36'),
(1414, 15, 20, 'PRESENT', '2026-02-12 09:59:36', '2026-02-12 09:59:36'),
(1415, 15, 21, 'PRESENT', '2026-02-12 09:59:36', '2026-02-12 09:59:36'),
(1416, 15, 22, 'PRESENT', '2026-02-12 09:59:36', '2026-02-12 09:59:36'),
(1417, 15, 23, 'ABSENT', '2026-02-12 09:59:36', '2026-02-12 09:59:36'),
(1418, 15, 24, 'PRESENT', '2026-02-12 09:59:36', '2026-02-12 09:59:36'),
(1419, 15, 25, 'ABSENT', '2026-02-12 09:59:36', '2026-02-12 09:59:36'),
(1420, 15, 26, 'ABSENT', '2026-02-12 09:59:36', '2026-02-12 09:59:36'),
(1421, 15, 27, 'ABSENT', '2026-02-12 09:59:36', '2026-02-12 09:59:36'),
(1422, 15, 28, 'PRESENT', '2026-02-12 09:59:36', '2026-02-12 09:59:36'),
(1423, 15, 29, 'ABSENT', '2026-02-12 09:59:36', '2026-02-12 09:59:36'),
(1424, 62, 1, 'PRESENT', '2026-02-12 10:06:24', '2026-02-12 10:06:24'),
(1425, 62, 2, 'ABSENT', '2026-02-12 10:06:24', '2026-02-12 10:06:24'),
(1426, 62, 3, 'PRESENT', '2026-02-12 10:06:24', '2026-02-12 10:06:24'),
(1427, 62, 4, 'ABSENT', '2026-02-12 10:06:24', '2026-02-12 10:06:24'),
(1428, 62, 5, 'PRESENT', '2026-02-12 10:06:24', '2026-02-12 10:06:24'),
(1429, 62, 6, 'PRESENT', '2026-02-12 10:06:24', '2026-02-12 10:06:24'),
(1430, 62, 7, 'ABSENT', '2026-02-12 10:06:24', '2026-02-12 10:06:24'),
(1431, 62, 8, 'PRESENT', '2026-02-12 10:06:24', '2026-02-12 10:06:24'),
(1432, 62, 9, 'PRESENT', '2026-02-12 10:06:24', '2026-02-12 10:06:24'),
(1433, 62, 10, 'ABSENT', '2026-02-12 10:06:24', '2026-02-12 10:06:24'),
(1434, 62, 11, 'ABSENT', '2026-02-12 10:06:24', '2026-02-12 10:06:24'),
(1435, 62, 12, 'PRESENT', '2026-02-12 10:06:24', '2026-02-12 10:06:24'),
(1436, 62, 13, 'ABSENT', '2026-02-12 10:06:24', '2026-02-12 10:06:24'),
(1437, 62, 14, 'PRESENT', '2026-02-12 10:06:24', '2026-02-12 10:06:24'),
(1438, 62, 15, 'PRESENT', '2026-02-12 10:06:24', '2026-02-12 10:06:24'),
(1439, 62, 16, 'ABSENT', '2026-02-12 10:06:24', '2026-02-12 10:06:24'),
(1440, 62, 17, 'PRESENT', '2026-02-12 10:06:24', '2026-02-12 10:06:24'),
(1441, 62, 18, 'PRESENT', '2026-02-12 10:06:24', '2026-02-12 10:06:24'),
(1442, 62, 19, 'PRESENT', '2026-02-12 10:06:24', '2026-02-12 10:06:24'),
(1443, 62, 20, 'PRESENT', '2026-02-12 10:06:24', '2026-02-12 10:06:24'),
(1444, 62, 21, 'PRESENT', '2026-02-12 10:06:24', '2026-02-12 10:06:24'),
(1445, 62, 22, 'PRESENT', '2026-02-12 10:06:24', '2026-02-12 10:06:24'),
(1446, 62, 23, 'ABSENT', '2026-02-12 10:06:24', '2026-02-12 10:06:24'),
(1447, 62, 24, 'PRESENT', '2026-02-12 10:06:24', '2026-02-12 10:06:24'),
(1448, 62, 25, 'PRESENT', '2026-02-12 10:06:24', '2026-02-12 10:06:24'),
(1449, 62, 26, 'PRESENT', '2026-02-12 10:06:24', '2026-02-12 10:06:24'),
(1450, 62, 27, 'ABSENT', '2026-02-12 10:06:24', '2026-02-12 10:06:24');

INSERT INTO `attendance_records` (`attendance_id`, `schedule_id`, `student_id`, `status`, `created_at`, `updated_at`) VALUES
(1451, 62, 28, 'ABSENT', '2026-02-12 10:06:24', '2026-02-12 10:06:24'),
(1452, 62, 29, 'ABSENT', '2026-02-12 10:06:24', '2026-02-12 10:06:24'),
(1453, 63, 1, 'PRESENT', '2026-02-12 10:06:25', '2026-02-12 10:06:25'),
(1454, 63, 2, 'ABSENT', '2026-02-12 10:06:25', '2026-02-12 10:06:25'),
(1455, 63, 3, 'PRESENT', '2026-02-12 10:06:25', '2026-02-12 10:06:25'),
(1456, 63, 4, 'ABSENT', '2026-02-12 10:06:25', '2026-02-12 10:06:25'),
(1457, 63, 5, 'PRESENT', '2026-02-12 10:06:25', '2026-02-12 10:06:25'),
(1458, 63, 6, 'PRESENT', '2026-02-12 10:06:25', '2026-02-12 10:06:25'),
(1459, 63, 7, 'ABSENT', '2026-02-12 10:06:25', '2026-02-12 10:06:25'),
(1460, 63, 8, 'PRESENT', '2026-02-12 10:06:25', '2026-02-12 10:06:25'),
(1461, 63, 9, 'PRESENT', '2026-02-12 10:06:25', '2026-02-12 10:06:25'),
(1462, 63, 10, 'ABSENT', '2026-02-12 10:06:25', '2026-02-12 10:06:25'),
(1463, 63, 11, 'ABSENT', '2026-02-12 10:06:25', '2026-02-12 10:06:25'),
(1464, 63, 12, 'PRESENT', '2026-02-12 10:06:25', '2026-02-12 10:06:25'),
(1465, 63, 13, 'ABSENT', '2026-02-12 10:06:25', '2026-02-12 10:06:25'),
(1466, 63, 14, 'PRESENT', '2026-02-12 10:06:25', '2026-02-12 10:06:25'),
(1467, 63, 15, 'PRESENT', '2026-02-12 10:06:25', '2026-02-12 10:06:25'),
(1468, 63, 16, 'ABSENT', '2026-02-12 10:06:25', '2026-02-12 10:06:25'),
(1469, 63, 17, 'PRESENT', '2026-02-12 10:06:25', '2026-02-12 10:06:25'),
(1470, 63, 18, 'PRESENT', '2026-02-12 10:06:25', '2026-02-12 10:06:25'),
(1471, 63, 19, 'PRESENT', '2026-02-12 10:06:25', '2026-02-12 10:06:25'),
(1472, 63, 20, 'PRESENT', '2026-02-12 10:06:25', '2026-02-12 10:06:25'),
(1473, 63, 21, 'PRESENT', '2026-02-12 10:06:25', '2026-02-12 10:06:25'),
(1474, 63, 22, 'PRESENT', '2026-02-12 10:06:25', '2026-02-12 10:06:25'),
(1475, 63, 23, 'ABSENT', '2026-02-12 10:06:25', '2026-02-12 10:06:25'),
(1476, 63, 24, 'PRESENT', '2026-02-12 10:06:25', '2026-02-12 10:06:25'),
(1477, 63, 25, 'PRESENT', '2026-02-12 10:06:25', '2026-02-12 10:06:25'),
(1478, 63, 26, 'PRESENT', '2026-02-12 10:06:25', '2026-02-12 10:06:25'),
(1479, 63, 27, 'ABSENT', '2026-02-12 10:06:25', '2026-02-12 10:06:25'),
(1480, 63, 28, 'ABSENT', '2026-02-12 10:06:25', '2026-02-12 10:06:25'),
(1481, 63, 29, 'ABSENT', '2026-02-12 10:06:25', '2026-02-12 10:06:25'),
(1482, 83, 6, 'PRESENT', '2026-02-12 10:08:58', '2026-02-12 10:08:58'),
(1483, 83, 7, 'PRESENT', '2026-02-12 10:08:58', '2026-02-12 10:08:58'),
(1484, 83, 8, 'PRESENT', '2026-02-12 10:08:58', '2026-02-12 10:08:58'),
(1485, 83, 10, 'PRESENT', '2026-02-12 10:08:58', '2026-02-12 10:08:58'),
(1486, 83, 12, 'PRESENT', '2026-02-12 10:08:58', '2026-02-12 10:08:58'),
(1487, 83, 14, 'PRESENT', '2026-02-12 10:08:58', '2026-02-12 10:08:58'),
(1488, 83, 13, 'PRESENT', '2026-02-12 10:08:58', '2026-02-12 10:08:58'),
(1489, 83, 15, 'PRESENT', '2026-02-12 10:08:58', '2026-02-12 10:08:58'),
(1490, 83, 18, 'PRESENT', '2026-02-12 10:08:58', '2026-02-12 10:08:58'),
(1491, 83, 20, 'PRESENT', '2026-02-12 10:08:58', '2026-02-12 10:08:58'),
(1492, 83, 21, 'PRESENT', '2026-02-12 10:08:58', '2026-02-12 10:08:58'),
(1493, 83, 24, 'ABSENT', '2026-02-12 10:08:58', '2026-02-12 10:08:58'),
(1494, 83, 25, 'PRESENT', '2026-02-12 10:08:59', '2026-02-12 10:08:59'),
(1495, 83, 27, 'PRESENT', '2026-02-12 10:08:59', '2026-02-12 10:08:59'),
(1496, 84, 6, 'PRESENT', '2026-02-12 10:08:59', '2026-02-12 10:08:59'),
(1497, 84, 7, 'PRESENT', '2026-02-12 10:08:59', '2026-02-12 10:08:59'),
(1498, 84, 8, 'PRESENT', '2026-02-12 10:08:59', '2026-02-12 10:08:59'),
(1499, 84, 10, 'PRESENT', '2026-02-12 10:08:59', '2026-02-12 10:08:59'),
(1500, 84, 12, 'PRESENT', '2026-02-12 10:08:59', '2026-02-12 10:08:59'),
(1501, 84, 13, 'PRESENT', '2026-02-12 10:08:59', '2026-02-12 10:08:59'),
(1502, 84, 14, 'PRESENT', '2026-02-12 10:08:59', '2026-02-12 10:08:59'),
(1503, 84, 15, 'PRESENT', '2026-02-12 10:08:59', '2026-02-12 10:08:59'),
(1504, 84, 18, 'PRESENT', '2026-02-12 10:08:59', '2026-02-12 10:08:59'),
(1505, 84, 20, 'PRESENT', '2026-02-12 10:08:59', '2026-02-12 10:08:59'),
(1506, 84, 21, 'PRESENT', '2026-02-12 10:08:59', '2026-02-12 10:08:59'),
(1507, 84, 24, 'ABSENT', '2026-02-12 10:08:59', '2026-02-12 10:08:59'),
(1508, 84, 25, 'PRESENT', '2026-02-12 10:08:59', '2026-02-12 10:08:59'),
(1509, 84, 27, 'PRESENT', '2026-02-12 10:08:59', '2026-02-12 10:08:59'),
(1510, 94, 6, 'PRESENT', '2026-02-12 10:09:15', '2026-02-12 10:09:15'),
(1511, 94, 7, 'PRESENT', '2026-02-12 10:09:15', '2026-02-12 10:09:15'),
(1512, 94, 8, 'PRESENT', '2026-02-12 10:09:15', '2026-02-12 10:09:15'),
(1513, 94, 10, 'PRESENT', '2026-02-12 10:09:15', '2026-02-12 10:09:15'),
(1514, 94, 12, 'PRESENT', '2026-02-12 10:09:15', '2026-02-12 10:09:15'),
(1515, 94, 13, 'PRESENT', '2026-02-12 10:09:15', '2026-02-12 10:09:15'),
(1516, 94, 14, 'PRESENT', '2026-02-12 10:09:15', '2026-02-12 10:09:15'),
(1517, 94, 15, 'PRESENT', '2026-02-12 10:09:15', '2026-02-12 10:09:15'),
(1518, 94, 18, 'PRESENT', '2026-02-12 10:09:15', '2026-02-12 10:09:15'),
(1519, 94, 20, 'PRESENT', '2026-02-12 10:09:15', '2026-02-12 10:09:15'),
(1520, 94, 21, 'PRESENT', '2026-02-12 10:09:15', '2026-02-12 10:09:15'),
(1521, 94, 24, 'ABSENT', '2026-02-12 10:09:15', '2026-02-12 10:09:15'),
(1522, 94, 25, 'PRESENT', '2026-02-12 10:09:15', '2026-02-12 10:10:42'),
(1523, 94, 27, 'ABSENT', '2026-02-12 10:09:15', '2026-02-12 10:10:42'),
(1524, 94, 1, 'PRESENT', '2026-02-12 10:09:31', '2026-02-12 10:09:31'),
(1525, 84, 1, 'PRESENT', '2026-02-12 10:09:34', '2026-02-12 10:09:34'),
(1526, 94, 19, 'PRESENT', '2026-02-12 10:10:42', '2026-02-12 10:10:42'),
(1527, 94, 26, 'PRESENT', '2026-02-12 10:10:42', '2026-02-12 10:10:42'),
(1530, 95, 1, 'PRESENT', '2026-02-12 10:10:43', '2026-02-12 10:10:43'),
(1531, 95, 6, 'PRESENT', '2026-02-12 10:10:43', '2026-02-12 10:10:43'),
(1532, 95, 7, 'PRESENT', '2026-02-12 10:10:43', '2026-02-12 10:10:43'),
(1533, 95, 8, 'PRESENT', '2026-02-12 10:10:43', '2026-02-12 10:10:43'),
(1534, 95, 10, 'PRESENT', '2026-02-12 10:10:43', '2026-02-12 10:10:43'),
(1535, 95, 12, 'PRESENT', '2026-02-12 10:10:43', '2026-02-12 10:10:43'),
(1536, 95, 13, 'PRESENT', '2026-02-12 10:10:43', '2026-02-12 10:10:43'),
(1537, 95, 14, 'PRESENT', '2026-02-12 10:10:43', '2026-02-12 10:10:43'),
(1538, 95, 15, 'PRESENT', '2026-02-12 10:10:43', '2026-02-12 10:10:43'),
(1539, 95, 18, 'PRESENT', '2026-02-12 10:10:43', '2026-02-12 10:10:43'),
(1540, 95, 19, 'PRESENT', '2026-02-12 10:10:43', '2026-02-12 10:10:43'),
(1541, 95, 20, 'PRESENT', '2026-02-12 10:10:43', '2026-02-12 10:10:43'),
(1542, 95, 21, 'PRESENT', '2026-02-12 10:10:43', '2026-02-12 10:10:43'),
(1543, 95, 24, 'ABSENT', '2026-02-12 10:10:43', '2026-02-12 10:10:43'),
(1544, 95, 25, 'PRESENT', '2026-02-12 10:10:43', '2026-02-12 10:10:43'),
(1545, 95, 26, 'PRESENT', '2026-02-12 10:10:43', '2026-02-12 10:10:43'),
(1546, 95, 27, 'ABSENT', '2026-02-12 10:10:43', '2026-02-12 10:10:43'),
(1547, 130, 1, 'ABSENT', '2026-02-12 10:11:36', '2026-02-12 10:11:36'),
(1548, 130, 2, 'ABSENT', '2026-02-12 10:11:37', '2026-02-12 10:11:37'),
(1549, 130, 3, 'PRESENT', '2026-02-12 10:11:37', '2026-02-12 10:11:37'),
(1550, 130, 4, 'ABSENT', '2026-02-12 10:11:37', '2026-02-12 10:11:37'),
(1551, 130, 5, 'PRESENT', '2026-02-12 10:11:37', '2026-02-12 10:11:37'),
(1552, 130, 6, 'PRESENT', '2026-02-12 10:11:37', '2026-02-12 10:11:37'),
(1553, 130, 7, 'PRESENT', '2026-02-12 10:11:37', '2026-02-12 10:11:37'),
(1554, 130, 8, 'PRESENT', '2026-02-12 10:11:37', '2026-02-12 10:11:37'),
(1555, 130, 9, 'PRESENT', '2026-02-12 10:11:37', '2026-02-12 10:11:37'),
(1556, 130, 10, 'PRESENT', '2026-02-12 10:11:37', '2026-02-12 10:11:37'),
(1557, 130, 11, 'ABSENT', '2026-02-12 10:11:37', '2026-02-12 10:11:37'),
(1558, 130, 12, 'PRESENT', '2026-02-12 10:11:37', '2026-02-12 10:11:37'),
(1559, 130, 13, 'PRESENT', '2026-02-12 10:11:37', '2026-02-12 10:11:37'),
(1560, 130, 14, 'PRESENT', '2026-02-12 10:11:37', '2026-02-12 10:11:37'),
(1561, 130, 15, 'PRESENT', '2026-02-12 10:11:37', '2026-02-12 10:11:37'),
(1562, 130, 16, 'PRESENT', '2026-02-12 10:11:37', '2026-02-12 10:11:37'),
(1563, 130, 17, 'PRESENT', '2026-02-12 10:11:37', '2026-02-12 10:11:37'),
(1564, 130, 18, 'PRESENT', '2026-02-12 10:11:37', '2026-02-12 10:11:37'),
(1565, 130, 19, 'PRESENT', '2026-02-12 10:11:37', '2026-02-12 10:11:37'),
(1566, 130, 20, 'PRESENT', '2026-02-12 10:11:37', '2026-02-12 10:11:37'),
(1567, 130, 21, 'ABSENT', '2026-02-12 10:11:37', '2026-02-12 10:11:37'),
(1568, 130, 22, 'ABSENT', '2026-02-12 10:11:37', '2026-02-12 10:11:37'),
(1569, 130, 23, 'PRESENT', '2026-02-12 10:11:37', '2026-02-12 10:11:37'),
(1570, 130, 24, 'PRESENT', '2026-02-12 10:11:37', '2026-02-12 10:11:37'),
(1571, 130, 25, 'PRESENT', '2026-02-12 10:11:37', '2026-02-12 10:11:37'),
(1572, 130, 26, 'PRESENT', '2026-02-12 10:11:37', '2026-02-12 10:11:37'),
(1573, 130, 27, 'PRESENT', '2026-02-12 10:11:37', '2026-02-12 10:11:37'),
(1574, 130, 28, 'ABSENT', '2026-02-12 10:11:37', '2026-02-12 10:11:37'),
(1575, 130, 29, 'ABSENT', '2026-02-12 10:11:37', '2026-02-12 10:11:37'),
(1576, 131, 1, 'ABSENT', '2026-02-12 10:11:38', '2026-02-12 10:11:38'),
(1577, 131, 2, 'ABSENT', '2026-02-12 10:11:38', '2026-02-12 10:11:38'),
(1578, 131, 3, 'PRESENT', '2026-02-12 10:11:38', '2026-02-12 10:11:38'),
(1579, 131, 4, 'ABSENT', '2026-02-12 10:11:38', '2026-02-12 10:11:38'),
(1580, 131, 5, 'PRESENT', '2026-02-12 10:11:38', '2026-02-12 10:11:38'),
(1581, 131, 6, 'PRESENT', '2026-02-12 10:11:38', '2026-02-12 10:11:38'),
(1582, 131, 7, 'PRESENT', '2026-02-12 10:11:38', '2026-02-12 10:11:38'),
(1583, 131, 8, 'PRESENT', '2026-02-12 10:11:38', '2026-02-12 10:11:38'),
(1584, 131, 9, 'PRESENT', '2026-02-12 10:11:38', '2026-02-12 10:11:38'),
(1585, 131, 10, 'PRESENT', '2026-02-12 10:11:38', '2026-02-12 10:11:38'),
(1586, 131, 11, 'ABSENT', '2026-02-12 10:11:38', '2026-02-12 10:11:38'),
(1587, 131, 12, 'PRESENT', '2026-02-12 10:11:38', '2026-02-12 10:11:38'),
(1588, 131, 13, 'PRESENT', '2026-02-12 10:11:38', '2026-02-12 10:11:38'),
(1589, 131, 14, 'PRESENT', '2026-02-12 10:11:38', '2026-02-12 10:11:38'),
(1590, 131, 15, 'PRESENT', '2026-02-12 10:11:38', '2026-02-12 10:11:38'),
(1591, 131, 16, 'PRESENT', '2026-02-12 10:11:38', '2026-02-12 10:11:38'),
(1592, 131, 17, 'PRESENT', '2026-02-12 10:11:38', '2026-02-12 10:11:38'),
(1593, 131, 18, 'PRESENT', '2026-02-12 10:11:38', '2026-02-12 10:11:38'),
(1594, 131, 19, 'PRESENT', '2026-02-12 10:11:38', '2026-02-12 10:11:38'),
(1595, 131, 20, 'PRESENT', '2026-02-12 10:11:38', '2026-02-12 10:11:38'),
(1596, 131, 21, 'ABSENT', '2026-02-12 10:11:38', '2026-02-12 10:11:38'),
(1597, 131, 22, 'ABSENT', '2026-02-12 10:11:38', '2026-02-12 10:11:38'),
(1598, 131, 23, 'PRESENT', '2026-02-12 10:11:38', '2026-02-12 10:11:38'),
(1599, 131, 24, 'PRESENT', '2026-02-12 10:11:38', '2026-02-12 10:11:38'),
(1600, 131, 25, 'PRESENT', '2026-02-12 10:11:38', '2026-02-12 10:11:38'),
(1601, 131, 26, 'PRESENT', '2026-02-12 10:11:38', '2026-02-12 10:11:38'),
(1602, 131, 27, 'PRESENT', '2026-02-12 10:11:38', '2026-02-12 10:11:38'),
(1603, 131, 28, 'ABSENT', '2026-02-12 10:11:38', '2026-02-12 10:11:38'),
(1604, 131, 29, 'ABSENT', '2026-02-12 10:11:38', '2026-02-12 10:11:38'),
(1605, 183, 1, 'ABSENT', '2026-02-12 10:19:34', '2026-02-12 10:19:34'),
(1606, 183, 2, 'ABSENT', '2026-02-12 10:19:34', '2026-02-12 10:19:34'),
(1607, 183, 3, 'ABSENT', '2026-02-12 10:19:34', '2026-02-12 10:19:34'),
(1608, 183, 4, 'ABSENT', '2026-02-12 10:19:34', '2026-02-12 10:19:34'),
(1609, 183, 5, 'ABSENT', '2026-02-12 10:19:34', '2026-02-12 10:19:34'),
(1610, 183, 6, 'ABSENT', '2026-02-12 10:19:34', '2026-02-12 10:19:34'),
(1611, 183, 7, 'PRESENT', '2026-02-12 10:19:34', '2026-02-12 10:19:34'),
(1612, 183, 8, 'ABSENT', '2026-02-12 10:19:34', '2026-02-12 10:19:34'),
(1613, 183, 9, 'PRESENT', '2026-02-12 10:19:34', '2026-02-12 10:19:34'),
(1614, 183, 10, 'ABSENT', '2026-02-12 10:19:34', '2026-02-12 10:19:34'),
(1615, 183, 11, 'ABSENT', '2026-02-12 10:19:34', '2026-02-12 10:19:34'),
(1616, 183, 12, 'ABSENT', '2026-02-12 10:19:34', '2026-02-12 10:19:34'),
(1617, 183, 13, 'ABSENT', '2026-02-12 10:19:34', '2026-02-12 10:19:34'),
(1618, 183, 14, 'ABSENT', '2026-02-12 10:19:34', '2026-02-12 10:19:34'),
(1619, 183, 15, 'PRESENT', '2026-02-12 10:19:34', '2026-02-12 10:19:34'),
(1620, 183, 16, 'PRESENT', '2026-02-12 10:19:34', '2026-02-12 10:19:34'),
(1621, 183, 17, 'PRESENT', '2026-02-12 10:19:34', '2026-02-12 10:19:34'),
(1622, 183, 18, 'PRESENT', '2026-02-12 10:19:34', '2026-02-12 10:19:34'),
(1623, 183, 19, 'PRESENT', '2026-02-12 10:19:34', '2026-02-12 10:19:34'),
(1624, 183, 20, 'PRESENT', '2026-02-12 10:19:34', '2026-02-12 10:19:34'),
(1625, 183, 21, 'PRESENT', '2026-02-12 10:19:35', '2026-02-12 10:19:35'),
(1626, 183, 22, 'PRESENT', '2026-02-12 10:19:35', '2026-02-12 10:19:35'),
(1627, 183, 23, 'ABSENT', '2026-02-12 10:19:35', '2026-02-12 10:19:35'),
(1628, 183, 24, 'ABSENT', '2026-02-12 10:19:35', '2026-02-12 10:19:35'),
(1629, 183, 25, 'ABSENT', '2026-02-12 10:19:35', '2026-02-12 10:19:35'),
(1630, 183, 26, 'ABSENT', '2026-02-12 10:19:35', '2026-02-12 10:19:35'),
(1631, 183, 27, 'ABSENT', '2026-02-12 10:19:35', '2026-02-12 10:19:35'),
(1632, 183, 28, 'PRESENT', '2026-02-12 10:19:35', '2026-02-12 10:19:35'),
(1633, 183, 29, 'ABSENT', '2026-02-12 10:19:35', '2026-02-12 10:19:35'),
(1634, 143, 36, 'ABSENT', '2026-02-12 10:55:40', '2026-02-12 10:55:40'),
(1635, 143, 38, 'PRESENT', '2026-02-12 10:55:40', '2026-02-12 10:55:40'),
(1636, 143, 39, 'ABSENT', '2026-02-12 10:55:40', '2026-02-12 10:55:40'),
(1637, 143, 40, 'ABSENT', '2026-02-12 10:55:40', '2026-02-12 10:55:40'),
(1638, 143, 34, 'PRESENT', '2026-02-12 10:55:40', '2026-02-12 10:55:40'),
(1639, 143, 41, 'PRESENT', '2026-02-12 10:55:40', '2026-02-12 10:55:40'),
(1640, 143, 42, 'PRESENT', '2026-02-12 10:55:40', '2026-02-12 10:55:40'),
(1641, 143, 35, 'PRESENT', '2026-02-12 10:55:40', '2026-02-12 10:55:40'),
(1642, 143, 31, 'ABSENT', '2026-02-12 10:55:40', '2026-02-12 10:55:40'),
(1643, 143, 30, 'ABSENT', '2026-02-12 10:55:40', '2026-02-12 10:55:40'),
(1644, 143, 33, 'PRESENT', '2026-02-12 10:55:40', '2026-02-12 10:55:40'),
(1645, 144, 36, 'ABSENT', '2026-02-12 10:56:05', '2026-02-12 10:56:05'),
(1646, 144, 38, 'PRESENT', '2026-02-12 10:56:06', '2026-02-12 10:56:06'),
(1647, 144, 39, 'ABSENT', '2026-02-12 10:56:06', '2026-02-12 10:56:06'),
(1648, 144, 40, 'ABSENT', '2026-02-12 10:56:06', '2026-02-12 10:56:06'),
(1649, 144, 34, 'PRESENT', '2026-02-12 10:56:06', '2026-02-12 10:56:06'),
(1650, 144, 41, 'PRESENT', '2026-02-12 10:56:06', '2026-02-12 10:56:06'),
(1651, 144, 42, 'PRESENT', '2026-02-12 10:56:06', '2026-02-12 10:56:06'),
(1652, 144, 35, 'PRESENT', '2026-02-12 10:56:06', '2026-02-12 10:56:06');

INSERT INTO `attendance_records` (`attendance_id`, `schedule_id`, `student_id`, `status`, `created_at`, `updated_at`) VALUES
(1653, 144, 31, 'PRESENT', '2026-02-12 10:56:06', '2026-02-12 10:57:23'),
(1654, 144, 30, 'ABSENT', '2026-02-12 10:56:06', '2026-02-12 10:56:06'),
(1655, 144, 33, 'PRESENT', '2026-02-12 10:56:06', '2026-02-12 10:56:06'),
(1656, 169, 36, 'ABSENT', '2026-02-12 10:56:53', '2026-02-12 10:56:53'),
(1657, 169, 38, 'PRESENT', '2026-02-12 10:56:53', '2026-02-12 10:56:53'),
(1658, 169, 39, 'ABSENT', '2026-02-12 10:56:54', '2026-02-12 10:56:54'),
(1659, 169, 40, 'ABSENT', '2026-02-12 10:56:54', '2026-02-12 10:56:54'),
(1660, 169, 34, 'PRESENT', '2026-02-12 10:56:54', '2026-02-12 10:56:54'),
(1661, 169, 41, 'PRESENT', '2026-02-12 10:56:54', '2026-02-12 10:56:54'),
(1662, 169, 42, 'PRESENT', '2026-02-12 10:56:54', '2026-02-12 10:56:54'),
(1663, 169, 35, 'PRESENT', '2026-02-12 10:56:54', '2026-02-12 10:56:54'),
(1664, 169, 31, 'PRESENT', '2026-02-12 10:56:54', '2026-02-12 10:56:54'),
(1665, 169, 30, 'ABSENT', '2026-02-12 10:56:54', '2026-02-12 10:56:54'),
(1666, 169, 33, 'PRESENT', '2026-02-12 10:56:54', '2026-02-12 10:56:54'),
(1668, 181, 1, 'ABSENT', '2026-02-12 11:45:20', '2026-02-12 11:45:20'),
(1669, 181, 2, 'ABSENT', '2026-02-12 11:45:20', '2026-02-12 11:45:20'),
(1670, 181, 3, 'PRESENT', '2026-02-12 11:45:20', '2026-02-12 11:45:20'),
(1671, 181, 4, 'ABSENT', '2026-02-12 11:45:20', '2026-02-12 11:45:20'),
(1672, 181, 5, 'ABSENT', '2026-02-12 11:45:20', '2026-02-12 11:45:20'),
(1673, 181, 6, 'ABSENT', '2026-02-12 11:45:20', '2026-02-12 11:45:20'),
(1674, 181, 7, 'PRESENT', '2026-02-12 11:45:20', '2026-02-12 11:45:20'),
(1675, 181, 8, 'PRESENT', '2026-02-12 11:45:20', '2026-02-12 11:45:20'),
(1676, 181, 9, 'PRESENT', '2026-02-12 11:45:20', '2026-02-12 11:45:20'),
(1677, 181, 10, 'ABSENT', '2026-02-12 11:45:20', '2026-02-12 11:45:20'),
(1678, 181, 11, 'ABSENT', '2026-02-12 11:45:20', '2026-02-12 11:45:20'),
(1679, 181, 12, 'ABSENT', '2026-02-12 11:45:20', '2026-02-12 11:45:20'),
(1680, 181, 13, 'ABSENT', '2026-02-12 11:45:20', '2026-02-12 11:45:20'),
(1681, 181, 14, 'ABSENT', '2026-02-12 11:45:20', '2026-02-12 11:45:20'),
(1682, 181, 15, 'PRESENT', '2026-02-12 11:45:20', '2026-02-12 11:45:20'),
(1683, 181, 16, 'PRESENT', '2026-02-12 11:45:20', '2026-02-12 11:45:20'),
(1684, 181, 17, 'PRESENT', '2026-02-12 11:45:21', '2026-02-12 11:45:21'),
(1685, 181, 18, 'PRESENT', '2026-02-12 11:45:21', '2026-02-12 11:45:21'),
(1686, 181, 19, 'PRESENT', '2026-02-12 11:45:21', '2026-02-12 11:45:21'),
(1687, 181, 20, 'PRESENT', '2026-02-12 11:45:21', '2026-02-12 11:45:21'),
(1688, 181, 21, 'PRESENT', '2026-02-12 11:45:21', '2026-02-12 11:45:21'),
(1689, 181, 22, 'PRESENT', '2026-02-12 11:45:21', '2026-02-12 11:45:21'),
(1690, 181, 23, 'ABSENT', '2026-02-12 11:45:21', '2026-02-12 11:45:21'),
(1691, 181, 24, 'ABSENT', '2026-02-12 11:45:21', '2026-02-12 11:45:21'),
(1692, 181, 25, 'ABSENT', '2026-02-12 11:45:21', '2026-02-12 11:45:21'),
(1693, 181, 26, 'ABSENT', '2026-02-12 11:45:21', '2026-02-12 11:45:21'),
(1694, 181, 27, 'ABSENT', '2026-02-12 11:45:21', '2026-02-12 11:45:21'),
(1695, 181, 28, 'ABSENT', '2026-02-12 11:45:21', '2026-02-12 11:45:21'),
(1696, 181, 29, 'ABSENT', '2026-02-12 11:45:21', '2026-02-12 11:45:21'),
(1697, 173, 36, 'ABSENT', '2026-02-12 14:34:56', '2026-02-12 14:34:56'),
(1698, 173, 38, 'PRESENT', '2026-02-12 14:34:56', '2026-02-12 14:34:56'),
(1699, 173, 39, 'ABSENT', '2026-02-12 14:34:56', '2026-02-12 14:34:56'),
(1700, 173, 40, 'ABSENT', '2026-02-12 14:34:56', '2026-02-12 14:34:56'),
(1701, 173, 34, 'PRESENT', '2026-02-12 14:34:56', '2026-02-12 14:34:56'),
(1702, 173, 41, 'ABSENT', '2026-02-12 14:34:56', '2026-02-12 14:34:56'),
(1703, 173, 42, 'PRESENT', '2026-02-12 14:34:56', '2026-02-12 14:34:56'),
(1704, 173, 35, 'PRESENT', '2026-02-12 14:34:56', '2026-02-12 14:34:56'),
(1705, 173, 31, 'PRESENT', '2026-02-12 14:34:56', '2026-02-12 14:34:56'),
(1706, 173, 30, 'ABSENT', '2026-02-12 14:34:56', '2026-02-12 14:34:56'),
(1707, 173, 33, 'PRESENT', '2026-02-12 14:34:56', '2026-02-12 14:34:56'),
(1708, 174, 30, 'ABSENT', '2026-02-12 14:34:57', '2026-02-12 14:34:57'),
(1709, 174, 31, 'PRESENT', '2026-02-12 14:34:57', '2026-02-12 14:34:57'),
(1710, 174, 33, 'PRESENT', '2026-02-12 14:34:57', '2026-02-12 14:34:57'),
(1711, 174, 34, 'PRESENT', '2026-02-12 14:34:57', '2026-02-12 14:34:57'),
(1712, 174, 35, 'PRESENT', '2026-02-12 14:34:57', '2026-02-12 14:34:57'),
(1713, 174, 36, 'ABSENT', '2026-02-12 14:34:57', '2026-02-12 14:34:57'),
(1714, 174, 38, 'PRESENT', '2026-02-12 14:34:57', '2026-02-12 14:34:57'),
(1715, 174, 39, 'ABSENT', '2026-02-12 14:34:57', '2026-02-12 14:34:57'),
(1716, 174, 40, 'ABSENT', '2026-02-12 14:34:57', '2026-02-12 14:34:57'),
(1717, 174, 41, 'ABSENT', '2026-02-12 14:34:57', '2026-02-12 14:34:57'),
(1718, 174, 42, 'PRESENT', '2026-02-12 14:34:57', '2026-02-12 14:34:57');

-- ----------------------------------------
-- Table structure for `audit_log`
-- ----------------------------------------

DROP TABLE IF EXISTS `audit_log`;
CREATE TABLE `audit_log` (
  `audit_id` bigint(20) unsigned NOT NULL AUTO_INCREMENT,
  `action` varchar(60) CHARACTER SET utf8mb4 COLLATE utf8mb4_unicode_ci NOT NULL,
  `admin_id` bigint(20) unsigned DEFAULT NULL,
  `doctor_id` bigint(20) unsigned DEFAULT NULL,
  `course_id` bigint(20) unsigned DEFAULT NULL,
  `week_id` bigint(20) unsigned DEFAULT NULL,
  `schedule_id` bigint(20) unsigned DEFAULT NULL,
  `entity_type` varchar(60) CHARACTER SET utf8mb4 COLLATE utf8mb4_unicode_ci DEFAULT NULL,
  `entity_id` varchar(60) CHARACTER SET utf8mb4 COLLATE utf8mb4_unicode_ci DEFAULT NULL,
  `meta_json` longtext CHARACTER SET utf8mb4 COLLATE utf8mb4_bin DEFAULT NULL,
  `ip_address` varchar(45) CHARACTER SET utf8mb4 COLLATE utf8mb4_unicode_ci DEFAULT NULL,
  `user_agent` varchar(255) CHARACTER SET utf8mb4 COLLATE utf8mb4_unicode_ci DEFAULT NULL,
  `created_at` timestamp NOT NULL DEFAULT current_timestamp(),
  PRIMARY KEY (`audit_id`),
  KEY `idx_audit_action` (`action`),
  KEY `idx_audit_created` (`created_at`),
  KEY `idx_audit_admin` (`admin_id`),
  KEY `idx_audit_doctor` (`doctor_id`),
  KEY `idx_audit_course` (`course_id`),
  KEY `idx_audit_week` (`week_id`),
  KEY `idx_audit_schedule` (`schedule_id`),
  CONSTRAINT `fk_audit_admin` FOREIGN KEY (`admin_id`) REFERENCES `admins` (`admin_id`) ON DELETE SET NULL ON UPDATE CASCADE,
  CONSTRAINT `fk_audit_course` FOREIGN KEY (`course_id`) REFERENCES `courses` (`course_id`) ON DELETE SET NULL ON UPDATE CASCADE,
  CONSTRAINT `fk_audit_doctor` FOREIGN KEY (`doctor_id`) REFERENCES `doctors` (`doctor_id`) ON DELETE SET NULL ON UPDATE CASCADE,
  CONSTRAINT `fk_audit_schedule` FOREIGN KEY (`schedule_id`) REFERENCES `doctor_schedules` (`schedule_id`) ON DELETE SET NULL ON UPDATE CASCADE,
  CONSTRAINT `fk_audit_week` FOREIGN KEY (`week_id`) REFERENCES `weeks` (`week_id`) ON DELETE SET NULL ON UPDATE CASCADE
) ENGINE=InnoDB DEFAULT CHARSET=utf8mb4 COLLATE=utf8mb4_general_ci;


-- ----------------------------------------
-- Table structure for `cancelled_doctor_schedules`
-- ----------------------------------------

DROP TABLE IF EXISTS `cancelled_doctor_schedules`;
CREATE TABLE `cancelled_doctor_schedules` (
  `cancelled_id` bigint(20) unsigned NOT NULL AUTO_INCREMENT,
  `week_id` bigint(20) unsigned NOT NULL,
  `doctor_id` bigint(20) unsigned NOT NULL,
  `day_of_week` enum('Sun','Mon','Tue','Wed','Thu') NOT NULL,
  `slot_number` tinyint(3) unsigned DEFAULT NULL COMMENT '1-5, NULL when scope = day',
  `course_id` bigint(20) unsigned NOT NULL,
  `room_code` varchar(50) NOT NULL,
  `counts_towards_hours` tinyint(1) NOT NULL DEFAULT 1,
  `cancelled_scope` enum('day','slot') NOT NULL,
  `cancelled_at` timestamp NOT NULL DEFAULT current_timestamp(),
  PRIMARY KEY (`cancelled_id`),
  UNIQUE KEY `uq_cancelled_day` (`week_id`,`doctor_id`,`day_of_week`,`cancelled_scope`,`slot_number`)
) ENGINE=InnoDB AUTO_INCREMENT=3 DEFAULT CHARSET=utf8mb4 COLLATE=utf8mb4_unicode_ci;


-- ----------------------------------------
-- Table structure for `course_doctor_hours`
-- ----------------------------------------

DROP TABLE IF EXISTS `course_doctor_hours`;
CREATE TABLE `course_doctor_hours` (
  `course_id` bigint(20) unsigned NOT NULL,
  `doctor_id` bigint(20) unsigned NOT NULL,
  `allocated_hours` decimal(6,2) NOT NULL DEFAULT 0.00,
  `updated_at` timestamp NOT NULL DEFAULT current_timestamp() ON UPDATE current_timestamp(),
  PRIMARY KEY (`course_id`,`doctor_id`)
) ENGINE=InnoDB DEFAULT CHARSET=utf8mb4 COLLATE=utf8mb4_unicode_ci;

-- Dumping data for `course_doctor_hours`
INSERT INTO `course_doctor_hours` (`course_id`, `doctor_id`, `allocated_hours`, `updated_at`) VALUES
(55, 1, '10.00', '2026-01-01 17:47:11'),
(55, 3, '10.00', '2026-01-01 17:47:11'),
(55, 4, '11.50', '2026-01-01 17:47:11'),
(55, 5, '11.50', '2026-01-01 17:47:11'),
(55, 6, '10.50', '2026-01-01 17:47:11'),
(55, 11, '2.00', '2026-01-01 17:47:11');

-- ----------------------------------------
-- Table structure for `course_doctors`
-- ----------------------------------------

DROP TABLE IF EXISTS `course_doctors`;
CREATE TABLE `course_doctors` (
  `course_id` bigint(20) unsigned NOT NULL,
  `doctor_id` bigint(20) unsigned NOT NULL,
  `created_at` timestamp NOT NULL DEFAULT current_timestamp(),
  PRIMARY KEY (`course_id`,`doctor_id`),
  KEY `idx_course_doctor_doctor` (`doctor_id`),
  CONSTRAINT `fk_course_doctors_course` FOREIGN KEY (`course_id`) REFERENCES `courses` (`course_id`) ON DELETE CASCADE ON UPDATE CASCADE,
  CONSTRAINT `fk_course_doctors_doctor` FOREIGN KEY (`doctor_id`) REFERENCES `doctors` (`doctor_id`) ON DELETE CASCADE ON UPDATE CASCADE
) ENGINE=InnoDB DEFAULT CHARSET=utf8mb4 COLLATE=utf8mb4_unicode_ci;

-- Dumping data for `course_doctors`
INSERT INTO `course_doctors` (`course_id`, `doctor_id`, `created_at`) VALUES
(1, 1, '2025-12-31 00:14:56'),
(2, 1, '2025-12-31 00:17:05'),
(3, 1, '2025-12-31 00:14:47'),
(4, 1, '2025-12-31 00:15:55'),
(5, 4, '2025-12-31 00:16:33'),
(11, 7, '2025-12-31 00:14:27'),
(12, 7, '2025-12-31 12:17:49'),
(13, 5, '2025-12-31 10:55:33'),
(14, 9, '2026-01-01 17:00:41'),
(15, 4, '2026-01-01 17:02:45'),
(16, 9, '2026-01-01 17:04:20'),
(17, 6, '2025-12-31 00:15:35'),
(18, 9, '2026-01-01 17:06:30'),
(19, 6, '2026-01-01 17:15:49'),
(20, 9, '2026-01-01 17:16:35'),
(22, 9, '2026-01-01 17:19:07'),
(23, 3, '2025-12-31 00:16:25'),
(24, 2, '2025-12-31 00:14:03'),
(25, 3, '2026-01-01 17:39:31'),
(26, 2, '2025-12-31 00:13:41'),
(27, 2, '2025-12-31 00:13:07'),
(28, 2, '2025-12-31 00:16:17'),
(29, 6, '2025-12-31 00:16:07'),
(30, 2, '2025-12-31 00:15:13'),
(31, 2, '2025-12-31 00:16:52'),
(33, 7, '2025-12-31 12:12:14'),
(34, 7, '2025-12-31 14:40:10'),
(36, 5, '2025-12-31 13:47:39'),
(37, 9, '2026-01-01 17:00:58'),
(38, 4, '2025-12-31 13:51:37'),
(39, 9, '2026-01-01 17:04:35'),
(40, 6, '2025-12-31 13:53:20'),
(41, 9, '2026-01-01 17:06:48'),
(42, 1, '2026-02-04 17:44:04'),
(42, 12, '2026-02-04 17:44:04'),
(43, 9, '2026-01-01 17:16:48'),
(44, 6, '2025-12-31 13:56:42'),
(45, 1, '2025-12-31 13:57:24'),
(46, 1, '2025-12-31 13:58:17'),
(47, 1, '2025-12-31 13:59:10'),
(48, 9, '2026-01-01 17:19:17'),
(49, 1, '2025-12-31 14:00:33'),
(50, 6, '2025-12-31 14:01:18'),
(51, 2, '2025-12-31 14:01:54'),
(52, 3, '2025-12-31 14:02:25'),
(54, 5, '2025-12-31 14:30:47'),
(55, 1, '2026-01-01 17:45:39'),
(55, 3, '2026-01-01 17:45:39'),
(55, 4, '2026-01-01 17:45:39'),
(55, 5, '2026-01-01 17:45:39'),
(55, 6, '2026-01-01 17:45:39'),
(55, 11, '2026-01-01 17:45:39'),
(56, 1, '2025-12-31 14:33:58'),
(57, 8, '2025-12-31 14:36:25'),
(58, 2, '2025-12-31 14:37:05'),
(59, 7, '2025-12-31 19:27:21'),
(60, 7, '2025-12-31 19:28:40'),
(61, 9, '2026-01-01 17:51:10'),
(62, 9, '2026-01-01 17:01:12'),
(63, 4, '2026-01-01 17:03:05'),
(64, 1, '2025-12-31 19:33:37'),
(65, 9, '2026-01-01 17:04:56'),
(66, 6, '2025-12-31 19:35:27'),
(67, 9, '2026-01-01 17:52:41'),
(68, 6, '2026-01-01 17:10:37'),
(69, 2, '2025-12-31 19:39:29'),
(70, 1, '2025-12-31 19:40:53'),
(71, 1, '2025-12-31 19:42:02'),
(72, 9, '2026-01-01 17:53:59'),
(73, 1, '2025-12-31 19:43:03'),
(74, 3, '2025-12-31 19:43:35'),
(75, 2, '2025-12-31 19:44:03'),
(76, 3, '2026-01-01 17:40:15'),
(77, 1, '2025-12-31 19:45:28'),
(78, 2, '2025-12-31 19:46:08'),
(79, 1, '2025-12-31 19:47:25'),
(80, 2, '2025-12-31 19:47:54'),
(81, 7, '2025-12-31 19:49:28'),
(82, 3, '2025-12-31 20:10:04'),
(83, 9, '2026-01-01 17:50:59'),
(84, 4, '2026-02-04 18:29:56'),
(85, 9, '2026-01-01 17:52:33'),
(86, 1, '2025-12-31 19:54:35'),
(87, 1, '2025-12-31 19:55:22'),
(88, 9, '2026-01-01 17:54:13'),
(89, 1, '2026-02-12 21:13:21'),
(90, 1, '2026-02-12 21:12:55'),
(91, 2, '2026-02-12 22:07:36'),
(92, 2, '2026-02-12 21:45:51'),
(93, 7, '2026-01-01 18:10:22'),
(94, 2, '2026-01-01 18:11:30'),
(95, 2, '2026-01-01 18:12:53'),
(96, 2, '2026-01-01 18:13:34'),
(97, 1, '2026-01-01 18:15:09'),
(98, 1, '2026-01-01 18:17:13'),
(99, 2, '2026-01-01 18:18:08'),
(100, 9, '2026-01-01 18:19:40'),
(101, 2, '2026-01-01 18:21:29'),
(102, 2, '2026-01-01 18:21:57'),
(103, 2, '2026-01-01 18:24:08'),
(104, 2, '2026-01-01 18:25:21'),
(105, 2, '2026-01-01 18:26:27'),
(106, 2, '2026-01-01 18:26:54');

-- ----------------------------------------
-- Table structure for `courses`
-- ----------------------------------------

DROP TABLE IF EXISTS `courses`;
CREATE TABLE `courses` (
  `course_id` bigint(20) unsigned NOT NULL AUTO_INCREMENT,
  `course_name` varchar(200) NOT NULL,
  `program` varchar(120) NOT NULL DEFAULT 'Digital Marketing',
  `year_level` tinyint(3) unsigned NOT NULL DEFAULT 1,
  `semester` tinyint(3) unsigned NOT NULL DEFAULT 1,
  `course_type` enum('R','LAS') NOT NULL DEFAULT 'R',
  `subject_code` varchar(30) NOT NULL,
  `total_hours` decimal(5,2) NOT NULL DEFAULT 10.00,
  `course_Hours` decimal(5,2) NOT NULL DEFAULT 10.00,
  `default_room_code` varchar(50) DEFAULT NULL,
  `coefficient` decimal(6,2) NOT NULL DEFAULT 1.00,
  `doctor_id` bigint(20) unsigned DEFAULT NULL,
  `created_at` timestamp NOT NULL DEFAULT current_timestamp(),
  PRIMARY KEY (`course_id`),
  KEY `idx_courses_year_sem_code` (`year_level`,`semester`,`subject_code`),
  KEY `idx_courses_doctor_id` (`doctor_id`),
  KEY `idx_courses_program_year` (`program`,`year_level`),
  KEY `idx_courses_semester` (`semester`),
  CONSTRAINT `fk_courses_doctor` FOREIGN KEY (`doctor_id`) REFERENCES `doctors` (`doctor_id`) ON DELETE SET NULL ON UPDATE CASCADE
) ENGINE=InnoDB AUTO_INCREMENT=107 DEFAULT CHARSET=utf8mb4 COLLATE=utf8mb4_unicode_ci;

-- Dumping data for `courses`
INSERT INTO `courses` (`course_id`, `course_name`, `program`, `year_level`, `semester`, `course_type`, `subject_code`, `total_hours`, `course_Hours`, `default_room_code`, `coefficient`, `doctor_id`, `created_at`) VALUES
(1, 'INTEGRATION', 'Digital Marketing', 1, 1, 'R', '1.11', '28.50', '28.50', '127', '1.00', 1, '2025-12-29 21:21:59'),
(2, 'WEB DEVELOPMENT', 'Digital Marketing', 1, 1, 'R', '1.12', '25.50', '25.50', '127', '1.00', 1, '2025-12-29 21:23:29'),
(3, 'INFORMATION REPRESENTATION AND PROCESSING', 'Digital Marketing', 1, 1, 'R', '1.14', '24.00', '24.00', '127', '1.00', 1, '2025-12-29 21:24:54'),
(4, 'PRODUCE A WEBSITE', 'Digital Marketing', 1, 1, 'LAS', '105', '31.50', '31.50', '127', '1.00', 1, '2025-12-29 21:26:14'),
(5, 'STRATEGIC MANAGEMENT', 'Digital Marketing', 1, 1, 'R', '1.20', '0.00', '0.00', NULL, '1.00', 4, '2025-12-29 21:51:52'),
(11, 'French', 'Digital Marketing', 1, 1, 'R', '1.01', '18.00', '18.00', NULL, '1.00', 7, '2025-12-30 23:29:57'),
(12, 'Advanced French (LV2)', 'Digital Marketing', 1, 1, 'R', '1.02', '9.00', '9.00', NULL, '1.00', 7, '2025-12-30 23:31:27'),
(13, 'Ergonomics and Accessibility', 'Digital Marketing', 1, 1, 'R', '1.03', '18.00', '18.00', NULL, '1.00', 5, '2025-12-30 23:32:36'),
(14, 'Digital Culture', 'Digital Marketing', 1, 1, 'R', '1.04', '16.50', '16.50', NULL, '1.00', 9, '2025-12-30 23:33:49'),
(15, 'Marketing and Communication strategies', 'Digital Marketing', 1, 1, 'R', '1.05', '27.00', '27.00', NULL, '1.00', 4, '2025-12-30 23:35:23'),
(16, 'Expression, Communication and rhetoric', 'Digital Marketing', 1, 1, 'R', '1.06', '22.50', '22.50', NULL, '1.00', 9, '2025-12-30 23:36:54'),
(17, 'Multimedia writing and story telling', 'Digital Marketing', 1, 1, 'R', '1.07', '15.00', '15.00', NULL, '1.00', 6, '2025-12-30 23:37:47'),
(18, 'Graphic Production', 'Digital Marketing', 1, 1, 'R', '1.08', '22.50', '22.50', NULL, '1.00', 9, '2025-12-30 23:38:18'),
(19, 'Artistic Culture', 'Digital Marketing', 1, 1, 'R', '1.09', '16.50', '16.50', '127', '1.00', 6, '2025-12-30 23:39:05'),
(20, 'Audio and Video production', 'Digital Marketing', 1, 1, 'R', '1.10', '24.00', '24.00', NULL, '1.00', 9, '2025-12-30 23:39:45'),
(22, 'Hosting', 'Digital Marketing', 1, 1, 'R', '1.13', '18.00', '18.00', NULL, '1.00', 9, '2025-12-30 23:41:57'),
(23, 'Project Management', 'Digital Marketing', 1, 1, 'R', '1.15', '16.50', '16.50', NULL, '1.00', 3, '2025-12-30 23:43:24'),
(24, 'Economics management and digital law', 'Digital Marketing', 1, 1, 'R', '1.16', '15.00', '15.00', NULL, '1.00', 2, '2025-12-30 23:44:09'),
(25, 'Personal and Professional Project', 'Digital Marketing', 1, 1, 'R', '1.17', '19.50', '19.50', NULL, '1.00', 3, '2025-12-30 23:44:49'),
(26, 'Digital Communication Audit', 'Digital Marketing', 1, 1, 'LAS', '101', '13.50', '13.50', NULL, '1.00', 2, '2025-12-30 23:45:38'),
(27, 'Design a digital Communication recommand', 'Digital Marketing', 1, 1, 'LAS', '102', '10.50', '10.50', NULL, '1.00', 2, '2025-12-30 23:46:34'),
(28, 'Produce Elements for a visual Communication', 'Digital Marketing', 1, 1, 'LAS', '103', '15.00', '15.00', NULL, '1.00', 2, '2025-12-30 23:47:12'),
(29, 'Produce Audio And Video Content', 'Digital Marketing', 1, 1, 'LAS', '104', '13.50', '13.50', NULL, '1.00', 6, '2025-12-30 23:47:58'),
(30, 'Managing a Digital Communication Project', 'Digital Marketing', 1, 1, 'LAS', '106', '25.50', '25.50', NULL, '1.00', 2, '2025-12-30 23:53:37'),
(31, 'The Portfolio Approach', 'Digital Marketing', 1, 1, 'LAS', '107', '15.00', '15.00', NULL, '1.00', 2, '2025-12-30 23:54:30'),
(33, 'French', 'Digital Marketing', 1, 2, 'R', '2.01', '18.00', '18.00', NULL, '1.00', 7, '2025-12-31 12:12:14'),
(34, 'Advanced French (LV2)', 'Digital Marketing', 1, 2, 'R', '2.02', '9.00', '9.00', '127', '1.00', 7, '2025-12-31 13:44:46'),
(36, 'Ergonomics and Accessibility', 'Digital Marketing', 1, 2, 'R', '2.03', '16.50', '16.50', NULL, '1.00', 5, '2025-12-31 13:47:39'),
(37, 'Digital Culture', 'Digital Marketing', 1, 2, 'R', '2.04', '15.00', '15.00', NULL, '1.00', 9, '2025-12-31 13:50:55'),
(38, 'Marketing and Communication strategies', 'Digital Marketing', 1, 2, 'R', '2.05', '15.00', '15.00', '127', '1.00', 4, '2025-12-31 13:51:37'),
(39, 'Expression, Communication and rhetoric', 'Digital Marketing', 1, 2, 'R', '2.06', '16.50', '16.50', '127', '1.00', 9, '2025-12-31 13:52:30'),
(40, 'Multimedia writing and story telling', 'Digital Marketing', 1, 2, 'R', '2.07', '15.00', '15.00', '127', '1.00', 6, '2025-12-31 13:53:20'),
(41, 'Graphic Production', 'Digital Marketing', 1, 2, 'R', '2.08', '21.00', '21.00', '127', '1.00', 9, '2025-12-31 13:54:08'),
(42, 'Artistic Culture', 'Digital Marketing', 1, 2, 'R', '2.09', '18.00', '18.00', '127', '1.00', 1, '2025-12-31 13:55:02'),
(43, 'Audio and Video production', 'Digital Marketing', 1, 2, 'R', '2.10', '21.00', '21.00', '127', '1.00', 9, '2025-12-31 13:55:37'),
(44, 'Content Management', 'Digital Marketing', 1, 2, 'R', '2.11', '9.00', '9.00', '127', '1.00', 6, '2025-12-31 13:56:42'),
(45, 'INTEGRATION', 'Digital Marketing', 1, 2, 'R', '2.12', '24.00', '24.00', '127', '1.00', 1, '2025-12-31 13:57:24'),
(46, 'WEB DEVELOPMENT', 'Digital Marketing', 1, 2, 'R', '2.13', '21.00', '21.00', '127', '1.00', 1, '2025-12-31 13:58:17'),
(47, 'Information Systems', 'Digital Marketing', 1, 2, 'R', '2.14', '18.00', '18.00', '127', '1.00', 1, '2025-12-31 13:59:10'),
(48, 'Hosting', 'Digital Marketing', 1, 2, 'R', '2.15', '18.00', '18.00', NULL, '1.00', 9, '2025-12-31 13:59:44'),
(49, 'INFORMATION REPRESENTATION AND PROCESSING', 'Digital Marketing', 1, 2, 'R', '2.16', '19.50', '19.50', '127', '1.00', 1, '2025-12-31 14:00:33'),
(50, 'Project Management', 'Digital Marketing', 1, 2, 'R', '2.17', '15.00', '15.00', '127', '1.00', 6, '2025-12-31 14:01:18'),
(51, 'Economics management and digital law', 'Digital Marketing', 1, 2, 'R', '2.18', '15.00', '15.00', NULL, '1.00', 2, '2025-12-31 14:01:54'),
(52, 'Personal and Professional Project', 'Digital Marketing', 1, 2, 'R', '2.19', '19.50', '19.50', '127', '1.00', 3, '2025-12-31 14:02:25'),
(54, 'Explore Digital Uses', 'Digital Marketing', 1, 2, 'LAS', '2.01', '15.00', '15.00', NULL, '1.00', 5, '2025-12-31 14:30:47'),
(55, 'Design a product or services and its communication', 'Digital Marketing', 1, 2, 'LAS', '2.02', '55.50', '55.50', NULL, '1.00', 1, '2025-12-31 14:32:25'),
(56, 'Design a website with a Data Source', 'Digital Marketing', 1, 2, 'LAS', '.203', '21.00', '21.00', '127', '1.00', 1, '2025-12-31 14:33:58'),
(57, 'Build your online presence', 'Digital Marketing', 1, 2, 'LAS', '2.04', '15.00', '15.00', NULL, '1.00', 8, '2025-12-31 14:36:25'),
(58, 'Portfolio', 'Digital Marketing', 1, 2, 'LAS', '2.05', '30.00', '30.00', '127', '1.00', 2, '2025-12-31 14:37:05'),
(59, 'French', 'Digital Marketing', 2, 1, 'R', '3.01', '15.00', '15.00', '129', '1.00', 7, '2025-12-31 19:27:21'),
(60, 'Advanced French (LV2)', 'Digital Marketing', 2, 1, 'R', '3.02', '10.00', '10.00', '129', '1.00', 7, '2025-12-31 19:28:40'),
(61, 'Experience Design', 'Digital Marketing', 2, 1, 'R', '3.03', '16.50', '16.50', NULL, '1.00', 9, '2025-12-31 19:30:13'),
(62, 'Digital Culture', 'Digital Marketing', 2, 1, 'R', '3.04', '15.00', '15.00', '129', '1.00', 9, '2025-12-31 19:31:19'),
(63, 'Marketing and Communication strategies', 'Digital Marketing', 2, 1, 'R', '3.Dweb-D1.05', '15.00', '15.00', '129', '1.00', 4, '2025-12-31 19:32:36'),
(64, 'Referencing', 'Digital Marketing', 2, 1, 'R', '3.06', '15.00', '15.00', '129', '1.00', 1, '2025-12-31 19:33:37'),
(65, 'Expression, Communication and rhetoric', 'Digital Marketing', 2, 1, 'R', '3.07', '18.00', '18.00', NULL, '1.00', 9, '2025-12-31 19:34:31'),
(66, 'Multimedia writing and story telling', 'Digital Marketing', 2, 1, 'R', '3.08', '12.00', '12.00', NULL, '1.00', 6, '2025-12-31 19:35:27'),
(67, 'Creation and Interactive Design (UI)', 'Digital Marketing', 2, 1, 'R', '3.DWeb-D1.09', '15.00', '15.00', '129', '1.00', 9, '2025-12-31 19:37:15'),
(68, 'Artistic Culture', 'Digital Marketing', 2, 1, 'R', '3.10', '24.00', '24.00', '129', '1.00', 6, '2025-12-31 19:38:13'),
(69, 'Audio visual and motion design', 'Digital Marketing', 2, 1, 'R', '3.11', '19.50', '19.50', '129', '1.00', 2, '2025-12-31 19:39:29'),
(70, 'Front-End development and Integration', 'Digital Marketing', 2, 1, 'R', '3.12', '35.00', '35.00', '129', '1.00', 1, '2025-12-31 19:40:53'),
(71, 'Development Back', 'Digital Marketing', 2, 1, 'R', '3.DWeb-D1.13', '20.00', '20.00', '129', '1.00', 1, '2025-12-31 19:42:02'),
(72, 'Service Deployment', 'Digital Marketing', 2, 1, 'R', '3.14', '20.00', '20.00', NULL, '1.00', 9, '2025-12-31 19:42:40'),
(73, 'INFORMATION REPRESENTATION AND PROCESSING', 'Digital Marketing', 2, 1, 'R', '3.15', '20.00', '20.00', NULL, '1.00', 1, '2025-12-31 19:43:03'),
(74, 'Project Management', 'Digital Marketing', 2, 1, 'R', '3.16', '15.00', '15.00', '129', '1.00', 3, '2025-12-31 19:43:35'),
(75, 'Economics management and digital law', 'Digital Marketing', 2, 1, 'R', '3.17', '15.00', '15.00', '129', '1.00', 2, '2025-12-31 19:44:03'),
(76, 'Personal and Professional Project', 'Digital Marketing', 2, 1, 'R', '3.18', '10.00', '10.00', '129', '1.00', 3, '2025-12-31 19:44:28'),
(77, 'Developing User Paths Within an Information System', 'Digital Marketing', 2, 1, 'LAS', '3.DWeb-D1.01', '25.50', '25.50', NULL, '1.00', 1, '2025-12-31 19:45:28'),
(78, 'Communication', 'Digital Marketing', 2, 1, 'LAS', '3.02', '25.50', '25.50', '129', '1.00', 2, '2025-12-31 19:46:08'),
(79, 'Designing Data Visualization For the Web And an Interactive Application', 'Digital Marketing', 2, 1, 'LAS', '3.DWeb-D1.03', '25.50', '25.50', '129', '1.00', 1, '2025-12-31 19:47:25'),
(80, 'Portfolio', 'Digital Marketing', 2, 1, 'LAS', '3.04', '15.00', '15.00', NULL, '1.00', 2, '2025-12-31 19:47:54'),
(81, 'French', 'Digital Marketing', 2, 2, 'R', '4.DWeb-D1.01', '15.00', '15.00', '129', '1.00', 7, '2025-12-31 19:49:28'),
(82, 'Economics management and digital law', 'Digital Marketing', 2, 2, 'R', '4.02', '15.00', '15.00', '129', '1.00', 3, '2025-12-31 19:50:38'),
(83, 'Experience Design', 'Digital Marketing', 2, 2, 'R', '4.03', '15.00', '15.00', '129', '1.00', 9, '2025-12-31 19:52:12'),
(84, 'Expression, Communication', 'Digital Marketing', 2, 2, 'R', '4.04', '15.00', '15.00', NULL, '1.00', 4, '2025-12-31 19:52:58'),
(85, 'Creation and Interactive Design', 'Digital Marketing', 2, 2, 'R', '4.DWeb-D1.05', '15.00', '15.00', '129', '1.00', 9, '2025-12-31 19:53:45'),
(86, 'Front-End development', 'Digital Marketing', 2, 2, 'R', '4.DWeb-D1.06', '15.00', '15.00', '129', '1.00', 1, '2025-12-31 19:54:35'),
(87, 'Back-End Development', 'Digital Marketing', 2, 2, 'R', '4.DWeb-D1.07', '20.00', '20.00', '129', '1.00', 1, '2025-12-31 19:55:22'),
(88, 'Service Deployment', 'Digital Marketing', 2, 2, 'R', '4.DWeb-D1.08', '10.00', '10.00', '129', '1.00', 9, '2025-12-31 19:57:28'),
(89, 'WEB DEVELOPMENT', 'Digital Marketing', 2, 2, 'LAS', '4.DWeb-D1.01', '21.00', '21.00', '129', '1.00', 1, '2025-12-31 20:00:12'),
(90, 'Designing an Interactive Device', 'Digital Marketing', 2, 2, 'LAS', '4.DWeb-D1.02', '12.00', '12.00', NULL, '1.00', 1, '2025-12-31 20:00:58'),
(91, 'Internship', 'Digital Marketing', 2, 2, 'LAS', 'STAGE.DWeb-D1', '54.00', '54.00', NULL, '1.00', 2, '2025-12-31 20:01:55'),
(92, 'Portfolio', 'Digital Marketing', 2, 2, 'LAS', 'PORTIFOLIO', '33.00', '33.00', NULL, '1.00', 2, '2025-12-31 20:02:22'),
(93, 'French', 'Digital Marketing', 3, 1, 'R', '5.01', '20.00', '20.00', NULL, '1.00', 7, '2026-01-01 18:10:22'),
(94, 'Management and Quality Assurance', 'Digital Marketing', 3, 1, 'R', '5.02', '30.00', '30.00', NULL, '1.00', 2, '2026-01-01 18:11:30'),
(95, 'Entrepreneurship', 'Digital Marketing', 3, 1, 'R', '5.03', '15.00', '15.00', NULL, '1.00', 2, '2026-01-01 18:12:53'),
(96, 'Personal and Professional Project', 'Digital Marketing', 3, 1, 'R', '5.04', '21.00', '21.00', NULL, '1.00', 2, '2026-01-01 18:13:34'),
(97, 'Advanced Front-End Development', 'Digital Marketing', 3, 1, 'R', '5.DWeb-D1.05', '45.50', '45.50', NULL, '1.00', 1, '2026-01-01 18:15:09'),
(98, 'Advanced Back-End Development', 'Digital Marketing', 3, 1, 'R', '5.DWeb-D1.06', '50.00', '50.00', NULL, '1.00', 1, '2026-01-01 18:17:13'),
(99, 'Interactive Devices', 'Digital Marketing', 3, 1, 'R', '5.DWeb-D1.07', '58.50', '58.50', NULL, '1.00', 2, '2026-01-01 18:18:08'),
(100, 'Hosting And Cyber Security', 'Digital Marketing', 3, 1, 'R', '5.DWeb-D1.08', '50.00', '50.00', NULL, '1.00', 9, '2026-01-01 18:19:40'),
(101, 'Developing of the Web or designing an interactive Device', 'Digital Marketing', 3, 1, 'LAS', '5.DWeb-D1.01', '170.00', '170.00', NULL, '1.00', 2, '2026-01-01 18:21:29'),
(102, 'Portfolio', 'Digital Marketing', 3, 1, 'LAS', 'PORTIFOLIO', '30.00', '30.00', NULL, '1.00', 2, '2026-01-01 18:21:57'),
(103, 'Entrepreneurship', 'Digital Marketing', 3, 2, 'R', '6.01', '15.00', '15.00', NULL, '1.00', 2, '2026-01-01 18:24:08'),
(104, 'Web Development and Interactive Devices', 'Digital Marketing', 3, 2, 'R', '6.DWeb-D1.02', '37.00', '37.00', NULL, '1.00', 2, '2026-01-01 18:25:21'),
(105, 'Internship', 'Digital Marketing', 3, 2, 'LAS', '6.01', '50.00', '50.00', NULL, '1.00', 2, '2026-01-01 18:26:27'),
(106, 'Portfolio', 'Digital Marketing', 3, 2, 'LAS', '6.02', '7.00', '7.00', NULL, '1.00', 2, '2026-01-01 18:26:54');

-- ----------------------------------------
-- Table structure for `doctor_availability`
-- ----------------------------------------

DROP TABLE IF EXISTS `doctor_availability`;
CREATE TABLE `doctor_availability` (
  `availability_id` bigint(20) unsigned NOT NULL AUTO_INCREMENT,
  `week_id` bigint(20) unsigned NOT NULL,
  `doctor_id` bigint(20) unsigned NOT NULL,
  `day_of_week` varchar(3) NOT NULL,
  `slot_number` tinyint(3) unsigned NOT NULL,
  `created_at` timestamp NOT NULL DEFAULT current_timestamp(),
  PRIMARY KEY (`availability_id`),
  UNIQUE KEY `uq_doctor_availability` (`week_id`,`doctor_id`,`day_of_week`,`slot_number`),
  KEY `idx_doctor_availability_week` (`week_id`),
  KEY `idx_doctor_availability_doctor` (`doctor_id`),
  CONSTRAINT `fk_availability_doctor` FOREIGN KEY (`doctor_id`) REFERENCES `doctors` (`doctor_id`) ON DELETE CASCADE ON UPDATE CASCADE,
  CONSTRAINT `fk_availability_week` FOREIGN KEY (`week_id`) REFERENCES `weeks` (`week_id`) ON DELETE CASCADE ON UPDATE CASCADE
) ENGINE=InnoDB DEFAULT CHARSET=utf8mb4 COLLATE=utf8mb4_unicode_ci;


-- ----------------------------------------
-- Table structure for `doctor_schedules`
-- ----------------------------------------

DROP TABLE IF EXISTS `doctor_schedules`;
CREATE TABLE `doctor_schedules` (
  `schedule_id` bigint(20) unsigned NOT NULL AUTO_INCREMENT,
  `week_id` bigint(20) unsigned NOT NULL,
  `doctor_id` bigint(20) unsigned NOT NULL,
  `course_id` bigint(20) unsigned NOT NULL,
  `day_of_week` enum('Sun','Mon','Tue','Wed','Thu') NOT NULL,
  `slot_number` tinyint(3) unsigned NOT NULL COMMENT '1-5 (each slot = 1.5 hours)',
  `room_code` varchar(50) NOT NULL COMMENT 'Required free-text room (e.g., 101 / Lab A / Building 2 - 203)',
  `counts_towards_hours` tinyint(1) NOT NULL DEFAULT 1 COMMENT 'Only count/subtract hours when true',
  `extra_minutes` tinyint(3) unsigned NOT NULL DEFAULT 0 COMMENT '0,15,30,45 extra minutes deducted from course hours',
  `created_at` timestamp NOT NULL DEFAULT current_timestamp(),
  PRIMARY KEY (`schedule_id`),
  UNIQUE KEY `uq_week_doctor_day_slot` (`week_id`,`doctor_id`,`day_of_week`,`slot_number`),
  UNIQUE KEY `uq_week_room_day_slot` (`week_id`,`room_code`,`day_of_week`,`slot_number`),
  KEY `idx_course` (`course_id`),
  KEY `idx_week` (`week_id`),
  KEY `idx_room` (`room_code`),
  KEY `fk_doctor_schedules_doctor` (`doctor_id`),
  CONSTRAINT `fk_doctor_schedules_course` FOREIGN KEY (`course_id`) REFERENCES `courses` (`course_id`) ON UPDATE CASCADE,
  CONSTRAINT `fk_doctor_schedules_doctor` FOREIGN KEY (`doctor_id`) REFERENCES `doctors` (`doctor_id`) ON UPDATE CASCADE,
  CONSTRAINT `fk_doctor_schedules_week` FOREIGN KEY (`week_id`) REFERENCES `weeks` (`week_id`) ON UPDATE CASCADE
) ENGINE=InnoDB AUTO_INCREMENT=230 DEFAULT CHARSET=utf8mb4 COLLATE=utf8mb4_unicode_ci;

-- Dumping data for `doctor_schedules`
INSERT INTO `doctor_schedules` (`schedule_id`, `week_id`, `doctor_id`, `course_id`, `day_of_week`, `slot_number`, `room_code`, `counts_towards_hours`, `extra_minutes`, `created_at`) VALUES
(11, 1, 7, 33, 'Sun', 1, '127', 1, 0, '2025-12-31 14:53:55'),
(12, 1, 7, 33, 'Sun', 2, '127', 1, 0, '2025-12-31 14:54:08'),
(13, 1, 3, 52, 'Sun', 3, '127', 1, 0, '2025-12-31 14:54:48'),
(14, 1, 8, 57, 'Sun', 4, '127', 1, 0, '2025-12-31 14:55:10'),
(15, 1, 8, 57, 'Sun', 5, '127', 1, 0, '2025-12-31 14:55:20'),
(17, 1, 1, 45, 'Mon', 2, '127', 1, 0, '2025-12-31 14:56:26'),
(18, 1, 1, 49, 'Mon', 3, '127', 1, 0, '2025-12-31 14:56:39'),
(19, 1, 1, 49, 'Mon', 4, '127', 1, 0, '2025-12-31 14:56:54'),
(20, 1, 1, 49, 'Mon', 5, '127', 1, 0, '2025-12-31 14:57:00'),
(21, 1, 6, 50, 'Tue', 1, '127', 1, 0, '2025-12-31 14:57:39'),
(22, 1, 6, 50, 'Tue', 2, '127', 1, 0, '2025-12-31 14:57:45'),
(23, 1, 6, 44, 'Tue', 3, '127', 1, 0, '2025-12-31 14:58:11'),
(24, 1, 1, 45, 'Tue', 5, '127', 1, 0, '2025-12-31 14:58:41'),
(25, 1, 6, 40, 'Thu', 1, '127', 1, 0, '2025-12-31 14:59:24'),
(26, 1, 6, 40, 'Thu', 2, '127', 1, 0, '2025-12-31 14:59:34'),
(27, 1, 6, 44, 'Thu', 3, '127', 1, 0, '2025-12-31 14:59:41'),
(28, 1, 6, 44, 'Thu', 4, '127', 1, 0, '2025-12-31 14:59:49'),
(29, 1, 6, 44, 'Thu', 5, '127', 1, 0, '2025-12-31 14:59:57'),
(30, 1, 7, 81, 'Sun', 3, '129', 1, 0, '2025-12-31 20:06:25'),
(31, 1, 7, 81, 'Sun', 4, '129', 1, 0, '2025-12-31 20:06:40'),
(32, 1, 3, 82, 'Sun', 5, '129', 1, 0, '2025-12-31 20:11:07'),
(33, 1, 1, 87, 'Mon', 1, '129', 1, 0, '2025-12-31 20:12:20'),
(34, 1, 7, 81, 'Mon', 3, '129', 1, 0, '2025-12-31 20:13:04'),
(35, 1, 7, 81, 'Mon', 4, '129', 1, 0, '2025-12-31 20:13:11'),
(36, 1, 1, 87, 'Tue', 1, '129', 1, 0, '2025-12-31 20:13:45'),
(37, 1, 1, 87, 'Tue', 2, '129', 1, 0, '2025-12-31 20:13:52'),
(38, 1, 1, 86, 'Tue', 3, '129', 1, 0, '2025-12-31 20:13:59'),
(39, 1, 1, 86, 'Tue', 4, '129', 1, 0, '2025-12-31 20:14:06'),
(40, 1, 1, 87, 'Thu', 1, '129', 1, 0, '2025-12-31 20:14:29'),
(41, 1, 1, 87, 'Thu', 2, '129', 1, 0, '2025-12-31 20:14:35'),
(42, 1, 1, 86, 'Thu', 3, '129', 1, 0, '2025-12-31 20:14:52'),
(43, 1, 1, 86, 'Thu', 4, '129', 1, 0, '2025-12-31 20:14:59'),
(44, 2, 7, 81, 'Sun', 3, '129', 1, 0, '2026-01-11 10:55:48'),
(45, 2, 7, 81, 'Sun', 4, '129', 1, 0, '2026-01-11 10:55:50'),
(46, 2, 7, 81, 'Mon', 4, '129', 1, 0, '2026-01-11 10:55:54'),
(47, 2, 7, 81, 'Mon', 5, '129', 1, 0, '2026-01-11 10:55:57'),
(48, 2, 7, 81, 'Wed', 4, '129', 1, 0, '2026-01-11 10:56:02'),
(49, 2, 7, 81, 'Wed', 5, '129', 1, 0, '2026-01-11 10:56:04'),
(50, 2, 3, 82, 'Sun', 5, '129', 1, 0, '2026-01-11 10:56:14'),
(51, 2, 3, 82, 'Wed', 1, '129', 1, 0, '2026-01-11 10:56:20'),
(52, 2, 3, 82, 'Wed', 3, '129', 1, 0, '2026-01-11 10:56:23'),
(54, 2, 1, 87, 'Tue', 1, '129', 1, 0, '2026-01-11 10:56:38'),
(55, 2, 1, 87, 'Tue', 2, '129', 1, 0, '2026-01-11 10:56:41'),
(56, 2, 1, 87, 'Tue', 3, '129', 1, 0, '2026-01-11 10:56:44'),
(57, 2, 1, 87, 'Mon', 3, '129', 1, 0, '2026-01-11 10:56:46'),
(58, 2, 1, 87, 'Mon', 1, '129', 1, 0, '2026-01-11 10:56:49'),
(59, 2, 7, 33, 'Sun', 1, '127', 1, 0, '2026-01-11 10:59:44'),
(60, 2, 7, 33, 'Sun', 2, '127', 1, 0, '2026-01-11 10:59:49'),
(61, 2, 3, 52, 'Sun', 3, '127', 1, 0, '2026-01-11 11:00:08'),
(62, 2, 8, 57, 'Sun', 4, '127', 1, 0, '2026-01-11 11:00:26'),
(63, 2, 8, 57, 'Sun', 5, '127', 1, 0, '2026-01-11 11:00:30'),
(64, 2, 5, 54, 'Mon', 3, '127', 1, 0, '2026-01-11 11:00:48'),
(65, 2, 1, 45, 'Mon', 2, '127', 1, 0, '2026-01-11 11:01:00'),
(66, 2, 1, 49, 'Mon', 4, '127', 1, 0, '2026-01-11 11:01:04'),
(67, 2, 1, 49, 'Mon', 5, '127', 1, 0, '2026-01-11 11:01:07'),
(73, 2, 6, 50, 'Tue', 1, '127', 1, 0, '2026-01-11 11:59:02'),
(74, 2, 6, 50, 'Tue', 2, '127', 1, 0, '2026-01-11 11:59:20'),
(75, 2, 6, 44, 'Tue', 3, '127', 1, 0, '2026-01-11 11:59:27'),
(76, 2, 6, 40, 'Thu', 1, '127', 1, 0, '2026-01-11 12:00:21'),
(77, 2, 6, 40, 'Thu', 2, '127', 1, 0, '2026-01-11 12:00:24'),
(78, 2, 6, 44, 'Thu', 3, '127', 1, 0, '2026-01-11 12:00:30'),
(79, 2, 6, 40, 'Thu', 4, '127', 1, 0, '2026-01-11 12:00:55'),
(80, 2, 6, 50, 'Thu', 5, '127', 1, 0, '2026-01-11 12:01:00'),
(81, 3, 7, 33, 'Sun', 1, '127', 1, 0, '2026-01-16 19:27:48'),
(82, 3, 7, 33, 'Sun', 2, '127', 1, 0, '2026-01-16 19:28:04'),
(83, 3, 8, 57, 'Sun', 4, '127', 1, 0, '2026-01-16 19:28:42'),
(84, 3, 8, 57, 'Sun', 5, '127', 1, 0, '2026-01-16 19:29:13'),
(85, 3, 7, 33, 'Mon', 1, '127', 1, 0, '2026-01-16 19:30:01'),
(86, 3, 7, 33, 'Mon', 2, '127', 1, 0, '2026-01-16 19:30:09'),
(87, 3, 5, 54, 'Mon', 3, '127', 1, 0, '2026-01-16 19:30:44'),
(88, 3, 1, 49, 'Mon', 5, '127', 1, 0, '2026-01-16 19:31:09'),
(90, 3, 5, 54, 'Tue', 3, '127', 1, 0, '2026-01-16 19:32:05'),
(91, 3, 1, 45, 'Wed', 1, '127', 1, 0, '2026-01-16 19:32:33'),
(92, 3, 1, 45, 'Wed', 3, '127', 1, 0, '2026-01-16 19:32:47'),
(93, 3, 2, 51, 'Wed', 2, '127', 1, 0, '2026-01-16 19:33:13'),
(94, 3, 8, 57, 'Wed', 4, '127', 1, 0, '2026-01-16 19:33:42'),
(95, 3, 8, 57, 'Wed', 5, '127', 1, 0, '2026-01-16 19:33:51'),
(96, 3, 6, 50, 'Thu', 1, '127', 1, 0, '2026-01-16 19:34:17'),
(97, 3, 6, 50, 'Thu', 2, '127', 1, 0, '2026-01-16 19:34:27'),
(98, 3, 6, 50, 'Thu', 3, '127', 1, 0, '2026-01-16 19:34:34'),
(99, 3, 6, 50, 'Thu', 4, '127', 1, 0, '2026-01-16 19:34:49'),
(100, 3, 6, 50, 'Thu', 5, '127', 1, 0, '2026-01-16 19:34:58'),
(101, 3, 6, 40, 'Tue', 1, '127', 1, 0, '2026-01-16 19:44:03'),
(102, 3, 6, 40, 'Tue', 2, '127', 1, 0, '2026-01-16 19:44:09'),
(103, 3, 6, 40, 'Tue', 4, '127', 1, 0, '2026-01-16 19:45:17'),
(104, 3, 6, 40, 'Tue', 5, '127', 1, 0, '2026-01-16 19:45:23'),
(107, 3, 1, 86, 'Mon', 1, '129', 1, 0, '2026-01-16 19:53:32'),
(108, 3, 1, 86, 'Mon', 2, '129', 1, 0, '2026-01-16 19:53:59'),
(109, 3, 1, 87, 'Mon', 3, '129', 1, 0, '2026-01-16 19:54:11'),
(110, 3, 1, 86, 'Mon', 4, '129', 1, 0, '2026-01-16 19:54:22'),
(111, 3, 1, 87, 'Tue', 1, '129', 1, 0, '2026-01-16 19:54:41'),
(114, 3, 3, 82, 'Wed', 1, '129', 1, 0, '2026-01-16 19:55:43'),
(115, 3, 3, 82, 'Wed', 3, '129', 1, 0, '2026-01-16 19:55:49'),
(116, 3, 1, 87, 'Wed', 2, '129', 1, 0, '2026-01-16 19:56:08'),
(119, 3, 1, 86, 'Sun', 1, '129', 1, 0, '2026-01-16 19:58:57'),
(120, 3, 1, 86, 'Sun', 2, '129', 1, 0, '2026-01-16 19:59:02'),
(121, 3, 1, 89, 'Wed', 4, '129', 1, 0, '2026-01-16 19:59:30'),
(122, 3, 1, 89, 'Wed', 5, '129', 1, 0, '2026-01-16 19:59:37'),
(123, 3, 1, 86, 'Tue', 2, '129', 1, 0, '2026-01-16 20:05:14'),
(124, 3, 1, 89, 'Tue', 3, '129', 1, 0, '2026-01-16 20:05:23'),
(125, 3, 3, 82, 'Tue', 4, '129', 1, 0, '2026-01-18 12:33:49'),
(126, 3, 3, 82, 'Tue', 5, '129', 1, 0, '2026-01-18 12:33:59'),
(127, 4, 12, 42, 'Tue', 1, '127', 1, 0, '2026-02-04 17:46:46'),
(128, 4, 12, 42, 'Tue', 2, '127', 1, 0, '2026-02-04 17:46:53'),
(129, 4, 12, 42, 'Tue', 3, '127', 1, 0, '2026-02-04 17:47:00'),
(130, 4, 8, 57, 'Wed', 1, '127', 1, 0, '2026-02-04 18:00:06'),
(131, 4, 8, 57, 'Wed', 2, '127', 1, 0, '2026-02-04 18:00:18'),
(132, 4, 7, 33, 'Tue', 4, '127', 1, 0, '2026-02-04 18:05:17'),
(133, 4, 7, 33, 'Tue', 5, '127', 1, 0, '2026-02-04 18:05:26'),
(134, 4, 3, 52, 'Sun', 3, '127', 1, 0, '2026-02-04 18:09:31'),
(135, 4, 3, 82, 'Sun', 4, '129', 1, 0, '2026-02-04 18:10:12'),
(136, 4, 3, 82, 'Sun', 5, '129', 1, 0, '2026-02-04 18:10:19'),
(137, 4, 5, 54, 'Mon', 3, '127', 1, 0, '2026-02-04 18:11:40'),
(138, 4, 5, 36, 'Mon', 4, '127', 1, 0, '2026-02-04 18:11:51'),
(143, 4, 1, 89, 'Thu', 1, '129', 1, 0, '2026-02-04 18:19:01'),
(144, 4, 1, 89, 'Thu', 2, '129', 1, 0, '2026-02-04 18:19:12'),
(146, 4, 1, 89, 'Wed', 1, '129', 1, 0, '2026-02-04 18:19:45'),
(147, 4, 1, 89, 'Wed', 2, '129', 1, 0, '2026-02-04 18:19:50'),
(151, 4, 1, 49, 'Mon', 1, '127', 1, 0, '2026-02-04 18:23:05'),
(152, 4, 1, 49, 'Mon', 2, '127', 1, 0, '2026-02-04 18:23:16'),
(153, 4, 1, 45, 'Mon', 5, '127', 1, 0, '2026-02-04 18:23:35'),
(154, 4, 4, 38, 'Sun', 1, '127', 1, 0, '2026-02-04 18:24:33'),
(155, 4, 4, 38, 'Sun', 2, '127', 1, 0, '2026-02-04 18:24:41'),
(162, 4, 1, 89, 'Sun', 1, '129', 1, 0, '2026-02-04 18:32:16'),
(163, 4, 1, 89, 'Sun', 2, '129', 1, 0, '2026-02-04 18:32:22'),
(164, 4, 1, 89, 'Mon', 3, '129', 1, 0, '2026-02-04 18:33:51'),
(165, 4, 1, 89, 'Mon', 4, '129', 1, 0, '2026-02-04 18:33:57'),
(167, 4, 1, 45, 'Wed', 4, '127', 1, 0, '2026-02-04 18:37:06'),
(168, 4, 1, 45, 'Wed', 5, '127', 1, 0, '2026-02-04 18:37:11'),
(169, 4, 1, 89, 'Thu', 3, '129', 1, 0, '2026-02-04 20:42:50'),
(170, 4, 1, 90, 'Sun', 3, '129', 1, 0, '2026-02-04 20:45:12'),
(171, 4, 4, 84, 'Wed', 4, '129', 1, 0, '2026-02-04 20:57:43'),
(172, 4, 4, 84, 'Wed', 5, '129', 1, 0, '2026-02-04 20:57:49'),
(173, 4, 4, 84, 'Thu', 4, '129', 1, 0, '2026-02-04 20:58:03'),
(174, 4, 4, 84, 'Thu', 5, '129', 1, 0, '2026-02-04 20:58:09'),
(175, 4, 1, 90, 'Tue', 1, '129', 1, 0, '2026-02-04 20:58:55'),
(176, 4, 1, 90, 'Tue', 2, '129', 1, 0, '2026-02-04 20:59:03'),
(177, 4, 1, 90, 'Tue', 3, '129', 1, 0, '2026-02-04 20:59:22'),
(178, 4, 1, 90, 'Tue', 4, '129', 1, 0, '2026-02-04 21:01:20'),
(179, 4, 1, 89, 'Wed', 3, '129', 1, 0, '2026-02-04 21:14:18'),
(181, 4, 4, 38, 'Thu', 2, '127', 1, 0, '2026-02-07 07:45:42'),
(183, 4, 4, 38, 'Thu', 1, '127', 1, 0, '2026-02-07 07:52:02'),
(185, 5, 9, 41, 'Sun', 1, '127', 1, 0, '2026-02-11 19:45:01'),
(186, 5, 9, 41, 'Sun', 2, '127', 1, 0, '2026-02-11 19:45:13'),
(187, 5, 9, 41, 'Sun', 3, '127', 1, 0, '2026-02-11 19:45:20'),
(188, 5, 9, 41, 'Mon', 1, '127', 1, 0, '2026-02-11 19:45:47'),
(189, 5, 9, 41, 'Mon', 2, '127', 1, 0, '2026-02-11 19:45:52'),
(190, 5, 9, 41, 'Mon', 3, '127', 1, 0, '2026-02-11 19:45:57'),
(191, 5, 9, 41, 'Tue', 1, '127', 1, 0, '2026-02-11 19:46:12'),
(192, 5, 9, 41, 'Tue', 2, '127', 1, 0, '2026-02-11 19:46:16'),
(193, 5, 9, 41, 'Tue', 3, '127', 1, 0, '2026-02-11 19:46:21'),
(194, 5, 9, 41, 'Wed', 1, '127', 1, 0, '2026-02-11 19:46:26'),
(195, 5, 9, 41, 'Wed', 2, '127', 1, 0, '2026-02-11 19:46:31'),
(196, 5, 5, 36, 'Mon', 4, '127', 1, 0, '2026-02-11 19:47:48'),
(200, 5, 2, 51, 'Thu', 4, '127', 1, 0, '2026-02-11 20:19:17'),
(201, 5, 2, 51, 'Thu', 5, '127', 1, 0, '2026-02-11 20:19:24'),
(202, 5, 7, 33, 'Wed', 4, '127', 1, 0, '2026-02-11 20:20:24'),
(203, 5, 7, 33, 'Wed', 5, '127', 1, 0, '2026-02-11 20:20:29'),
(204, 5, 4, 55, 'Thu', 1, '127', 1, 0, '2026-02-11 20:22:35'),
(205, 5, 4, 55, 'Thu', 2, '127', 1, 0, '2026-02-11 20:22:43'),
(207, 5, 4, 55, 'Sun', 4, '127', 1, 0, '2026-02-11 20:24:08'),
(208, 5, 4, 55, 'Sun', 5, '127', 1, 0, '2026-02-11 20:24:17'),
(210, 5, 1, 45, 'Wed', 3, '127', 1, 0, '2026-02-11 20:27:11'),
(211, 5, 5, 54, 'Mon', 5, '127', 1, 0, '2026-02-11 21:27:45'),
(212, 5, 5, 36, 'Tue', 4, '127', 1, 0, '2026-02-11 21:28:20'),
(224, 5, 4, 84, 'Thu', 4, '129', 1, 0, '2026-02-12 17:01:20'),
(225, 5, 4, 84, 'Thu', 5, '129', 1, 0, '2026-02-12 17:01:27'),
(226, 5, 1, 89, 'Wed', 1, '129', 1, 0, '2026-02-12 21:13:52'),
(227, 5, 1, 90, 'Wed', 2, '129', 1, 0, '2026-02-12 21:14:06'),
(228, 5, 1, 90, 'Wed', 4, '129', 1, 0, '2026-02-12 21:14:25'),
(229, 5, 1, 90, 'Wed', 5, '129', 1, 0, '2026-02-12 21:14:33');

-- ----------------------------------------
-- Table structure for `doctor_slot_cancellations`
-- ----------------------------------------

DROP TABLE IF EXISTS `doctor_slot_cancellations`;
CREATE TABLE `doctor_slot_cancellations` (
  `slot_cancellation_id` bigint(20) unsigned NOT NULL AUTO_INCREMENT,
  `week_id` bigint(20) unsigned NOT NULL,
  `doctor_id` bigint(20) unsigned NOT NULL,
  `day_of_week` enum('Sun','Mon','Tue','Wed','Thu') NOT NULL,
  `slot_number` tinyint(3) unsigned NOT NULL COMMENT '1-5',
  `reason` varchar(255) DEFAULT NULL,
  `created_at` timestamp NOT NULL DEFAULT current_timestamp(),
  PRIMARY KEY (`slot_cancellation_id`),
  UNIQUE KEY `uq_week_doctor_day_slot` (`week_id`,`doctor_id`,`day_of_week`,`slot_number`),
  KEY `idx_slot_cancel_week` (`week_id`),
  KEY `fk_slot_cancel_doctor` (`doctor_id`),
  CONSTRAINT `fk_slot_cancel_doctor` FOREIGN KEY (`doctor_id`) REFERENCES `doctors` (`doctor_id`) ON UPDATE CASCADE,
  CONSTRAINT `fk_slot_cancel_week` FOREIGN KEY (`week_id`) REFERENCES `weeks` (`week_id`) ON UPDATE CASCADE
) ENGINE=InnoDB AUTO_INCREMENT=10 DEFAULT CHARSET=utf8mb4 COLLATE=utf8mb4_unicode_ci;


-- ----------------------------------------
-- Table structure for `doctor_unavailability`
-- ----------------------------------------

DROP TABLE IF EXISTS `doctor_unavailability`;
CREATE TABLE `doctor_unavailability` (
  `unavailability_id` bigint(20) unsigned NOT NULL AUTO_INCREMENT,
  `doctor_id` bigint(20) unsigned NOT NULL,
  `start_datetime` datetime NOT NULL,
  `end_datetime` datetime NOT NULL,
  `reason` varchar(255) DEFAULT NULL COMMENT 'e.g., Sick Leave, Conference, Personal',
  `created_at` timestamp NOT NULL DEFAULT current_timestamp(),
  PRIMARY KEY (`unavailability_id`),
  KEY `idx_unavailability_range` (`doctor_id`,`start_datetime`,`end_datetime`),
  CONSTRAINT `fk_unavailability_doctor` FOREIGN KEY (`doctor_id`) REFERENCES `doctors` (`doctor_id`) ON DELETE CASCADE ON UPDATE CASCADE
) ENGINE=InnoDB AUTO_INCREMENT=4 DEFAULT CHARSET=utf8mb4 COLLATE=utf8mb4_unicode_ci;

-- Dumping data for `doctor_unavailability`
INSERT INTO `doctor_unavailability` (`unavailability_id`, `doctor_id`, `start_datetime`, `end_datetime`, `reason`, `created_at`) VALUES
(1, 1, '2026-01-29 16:52:00', '2026-01-29 16:53:00', NULL, '2026-02-04 16:53:12'),
(3, 1, '2026-01-22 04:52:00', '2026-01-22 16:53:00', NULL, '2026-02-04 16:55:07');

-- ----------------------------------------
-- Table structure for `doctor_week_cancellations`
-- ----------------------------------------

DROP TABLE IF EXISTS `doctor_week_cancellations`;
CREATE TABLE `doctor_week_cancellations` (
  `cancellation_id` bigint(20) unsigned NOT NULL AUTO_INCREMENT,
  `week_id` bigint(20) unsigned NOT NULL,
  `doctor_id` bigint(20) unsigned NOT NULL,
  `day_of_week` enum('Sun','Mon','Tue','Wed','Thu') NOT NULL,
  `reason` varchar(255) DEFAULT NULL,
  `created_at` timestamp NOT NULL DEFAULT current_timestamp(),
  PRIMARY KEY (`cancellation_id`),
  UNIQUE KEY `uq_week_doctor_day` (`week_id`,`doctor_id`,`day_of_week`),
  KEY `fk_cancel_doctor` (`doctor_id`),
  CONSTRAINT `fk_cancel_doctor` FOREIGN KEY (`doctor_id`) REFERENCES `doctors` (`doctor_id`) ON UPDATE CASCADE,
  CONSTRAINT `fk_cancel_week` FOREIGN KEY (`week_id`) REFERENCES `weeks` (`week_id`) ON UPDATE CASCADE
) ENGINE=InnoDB AUTO_INCREMENT=9 DEFAULT CHARSET=utf8mb4 COLLATE=utf8mb4_unicode_ci;


-- ----------------------------------------
-- Table structure for `doctor_year_colors`
-- ----------------------------------------

DROP TABLE IF EXISTS `doctor_year_colors`;
CREATE TABLE `doctor_year_colors` (
  `doctor_id` bigint(20) unsigned NOT NULL,
  `year_level` tinyint(3) unsigned NOT NULL COMMENT '1-3',
  `color_code` char(7) NOT NULL DEFAULT '#0055A4',
  `updated_at` timestamp NOT NULL DEFAULT current_timestamp() ON UPDATE current_timestamp(),
  PRIMARY KEY (`doctor_id`,`year_level`)
) ENGINE=InnoDB DEFAULT CHARSET=utf8mb4 COLLATE=utf8mb4_unicode_ci;

-- Dumping data for `doctor_year_colors`
INSERT INTO `doctor_year_colors` (`doctor_id`, `year_level`, `color_code`, `updated_at`) VALUES
(1, 1, '#21A706', '2026-01-19 09:28:24'),
(1, 2, '#A76406', '2026-01-19 09:29:01'),
(1, 3, '#7C7BCC', '2026-01-19 09:29:01'),
(2, 1, '#F32537', '2026-01-15 14:17:49'),
(2, 2, '#25F4F0', '2026-01-15 14:17:49'),
(2, 3, '#6D25F4', '2026-01-15 14:17:49'),
(3, 1, '#79C1D2', '2026-01-15 13:09:04'),
(3, 2, '#BF79D2', '2026-01-15 13:09:04'),
(3, 3, '#D2CF79', '2026-01-15 13:09:04'),
(4, 1, '#D772E4', '2026-01-15 13:06:45'),
(4, 2, '#72CDE4', '2026-01-15 13:06:45'),
(4, 3, '#E4BA72', '2026-01-15 13:06:45'),
(5, 1, '#E2C765', '2026-01-15 13:05:07'),
(5, 2, '#F56505', '2026-01-15 14:15:32'),
(5, 3, '#E9A9EA', '2026-01-15 14:15:58'),
(6, 1, '#7365E2', '2026-02-05 15:38:13'),
(6, 2, '#65E2CD', '2026-02-05 15:38:13'),
(6, 3, '#B6E265', '2026-02-05 15:38:13'),
(7, 1, '#58748D', '2026-01-15 13:08:00'),
(7, 2, '#8D588B', '2026-01-15 13:08:00'),
(7, 3, '#8C8D58', '2026-01-15 13:08:00'),
(8, 1, '#A3009E', '2026-02-05 15:39:56'),
(8, 2, '#0031A3', '2026-02-05 15:39:56'),
(8, 3, '#E3EE91', '2026-02-05 15:40:08'),
(9, 1, '#A31000', '2026-02-11 19:34:12'),
(9, 2, '#A31000', '2026-02-11 19:34:12'),
(9, 3, '#A31000', '2026-02-11 19:34:12'),
(11, 1, '#A34F00', '2026-02-05 15:39:29'),
(11, 2, '#A34F00', '2026-02-05 15:39:29'),
(11, 3, '#A34F00', '2026-02-05 15:39:29'),
(12, 1, '#4900A3', '2026-02-06 09:55:30'),
(12, 2, '#B0D747', '2026-02-06 09:55:30'),
(12, 3, '#A34100', '2026-02-06 09:55:30');

-- ----------------------------------------
-- Table structure for `doctors`
-- ----------------------------------------

DROP TABLE IF EXISTS `doctors`;
CREATE TABLE `doctors` (
  `doctor_id` bigint(20) unsigned NOT NULL AUTO_INCREMENT,
  `full_name` varchar(200) NOT NULL,
  `email` varchar(254) NOT NULL,
  `phone_number` varchar(32) DEFAULT NULL,
  `color_code` char(7) NOT NULL DEFAULT '#0055A4' COMMENT 'Hex color like #RRGGBB',
  `doctor_type` varchar(16) NOT NULL DEFAULT 'Egyptian',
  `created_at` timestamp NOT NULL DEFAULT current_timestamp(),
  PRIMARY KEY (`doctor_id`),
  UNIQUE KEY `uq_doctors_email` (`email`),
  UNIQUE KEY `uq_doctors_color_code` (`color_code`)
) ENGINE=InnoDB AUTO_INCREMENT=13 DEFAULT CHARSET=utf8mb4 COLLATE=utf8mb4_unicode_ci;

-- Dumping data for `doctors`
INSERT INTO `doctors` (`doctor_id`, `full_name`, `email`, `phone_number`, `color_code`, `doctor_type`, `created_at`) VALUES
(1, 'Sherif Rostom', 'sherrost@yahoo.com', '+201017776756', '#21A706', 'Egyptian', '2025-12-29 20:03:37'),
(2, 'Prof. Asmaa El Sherif', 'asmaa_alsharif@yahoo.com', '+201001160631', '#F32537', 'Egyptian', '2025-12-29 20:05:59'),
(3, 'Dr. Farid', 'haddadism@hotmail.com', '+201022593899', '#79C1D2', 'Egyptian', '2025-12-29 20:07:03'),
(4, 'Dr. Hanan', 'hananghaly@gmail.com', '+201277116614', '#D772E4', 'Egyptian', '2025-12-29 20:07:38'),
(5, 'Dr. Norhan El Gebaly', 'nmelgebaly@gmail.com', '+201001160631', '#E2C765', 'Egyptian', '2025-12-29 20:08:44'),
(6, 'Dr. Asmaa Abd El Magid', 'asmaamagiud@gmail.com', NULL, '#7365E2', 'Egyptian', '2025-12-29 20:09:44'),
(7, 'Dr.Manal El Shafii', 'mchafei.manalchafei@gmail.com', '+201114666522', '#58748D', 'Egyptian', '2025-12-30 23:29:14'),
(8, 'Dr.Reem', 'ream@gmail.com', '+201033515666', '#A3009E', 'Egyptian', '2025-12-31 14:35:28'),
(9, 'chrsitophe lohou', 'Missionnaire@gmail.com', NULL, '#A31000', 'French', '2026-01-01 16:56:51'),
(10, 'Aya Younes', 'Aya@gmail.com', NULL, '#00A388', 'Egyptian', '2026-01-01 17:11:46'),
(11, 'Dr. Khaled', 'Khaled@gmail.com', NULL, '#A34F00', 'Egyptian', '2026-01-01 17:44:35'),
(12, 'Mutasim', 'mont@gmail.com', '+201023319036', '#D742BB', 'Egyptian', '2026-02-04 17:38:54');

-- ----------------------------------------
-- Table structure for `evaluation_categories`
-- ----------------------------------------

DROP TABLE IF EXISTS `evaluation_categories`;
CREATE TABLE `evaluation_categories` (
  `category_key` varchar(40) NOT NULL,
  `label` varchar(120) NOT NULL,
  `sort_order` int(11) NOT NULL DEFAULT 0,
  PRIMARY KEY (`category_key`)
) ENGINE=InnoDB DEFAULT CHARSET=utf8mb4 COLLATE=utf8mb4_unicode_ci;

-- Dumping data for `evaluation_categories`
INSERT INTO `evaluation_categories` (`category_key`, `label`, `sort_order`) VALUES
('assignments', 'Assignments', 6),
('attendance', 'Attendance', 0),
('exams', 'Exams', 4),
('participation', 'Participation', 1),
('presentations', 'Presentations', 5),
('projects', 'Projects', 2),
('quizzes', 'Quizzes', 3),
('web_page_container', 'WEB Page Container', 0);

-- ----------------------------------------
-- Table structure for `evaluation_config_items`
-- ----------------------------------------

DROP TABLE IF EXISTS `evaluation_config_items`;
CREATE TABLE `evaluation_config_items` (
  `item_id` bigint(20) unsigned NOT NULL AUTO_INCREMENT,
  `config_id` bigint(20) unsigned NOT NULL,
  `category_key` varchar(40) NOT NULL,
  `item_label` varchar(120) NOT NULL,
  `weight` decimal(6,2) NOT NULL DEFAULT 0.00,
  `sort_order` int(11) NOT NULL DEFAULT 0,
  PRIMARY KEY (`item_id`),
  KEY `idx_eval_item_config` (`config_id`),
  KEY `idx_eval_item_category` (`category_key`)
) ENGINE=InnoDB AUTO_INCREMENT=41 DEFAULT CHARSET=utf8mb4 COLLATE=utf8mb4_unicode_ci;

-- Dumping data for `evaluation_config_items`
INSERT INTO `evaluation_config_items` (`item_id`, `config_id`, `category_key`, `item_label`, `weight`, `sort_order`) VALUES
(1, 1, 'attendance', 'Attendance', '10.00', 0),
(2, 1, 'projects', 'Item_1', '20.00', 1),
(3, 1, 'projects', 'Item_2', '20.00', 2),
(4, 1, 'projects', 'Item_3', '20.00', 3),
(5, 1, 'participation', 'paricipate', '10.00', 4),
(6, 1, 'assignments', 'Item_1', '10.00', 5),
(7, 1, 'assignments', 'Item_2', '10.00', 6),
(8, 2, 'attendance', 'Attendance', '10.00', 0),
(9, 2, 'participation', 'Participate', '20.00', 1),
(10, 2, 'presentations', 'Presentation_1', '25.00', 2),
(11, 2, 'presentations', 'Presentation_2', '25.00', 3),
(12, 2, 'web_page_container', 'Total Web Page', '20.00', 4),
(13, 3, 'participation', 'Participate', '10.00', 0),
(14, 3, 'assignments', 'Item_1', '10.00', 1),
(15, 3, 'assignments', 'Item_2', '10.00', 2),
(16, 3, 'assignments', 'Item_3', '10.00', 3),
(17, 3, 'assignments', 'Item_4', '10.00', 4),
(18, 3, 'assignments', 'Item_5', '10.00', 5),
(19, 3, 'assignments', 'Item_6', '10.00', 6),
(20, 3, 'assignments', 'Item_7', '10.00', 7),
(21, 3, 'attendance', 'Attendance', '10.00', 8),
(22, 3, 'presentations', 'Presentation', '10.00', 9),
(35, 4, 'attendance', 'Attendance', '10.00', 0),
(36, 4, 'participation', 'Course Participation', '10.00', 1),
(37, 4, 'web_page_container', 'Using Git-Hub and Git', '10.00', 2),
(38, 4, 'presentations', 'To-Do Presentation', '10.00', 3),
(39, 4, 'presentations', 'Personal Presentation - Self Project', '40.00', 4),
(40, 4, 'presentations', 'Final Presentation sicussion', '20.00', 5);

-- ----------------------------------------
-- Table structure for `evaluation_configs`
-- ----------------------------------------

DROP TABLE IF EXISTS `evaluation_configs`;
CREATE TABLE `evaluation_configs` (
  `config_id` bigint(20) unsigned NOT NULL AUTO_INCREMENT,
  `course_id` bigint(20) unsigned NOT NULL,
  `doctor_id` bigint(20) unsigned NOT NULL,
  `created_at` timestamp NOT NULL DEFAULT current_timestamp(),
  `updated_at` timestamp NOT NULL DEFAULT current_timestamp() ON UPDATE current_timestamp(),
  PRIMARY KEY (`config_id`),
  UNIQUE KEY `uq_eval_config` (`course_id`,`doctor_id`),
  KEY `idx_eval_config_course` (`course_id`),
  KEY `idx_eval_config_doctor` (`doctor_id`)
) ENGINE=InnoDB AUTO_INCREMENT=7 DEFAULT CHARSET=utf8mb4 COLLATE=utf8mb4_unicode_ci;

-- Dumping data for `evaluation_configs`
INSERT INTO `evaluation_configs` (`config_id`, `course_id`, `doctor_id`, `created_at`, `updated_at`) VALUES
(1, 42, 0, '2026-01-27 11:39:41', '2026-01-27 11:39:41'),
(2, 49, 1, '2026-01-29 11:55:31', '2026-01-29 11:55:31'),
(3, 45, 1, '2026-01-29 12:09:45', '2026-01-29 12:09:45'),
(4, 45, 0, '2026-02-11 12:47:52', '2026-02-11 12:49:54');

-- ----------------------------------------
-- Table structure for `evaluation_grade_items`
-- ----------------------------------------

DROP TABLE IF EXISTS `evaluation_grade_items`;
CREATE TABLE `evaluation_grade_items` (
  `grade_item_id` bigint(20) unsigned NOT NULL AUTO_INCREMENT,
  `grade_id` bigint(20) unsigned NOT NULL,
  `item_id` bigint(20) unsigned NOT NULL,
  `score` decimal(5,2) NOT NULL DEFAULT 0.00,
  PRIMARY KEY (`grade_item_id`),
  UNIQUE KEY `uq_eval_grade_item` (`grade_id`,`item_id`),
  KEY `idx_eval_grade_item_grade` (`grade_id`),
  KEY `idx_eval_grade_item_item` (`item_id`)
) ENGINE=InnoDB AUTO_INCREMENT=409 DEFAULT CHARSET=utf8mb4 COLLATE=utf8mb4_unicode_ci;

-- Dumping data for `evaluation_grade_items`
INSERT INTO `evaluation_grade_items` (`grade_item_id`, `grade_id`, `item_id`, `score`) VALUES
(1, 1, 2, '9.00'),
(2, 1, 3, '7.00'),
(3, 1, 4, '8.00'),
(4, 1, 5, '9.00'),
(5, 1, 6, '2.00'),
(6, 1, 7, '6.00'),
(51, 30, 9, '15.00'),
(52, 30, 10, '20.00'),
(53, 30, 11, '20.00'),
(54, 30, 12, '14.00'),
(55, 32, 9, '17.00'),
(56, 32, 10, '16.00'),
(57, 32, 11, '16.00'),
(58, 32, 12, '12.00'),
(59, 33, 9, '14.00'),
(60, 33, 10, '15.00'),
(61, 33, 11, '12.00'),
(62, 33, 12, '17.00'),
(63, 34, 9, '12.00'),
(64, 34, 10, '18.00'),
(65, 34, 11, '22.00'),
(66, 34, 12, '18.00'),
(67, 35, 9, '4.00'),
(68, 35, 10, '2.00'),
(69, 35, 11, '2.00'),
(70, 35, 12, '6.00'),
(71, 36, 9, '14.00'),
(72, 36, 10, '12.00'),
(73, 36, 11, '15.00'),
(74, 36, 12, '17.00'),
(75, 37, 9, '8.00'),
(76, 37, 10, '14.00'),
(77, 37, 11, '16.00'),
(78, 37, 12, '14.00'),
(79, 38, 9, '8.00'),
(80, 38, 10, '22.00'),
(81, 38, 11, '23.00'),
(82, 38, 12, '12.00'),
(83, 39, 9, '20.00'),
(84, 39, 10, '18.00'),
(85, 39, 11, '20.00'),
(86, 39, 12, '18.00'),
(87, 40, 9, '10.00'),
(88, 40, 10, '12.00'),
(89, 40, 11, '13.00'),
(90, 40, 12, '14.00'),
(91, 41, 9, '14.00'),
(92, 41, 10, '12.00'),
(93, 41, 11, '12.00'),
(94, 41, 12, '14.00'),
(95, 42, 9, '18.00'),
(96, 42, 10, '22.00'),
(97, 42, 11, '22.00'),
(98, 42, 12, '18.00'),
(99, 43, 9, '16.00'),
(100, 43, 10, '20.00'),
(101, 43, 11, '20.00'),
(102, 43, 12, '20.00'),
(103, 44, 9, '0.00'),
(104, 44, 10, '0.00'),
(105, 44, 11, '0.00'),
(106, 44, 12, '1.00'),
(107, 45, 9, '8.00'),
(108, 45, 10, '10.00'),
(109, 45, 11, '10.00'),
(110, 45, 12, '14.00'),
(111, 117, 13, '8.00'),
(112, 117, 14, '6.00'),
(113, 117, 15, '7.00'),
(114, 117, 16, '4.00'),
(115, 117, 17, '8.00'),
(116, 117, 18, '7.00'),
(117, 117, 19, '8.00'),
(118, 117, 20, '6.00'),
(119, 117, 22, '0.00'),
(381, 146, 38, '10.00'),
(382, 147, 38, '0.00'),
(383, 148, 38, '10.00'),
(384, 149, 38, '0.00'),
(385, 150, 38, '0.00'),
(386, 151, 38, '0.00'),
(387, 152, 38, '10.00'),
(388, 153, 38, '7.00'),
(389, 154, 38, '10.00'),
(390, 155, 38, '10.00'),
(391, 155, 39, '40.00'),
(392, 156, 38, '0.00'),
(393, 157, 38, '0.00'),
(394, 158, 38, '10.00'),
(395, 159, 38, '10.00'),
(396, 160, 38, '0.00'),
(397, 161, 38, '10.00'),
(398, 162, 38, '0.00'),
(399, 163, 38, '0.00'),
(400, 164, 38, '10.00'),
(401, 165, 38, '10.00'),
(402, 166, 38, '6.00'),
(403, 167, 38, '0.00'),
(404, 168, 38, '0.00'),
(405, 169, 38, '0.00'),
(406, 170, 38, '10.00'),
(407, 171, 38, '0.00'),
(408, 172, 38, '0.00');

-- ----------------------------------------
-- Table structure for `evaluation_grades`
-- ----------------------------------------

DROP TABLE IF EXISTS `evaluation_grades`;
CREATE TABLE `evaluation_grades` (
  `grade_id` bigint(20) unsigned NOT NULL AUTO_INCREMENT,
  `course_id` bigint(20) unsigned NOT NULL,
  `doctor_id` bigint(20) unsigned NOT NULL,
  `student_id` bigint(20) unsigned NOT NULL,
  `attendance_score` decimal(5,2) DEFAULT NULL,
  `final_score` decimal(5,2) DEFAULT NULL,
  `created_at` timestamp NOT NULL DEFAULT current_timestamp(),
  `updated_at` timestamp NOT NULL DEFAULT current_timestamp() ON UPDATE current_timestamp(),
  PRIMARY KEY (`grade_id`),
  UNIQUE KEY `uq_eval_grade` (`course_id`,`doctor_id`,`student_id`),
  KEY `idx_eval_grade_course` (`course_id`),
  KEY `idx_eval_grade_doctor` (`doctor_id`),
  KEY `idx_eval_grade_student` (`student_id`)
) ENGINE=InnoDB AUTO_INCREMENT=639 DEFAULT CHARSET=utf8mb4 COLLATE=utf8mb4_unicode_ci;

-- Dumping data for `evaluation_grades`
INSERT INTO `evaluation_grades` (`grade_id`, `course_id`, `doctor_id`, `student_id`, `attendance_score`, `final_score`, `created_at`, `updated_at`) VALUES
(1, 42, 0, 1, '0.00', '8.20', '2026-01-27 11:41:02', '2026-01-27 11:41:02'),
(2, 42, 0, 2, '0.00', '0.00', '2026-01-27 11:41:02', '2026-01-27 11:41:02'),
(3, 42, 0, 3, '0.00', '0.00', '2026-01-27 11:41:02', '2026-01-27 11:41:02'),
(4, 42, 0, 4, '0.00', '0.00', '2026-01-27 11:41:02', '2026-01-27 11:41:02'),
(5, 42, 0, 5, '0.00', '0.00', '2026-01-27 11:41:02', '2026-01-27 11:41:02'),
(6, 42, 0, 6, '0.00', '0.00', '2026-01-27 11:41:02', '2026-01-27 11:41:02'),
(7, 42, 0, 7, '0.00', '0.00', '2026-01-27 11:41:02', '2026-01-27 11:41:02'),
(8, 42, 0, 8, '0.00', '0.00', '2026-01-27 11:41:02', '2026-01-27 11:41:02'),
(9, 42, 0, 9, '0.00', '0.00', '2026-01-27 11:41:02', '2026-01-27 11:41:02'),
(10, 42, 0, 10, '0.00', '0.00', '2026-01-27 11:41:02', '2026-01-27 11:41:02'),
(11, 42, 0, 11, '0.00', '0.00', '2026-01-27 11:41:02', '2026-01-27 11:41:02'),
(12, 42, 0, 12, '0.00', '0.00', '2026-01-27 11:41:02', '2026-01-27 11:41:02'),
(13, 42, 0, 13, '0.00', '0.00', '2026-01-27 11:41:02', '2026-01-27 11:41:02'),
(14, 42, 0, 14, '0.00', '0.00', '2026-01-27 11:41:03', '2026-01-27 11:41:03'),
(15, 42, 0, 15, '0.00', '0.00', '2026-01-27 11:41:03', '2026-01-27 11:41:03'),
(16, 42, 0, 16, '0.00', '0.00', '2026-01-27 11:41:03', '2026-01-27 11:41:03'),
(17, 42, 0, 17, '0.00', '0.00', '2026-01-27 11:41:03', '2026-01-27 11:41:03'),
(18, 42, 0, 18, '0.00', '0.00', '2026-01-27 11:41:03', '2026-01-27 11:41:03'),
(19, 42, 0, 19, '0.00', '0.00', '2026-01-27 11:41:03', '2026-01-27 11:41:03'),
(20, 42, 0, 20, '0.00', '0.00', '2026-01-27 11:41:03', '2026-01-27 11:41:03'),
(21, 42, 0, 21, '0.00', '0.00', '2026-01-27 11:41:03', '2026-01-27 11:41:03'),
(22, 42, 0, 22, '0.00', '0.00', '2026-01-27 11:41:03', '2026-01-27 11:41:03'),
(23, 42, 0, 23, '0.00', '0.00', '2026-01-27 11:41:03', '2026-01-27 11:41:03'),
(24, 42, 0, 24, '0.00', '0.00', '2026-01-27 11:41:03', '2026-01-27 11:41:03'),
(25, 42, 0, 25, '0.00', '0.00', '2026-01-27 11:41:03', '2026-01-27 11:41:03'),
(26, 42, 0, 26, '0.00', '0.00', '2026-01-27 11:41:03', '2026-01-27 11:41:03'),
(27, 42, 0, 27, '0.00', '0.00', '2026-01-27 11:41:03', '2026-01-27 11:41:03'),
(28, 42, 0, 28, '0.00', '0.00', '2026-01-27 11:41:03', '2026-01-27 11:41:03'),
(29, 42, 0, 29, '0.00', '0.00', '2026-01-27 11:41:03', '2026-01-27 11:41:03'),
(30, 49, 1, 1, '20.00', '15.80', '2026-01-29 11:56:57', '2026-01-29 12:01:21'),
(31, 49, 1, 2, '0.00', '0.00', '2026-01-29 11:56:57', '2026-01-29 12:01:21'),
(32, 49, 1, 3, '20.00', '14.20', '2026-01-29 11:56:57', '2026-01-29 12:01:21'),
(33, 49, 1, 4, '20.00', '13.60', '2026-01-29 11:56:57', '2026-01-29 12:01:21'),
(34, 49, 1, 5, '20.00', '16.00', '2026-01-29 11:56:57', '2026-01-29 12:01:21'),
(35, 49, 1, 6, '20.00', '4.80', '2026-01-29 11:56:57', '2026-01-29 12:01:21'),
(36, 49, 1, 7, '20.00', '13.60', '2026-01-29 11:56:57', '2026-01-29 12:01:21'),
(37, 49, 1, 8, '20.00', '12.40', '2026-01-29 11:56:57', '2026-01-29 12:01:21'),
(38, 49, 1, 9, '20.00', '15.00', '2026-01-29 11:56:57', '2026-01-29 12:01:21'),
(39, 49, 1, 10, '20.00', '17.20', '2026-01-29 11:56:57', '2026-01-29 12:01:21'),
(40, 49, 1, 11, '20.00', '11.80', '2026-01-29 11:56:57', '2026-01-29 12:01:21'),
(41, 49, 1, 12, '20.00', '12.40', '2026-01-29 11:56:57', '2026-01-29 12:01:22'),
(42, 49, 1, 13, '20.00', '18.00', '2026-01-29 11:56:57', '2026-01-29 12:01:22'),
(43, 49, 1, 14, '20.00', '17.20', '2026-01-29 11:56:57', '2026-01-29 12:01:22'),
(44, 49, 1, 15, '20.00', '2.20', '2026-01-29 11:56:57', '2026-01-29 12:01:22'),
(45, 49, 1, 16, '0.00', '8.40', '2026-01-29 11:56:57', '2026-01-29 12:01:22'),
(46, 49, 1, 17, '20.00', '2.00', '2026-01-29 11:56:57', '2026-01-29 12:01:22'),
(47, 49, 1, 18, '20.00', '2.00', '2026-01-29 11:56:57', '2026-01-29 12:01:22'),
(48, 49, 1, 19, '20.00', '2.00', '2026-01-29 11:56:57', '2026-01-29 12:01:22'),
(49, 49, 1, 20, '0.00', '0.00', '2026-01-29 11:56:57', '2026-01-29 12:01:22'),
(50, 49, 1, 21, '20.00', '2.00', '2026-01-29 11:56:57', '2026-01-29 12:01:22'),
(51, 49, 1, 22, '20.00', '2.00', '2026-01-29 11:56:57', '2026-01-29 12:01:22'),
(52, 49, 1, 23, '0.00', '0.00', '2026-01-29 11:56:57', '2026-01-29 12:01:22'),
(53, 49, 1, 24, '20.00', '2.00', '2026-01-29 11:56:57', '2026-01-29 12:01:22'),
(54, 49, 1, 25, '20.00', '2.00', '2026-01-29 11:56:57', '2026-01-29 12:01:22'),
(55, 49, 1, 26, '20.00', '2.00', '2026-01-29 11:56:57', '2026-01-29 12:01:22'),
(56, 49, 1, 27, '20.00', '2.00', '2026-01-29 11:56:57', '2026-01-29 12:01:22'),
(57, 49, 1, 28, '0.00', '0.00', '2026-01-29 11:56:57', '2026-01-29 12:01:22'),
(58, 49, 1, 29, '0.00', '0.00', '2026-01-29 11:56:57', '2026-01-29 12:01:22'),
(117, 45, 1, 1, '20.00', '12.80', '2026-01-29 12:10:20', '2026-01-29 12:10:20'),
(118, 45, 1, 2, '0.00', '0.00', '2026-01-29 12:10:20', '2026-01-29 12:10:20'),
(119, 45, 1, 3, '20.00', '2.00', '2026-01-29 12:10:20', '2026-01-29 12:10:20'),
(120, 45, 1, 4, '20.00', '2.00', '2026-01-29 12:10:20', '2026-01-29 12:10:20'),
(121, 45, 1, 5, '20.00', '2.00', '2026-01-29 12:10:20', '2026-01-29 12:10:20'),
(122, 45, 1, 6, '20.00', '2.00', '2026-01-29 12:10:20', '2026-01-29 12:10:20'),
(123, 45, 1, 7, '20.00', '2.00', '2026-01-29 12:10:20', '2026-01-29 12:10:20'),
(124, 45, 1, 8, '20.00', '2.00', '2026-01-29 12:10:20', '2026-01-29 12:10:20'),
(125, 45, 1, 9, '20.00', '2.00', '2026-01-29 12:10:20', '2026-01-29 12:10:20'),
(126, 45, 1, 10, '20.00', '2.00', '2026-01-29 12:10:20', '2026-01-29 12:10:20'),
(127, 45, 1, 11, '0.00', '0.00', '2026-01-29 12:10:20', '2026-01-29 12:10:20'),
(128, 45, 1, 12, '20.00', '2.00', '2026-01-29 12:10:20', '2026-01-29 12:10:20'),
(129, 45, 1, 13, '20.00', '2.00', '2026-01-29 12:10:20', '2026-01-29 12:10:20'),
(130, 45, 1, 14, '20.00', '2.00', '2026-01-29 12:10:20', '2026-01-29 12:10:20'),
(131, 45, 1, 15, '20.00', '2.00', '2026-01-29 12:10:20', '2026-01-29 12:10:20'),
(132, 45, 1, 16, '20.00', '2.00', '2026-01-29 12:10:20', '2026-01-29 12:10:20'),
(133, 45, 1, 17, '20.00', '2.00', '2026-01-29 12:10:20', '2026-01-29 12:10:20'),
(134, 45, 1, 18, '20.00', '2.00', '2026-01-29 12:10:20', '2026-01-29 12:10:20'),
(135, 45, 1, 19, '20.00', '2.00', '2026-01-29 12:10:20', '2026-01-29 12:10:20'),
(136, 45, 1, 20, '0.00', '0.00', '2026-01-29 12:10:20', '2026-01-29 12:10:20'),
(137, 45, 1, 21, '20.00', '2.00', '2026-01-29 12:10:20', '2026-01-29 12:10:20'),
(138, 45, 1, 22, '20.00', '2.00', '2026-01-29 12:10:20', '2026-01-29 12:10:20'),
(139, 45, 1, 23, '0.00', '0.00', '2026-01-29 12:10:20', '2026-01-29 12:10:20'),
(140, 45, 1, 24, '20.00', '2.00', '2026-01-29 12:10:20', '2026-01-29 12:10:20'),
(141, 45, 1, 25, '20.00', '2.00', '2026-01-29 12:10:20', '2026-01-29 12:10:20'),
(142, 45, 1, 26, '20.00', '2.00', '2026-01-29 12:10:20', '2026-01-29 12:10:20'),
(143, 45, 1, 27, '20.00', '2.00', '2026-01-29 12:10:20', '2026-01-29 12:10:20'),
(144, 45, 1, 28, '0.00', '0.00', '2026-01-29 12:10:20', '2026-01-29 12:10:20'),
(145, 45, 1, 29, '0.00', '0.00', '2026-01-29 12:10:20', '2026-01-29 12:10:20'),
(146, 45, 0, 1, '5.56', '3.11', '2026-02-11 13:39:47', '2026-02-12 09:44:43'),
(147, 45, 0, 2, '0.00', '0.00', '2026-02-11 13:39:47', '2026-02-12 09:44:43'),
(148, 45, 0, 3, '5.56', '3.11', '2026-02-11 13:39:47', '2026-02-12 09:44:43'),
(149, 45, 0, 4, '4.44', '0.89', '2026-02-11 13:39:47', '2026-02-12 09:44:43'),
(150, 45, 0, 5, '3.33', '0.67', '2026-02-11 13:39:47', '2026-02-12 09:44:43'),
(151, 45, 0, 6, '4.44', '0.89', '2026-02-11 13:39:47', '2026-02-12 09:44:43'),
(152, 45, 0, 7, '6.67', '3.33', '2026-02-11 13:39:47', '2026-02-12 09:44:43'),
(153, 45, 0, 8, '7.78', '2.96', '2026-02-11 13:39:47', '2026-02-12 09:44:43'),
(154, 45, 0, 9, '8.89', '3.78', '2026-02-11 13:39:47', '2026-02-12 09:44:43'),
(155, 45, 0, 10, '8.89', '11.78', '2026-02-11 13:39:47', '2026-02-12 09:44:43'),
(156, 45, 0, 11, '0.00', '0.00', '2026-02-11 13:39:47', '2026-02-12 09:44:43'),
(157, 45, 0, 12, '4.44', '0.89', '2026-02-11 13:39:47', '2026-02-12 09:44:43'),
(158, 45, 0, 13, '6.67', '3.33', '2026-02-11 13:39:47', '2026-02-12 09:44:43'),
(159, 45, 0, 14, '6.67', '3.33', '2026-02-11 13:39:47', '2026-02-12 09:44:43'),
(160, 45, 0, 15, '5.56', '1.11', '2026-02-11 13:39:47', '2026-02-12 09:44:43'),
(161, 45, 0, 16, '4.44', '2.89', '2026-02-11 13:39:47', '2026-02-12 09:44:43'),
(162, 45, 0, 17, '7.78', '1.56', '2026-02-11 13:39:48', '2026-02-12 09:44:43'),
(163, 45, 0, 18, '7.78', '1.56', '2026-02-11 13:39:48', '2026-02-12 09:44:43'),
(164, 45, 0, 19, '8.89', '3.78', '2026-02-11 13:39:48', '2026-02-12 09:44:43'),
(165, 45, 0, 20, '3.33', '2.67', '2026-02-11 13:39:48', '2026-02-12 09:44:43'),
(166, 45, 0, 21, '8.89', '2.98', '2026-02-11 13:39:48', '2026-02-12 09:44:43'),
(167, 45, 0, 22, '6.67', '1.33', '2026-02-11 13:39:48', '2026-02-12 09:44:43'),
(168, 45, 0, 23, '0.00', '0.00', '2026-02-11 13:39:48', '2026-02-12 09:44:43'),
(169, 45, 0, 24, '6.67', '1.33', '2026-02-11 13:39:48', '2026-02-12 09:44:43'),
(170, 45, 0, 25, '6.67', '3.33', '2026-02-11 13:39:48', '2026-02-12 09:44:43'),
(171, 45, 0, 26, '5.56', '1.11', '2026-02-11 13:39:48', '2026-02-12 09:44:43'),
(172, 45, 0, 27, '3.33', '0.67', '2026-02-11 13:39:48', '2026-02-12 09:44:43'),
(173, 45, 0, 28, '2.22', '0.44', '2026-02-11 13:39:48', '2026-02-12 09:44:43'),
(174, 45, 0, 29, '0.00', '0.00', '2026-02-11 13:39:48', '2026-02-12 09:44:43');

-- ----------------------------------------
-- Table structure for `events`
-- ----------------------------------------

DROP TABLE IF EXISTS `events`;
CREATE TABLE `events` (
  `event_id` bigint(20) unsigned NOT NULL AUTO_INCREMENT,
  `title` varchar(200) NOT NULL,
  `description` text DEFAULT NULL,
  `week_id` bigint(20) unsigned DEFAULT NULL,
  `doctor_id` bigint(20) unsigned DEFAULT NULL,
  `room_code` varchar(50) DEFAULT NULL,
  `event_date` date NOT NULL,
  `start_time` time NOT NULL,
  `end_time` time NOT NULL,
  `created_by_admin_id` bigint(20) unsigned DEFAULT NULL,
  `created_at` timestamp NOT NULL DEFAULT current_timestamp(),
  PRIMARY KEY (`event_id`),
  KEY `idx_events_date` (`event_date`),
  KEY `idx_events_week` (`week_id`),
  KEY `idx_events_doctor` (`doctor_id`),
  KEY `idx_events_room` (`room_code`),
  KEY `idx_events_admin` (`created_by_admin_id`),
  CONSTRAINT `fk_events_admin` FOREIGN KEY (`created_by_admin_id`) REFERENCES `admins` (`admin_id`) ON DELETE SET NULL ON UPDATE CASCADE,
  CONSTRAINT `fk_events_doctor` FOREIGN KEY (`doctor_id`) REFERENCES `doctors` (`doctor_id`) ON DELETE SET NULL ON UPDATE CASCADE,
  CONSTRAINT `fk_events_week` FOREIGN KEY (`week_id`) REFERENCES `weeks` (`week_id`) ON DELETE SET NULL ON UPDATE CASCADE
) ENGINE=InnoDB DEFAULT CHARSET=utf8mb4 COLLATE=utf8mb4_unicode_ci;


-- ----------------------------------------
-- Table structure for `floors`
-- ----------------------------------------

DROP TABLE IF EXISTS `floors`;
CREATE TABLE `floors` (
  `floor_id` bigint(20) unsigned NOT NULL AUTO_INCREMENT,
  `floor_name` varchar(80) NOT NULL,
  `created_at` timestamp NOT NULL DEFAULT current_timestamp(),
  PRIMARY KEY (`floor_id`),
  UNIQUE KEY `uq_floors_name` (`floor_name`)
) ENGINE=InnoDB DEFAULT CHARSET=utf8mb4 COLLATE=utf8mb4_unicode_ci;


-- ----------------------------------------
-- Table structure for `portal_users`
-- ----------------------------------------

DROP TABLE IF EXISTS `portal_users`;
CREATE TABLE `portal_users` (
  `user_id` bigint(20) unsigned NOT NULL AUTO_INCREMENT,
  `username` varchar(80) NOT NULL,
  `password_hash` varchar(255) NOT NULL,
  `role` enum('admin','management','teacher','student') NOT NULL,
  `doctor_id` bigint(20) unsigned DEFAULT NULL,
  `student_id` bigint(20) unsigned DEFAULT NULL,
  `allowed_pages_json` longtext DEFAULT NULL,
  `is_active` tinyint(1) NOT NULL DEFAULT 1,
  `created_at` timestamp NOT NULL DEFAULT current_timestamp(),
  `updated_at` timestamp NOT NULL DEFAULT current_timestamp() ON UPDATE current_timestamp(),
  PRIMARY KEY (`user_id`),
  UNIQUE KEY `uniq_username` (`username`),
  KEY `idx_role` (`role`),
  KEY `idx_doctor_id` (`doctor_id`),
  KEY `idx_student_id` (`student_id`)
) ENGINE=InnoDB AUTO_INCREMENT=12 DEFAULT CHARSET=utf8mb4 COLLATE=utf8mb4_unicode_ci;

-- Dumping data for `portal_users`
INSERT INTO `portal_users` (`user_id`, `username`, `password_hash`, `role`, `doctor_id`, `student_id`, `allowed_pages_json`, `is_active`, `created_at`, `updated_at`) VALUES
(1, 'admin', '$2y$10$/aXYqYpoUQvFMcJTSlxwT.00LHR466Ym8ETLD.PDwtFkUup2jrNba', 'admin', NULL, NULL, NULL, 1, '2026-01-11 10:51:03', '2026-01-11 10:51:03'),
(3, 'Manal', '$2y$10$0vuxVILruXcDGUL6J2dPPuntuX5/20rp.pwPYYAhRsoKk7I0b8OcK', 'teacher', 7, NULL, '[\"doctor.php\",\"attendance.php\",\"evaluation.php\",\"hours_report.php\",\"hours_report_detail.php\",\"evaluation_reports.php\",\"attendance_report.php\",\"profile.php\"]', 1, '2026-01-15 13:01:28', '2026-02-10 13:41:09'),
(4, 'Nourhan', '$2y$10$fcw2v127gIPBTyp4E1wrdONcbRylODN12N2J5afrEE6Gxjosr/vKK', 'teacher', 5, NULL, '[\"doctor.php\",\"attendance.php\",\"evaluation.php\",\"hours_report.php\",\"hours_report_detail.php\",\"evaluation_reports.php\",\"attendance_report.php\",\"profile.php\"]', 1, '2026-01-26 21:19:01', '2026-02-10 10:55:53'),
(5, 'Sherif', '$2y$10$3chYhWhlEyYpn9GFifGoHOU1YZmoWx0/4CBb1tKa6hKZoXr0w1ZLK', 'teacher', 1, NULL, '[\"doctor.php\",\"attendance.php\",\"evaluation.php\",\"hours_report.php\",\"hours_report_detail.php\",\"evaluation_reports.php\",\"attendance_report.php\",\"profile.php\"]', 1, '2026-01-29 11:24:41', '2026-02-10 10:55:34'),
(6, 'Farid', '$2y$10$2bYGwiwf75Ils9sCLTsa7.XHMmZ6mzk.vxaSlBJzi10/4NtYoGUwe', 'teacher', 3, NULL, '[\"doctor.php\",\"attendance.php\",\"evaluation.php\",\"hours_report.php\",\"hours_report_detail.php\",\"evaluation_reports.php\",\"attendance_report.php\",\"profile.php\"]', 1, '2026-02-05 12:11:28', '2026-02-10 10:55:29'),
(7, 'Hanan', '$2y$10$ve..z72sSke3so8eIOjQZuMeiS0YKlwBeGAOkvHxwpNRvode5Basm', 'teacher', 4, NULL, '[\"doctor.php\",\"attendance.php\",\"evaluation.php\",\"hours_report.php\",\"hours_report_detail.php\",\"evaluation_reports.php\",\"attendance_report.php\",\"profile.php\"]', 1, '2026-02-05 12:13:03', '2026-02-10 10:55:25'),
(8, 'Assma abd El Maguid', '$2y$10$4INKm6cnF72510ljMdHVneqqbtCZ6XAgomNMD2OQx6ef/z.qYd4Hy', 'teacher', 6, NULL, '[\"doctor.php\",\"attendance.php\",\"evaluation.php\",\"hours_report.php\",\"hours_report_detail.php\",\"evaluation_reports.php\",\"attendance_report.php\",\"profile.php\"]', 1, '2026-02-05 12:14:06', '2026-02-10 10:55:21'),
(9, 'Reem', '$2y$10$3NfunhMseaD/f9AxaobPQ.5TahaYqTHIxKdC8fKBrVSqSYIjmj3ia', 'teacher', 8, NULL, '[\"doctor.php\",\"attendance.php\",\"evaluation.php\",\"hours_report.php\",\"hours_report_detail.php\",\"evaluation_reports.php\",\"attendance_report.php\",\"profile.php\"]', 1, '2026-02-05 12:14:54', '2026-02-10 10:54:55'),
(10, 'Assma El Sharif', '$2y$10$O00VO0IghvMV/hwRJJOeT.f/EYAPQsbqTvGsgUYOAhRwx64agXtre', 'teacher', 2, NULL, '[\"index.php\",\"doctor.php\",\"attendance.php\",\"evaluation.php\",\"hours_report.php\",\"hours_report_detail.php\",\"evaluation_reports.php\",\"attendance_report.php\",\"profile.php\"]', 1, '2026-02-05 14:59:57', '2026-02-10 10:54:51'),
(11, 'Mutasim', '$2y$10$/MBOctZ8ykSmc8.xWrSdq.TEJ0FDfe0copQN6Pnvwo881BPmqYL5W', 'teacher', 12, NULL, '[\"doctor.php\",\"attendance.php\",\"evaluation.php\",\"hours_report.php\",\"hours_report_detail.php\",\"evaluation_reports.php\",\"attendance_report.php\",\"profile.php\"]', 1, '2026-02-06 09:54:09', '2026-02-10 10:54:47');

-- ----------------------------------------
-- Table structure for `rooms`
-- ----------------------------------------

DROP TABLE IF EXISTS `rooms`;
CREATE TABLE `rooms` (
  `room_id` bigint(20) unsigned NOT NULL AUTO_INCREMENT,
  `floor_id` bigint(20) unsigned NOT NULL,
  `room_code` varchar(50) NOT NULL,
  `label` varchar(80) NOT NULL,
  `room_type` enum('room','lab') NOT NULL DEFAULT 'room',
  `is_active` tinyint(1) NOT NULL DEFAULT 1,
  `created_at` timestamp NOT NULL DEFAULT current_timestamp(),
  PRIMARY KEY (`room_id`),
  UNIQUE KEY `uq_rooms_code` (`room_code`),
  KEY `idx_rooms_floor` (`floor_id`),
  KEY `idx_rooms_active_floor` (`floor_id`,`is_active`),
  CONSTRAINT `fk_rooms_floor` FOREIGN KEY (`floor_id`) REFERENCES `floors` (`floor_id`) ON DELETE CASCADE ON UPDATE CASCADE
) ENGINE=InnoDB DEFAULT CHARSET=utf8mb4 COLLATE=utf8mb4_unicode_ci;


-- ----------------------------------------
-- Table structure for `schema_versions`
-- ----------------------------------------

DROP TABLE IF EXISTS `schema_versions`;
CREATE TABLE `schema_versions` (
  `schema_name` varchar(64) NOT NULL,
  `version` int(11) NOT NULL,
  `updated_at` timestamp NOT NULL DEFAULT current_timestamp() ON UPDATE current_timestamp(),
  PRIMARY KEY (`schema_name`)
) ENGINE=InnoDB DEFAULT CHARSET=utf8mb4 COLLATE=utf8mb4_general_ci;

-- Dumping data for `schema_versions`
INSERT INTO `schema_versions` (`schema_name`, `version`, `updated_at`) VALUES
('dmportal', 2, '2026-01-26 22:40:29');

-- ----------------------------------------
-- Table structure for `student_schedules`
-- ----------------------------------------

DROP TABLE IF EXISTS `student_schedules`;
CREATE TABLE `student_schedules` (
  `student_schedule_id` bigint(20) unsigned NOT NULL AUTO_INCREMENT,
  `student_id` bigint(20) unsigned NOT NULL,
  `schedule_id` bigint(20) unsigned NOT NULL,
  `assigned_by_admin_id` bigint(20) unsigned DEFAULT NULL,
  `assigned_at` timestamp NOT NULL DEFAULT current_timestamp(),
  PRIMARY KEY (`student_schedule_id`),
  UNIQUE KEY `uq_student_schedule` (`student_id`,`schedule_id`),
  KEY `idx_student` (`student_id`),
  KEY `idx_schedule` (`schedule_id`),
  KEY `idx_admin` (`assigned_by_admin_id`),
  CONSTRAINT `fk_student_schedule_admin` FOREIGN KEY (`assigned_by_admin_id`) REFERENCES `admins` (`admin_id`) ON DELETE SET NULL ON UPDATE CASCADE,
  CONSTRAINT `fk_student_schedule_schedule` FOREIGN KEY (`schedule_id`) REFERENCES `doctor_schedules` (`schedule_id`) ON UPDATE CASCADE,
  CONSTRAINT `fk_student_schedule_student` FOREIGN KEY (`student_id`) REFERENCES `students` (`student_id`) ON DELETE CASCADE ON UPDATE CASCADE
) ENGINE=InnoDB DEFAULT CHARSET=utf8mb4 COLLATE=utf8mb4_unicode_ci;


-- ----------------------------------------
-- Table structure for `students`
-- ----------------------------------------

DROP TABLE IF EXISTS `students`;
CREATE TABLE `students` (
  `student_id` bigint(20) unsigned NOT NULL AUTO_INCREMENT,
  `full_name` varchar(200) NOT NULL,
  `email` varchar(254) NOT NULL,
  `student_code` varchar(50) NOT NULL,
  `program` varchar(100) NOT NULL DEFAULT 'Digital Marketing',
  `year_level` tinyint(3) unsigned NOT NULL,
  `semester` tinyint(3) unsigned NOT NULL DEFAULT 0,
  `created_at` timestamp NOT NULL DEFAULT current_timestamp(),
  PRIMARY KEY (`student_id`),
  UNIQUE KEY `uq_students_email` (`email`),
  UNIQUE KEY `uq_students_student_code` (`student_code`),
  KEY `idx_students_program_year` (`program`,`year_level`)
) ENGINE=InnoDB AUTO_INCREMENT=43 DEFAULT CHARSET=utf8mb4 COLLATE=utf8mb4_unicode_ci;

-- Dumping data for `students`
INSERT INTO `students` (`student_id`, `full_name`, `email`, `student_code`, `program`, `year_level`, `semester`, `created_at`) VALUES
(1, 'Abd El Rahman Ahmed Mohamed Taha', 'abdelrahman.taha@ufe.edu.eg', 'MG25314', 'Digital Marketing', 1, 0, '2026-01-02 16:32:12'),
(2, 'Al Qasem Khaled Qasem', 'alqasem.qasem@ufe.edu.eg', 'MG25557', 'Digital Marketing', 1, 0, '2026-01-02 16:42:20'),
(3, 'Alia Mahmoud Mohamed El Meligy', 'alia.elmeligy@ufe.edu.eg', 'MG25141', 'Digital Marketing', 1, 0, '2026-01-02 16:44:02'),
(4, 'Aly Hesham Aly Ramadan', 'aly.hesham@ufe.edu.eg', 'MG24764', 'Digital Marketing', 1, 0, '2026-01-02 16:45:01'),
(5, 'Bilal Ahmed El Sayed State', 'bilal.state@ufe.edu.eg', 'MG25192', 'Digital Marketing', 1, 0, '2026-01-02 16:45:58'),
(6, 'Carol Wissam Salah Sadik', 'carol.sadik@ufe.edu.eg', 'MG25031', 'Digital Marketing', 1, 0, '2026-01-02 16:46:51'),
(7, 'Faris Shireen Mohamed Hassanin', 'faris.shireen@ufe.edu.eg', 'MG24448', 'Digital Marketing', 1, 0, '2026-01-02 16:48:01'),
(8, 'Hamza Mohamed Reda Abd El Fattah Ahmed Abd El Nasser', 'hamza.abdelnasser@ufe.edu.eg', 'MG25596', 'Digital Marketing', 1, 0, '2026-01-02 16:49:33'),
(9, 'Jamila Ossama Kamal Abd El Latif El Mahdy', 'jamila.elmahdy@ufe.edu.eg', 'MG25068', 'Digital Marketing', 1, 0, '2026-01-02 16:51:00'),
(10, 'Jana Eslam Mohamed', 'jana.eslammohamed@ufe.edu.eg', 'MG25446', 'Digital Marketing', 1, 0, '2026-01-02 16:51:56'),
(11, 'Jean Jeorge Eriane Mansour', 'jean.mansour@ufe.edu.eg', 'MG25149', 'Digital Marketing', 1, 0, '2026-01-02 17:00:26'),
(12, 'Jessy Osama Raafat Shoukry', 'jessy.shoukry@ufe.edu.eg', 'MG25518', 'Digital Marketing', 1, 0, '2026-01-02 17:01:21'),
(13, 'Laila Wael Mohamed Hussien', 'laila.hussien@ufe.edu.eg', 'MG24398', 'Digital Marketing', 1, 0, '2026-01-02 17:02:17'),
(14, 'Leen Ibrahim Mohamed Hussien Mahmoud', 'leen.mahmoud@ufe.edu.eg', 'MG25539', 'Digital Marketing', 1, 0, '2026-01-02 17:03:27'),
(15, 'Leila Ahmed Maher Mohamed El Guindy', 'leila.elguindy@ufe.edu.eg', 'AL24398', 'Digital Marketing', 1, 0, '2026-01-02 17:04:58'),
(16, 'Malika Hany Ahmed SaadAllah Sorour', 'malika.sorour@ufe.edu.eg', 'AL25180', 'Digital Marketing', 1, 0, '2026-01-02 17:06:26'),
(17, 'Mohamed Ahmed AbdAllah Eid', 'mohamed.abdallaheid@ufe.edu.eg', 'MG25559', 'Digital Marketing', 1, 0, '2026-01-02 17:07:29'),
(18, 'Nada Mostafa Abd El Monem El Kady', 'nada.elkady@ufe.edu.eg', 'MG25187', 'Digital Marketing', 1, 0, '2026-01-02 17:08:43'),
(19, 'Omar Ahmed Hanafy Kassab', 'omar.kassab@ufe.edu.eg', 'MG25056', 'Digital Marketing', 1, 0, '2026-01-02 17:09:44'),
(20, 'Omar Khaled AboEl Nasr Abd El monem', 'omar.khaled@ufe.edu.eg', 'MG24728', 'Digital Marketing', 1, 0, '2026-01-02 17:11:18'),
(21, 'Rita Samuel Raouf El Kommos', 'rita.elkommos@ufe.edu.eg', 'MG25061', 'Digital Marketing', 1, 0, '2026-01-02 17:25:29'),
(22, 'Roba Mahmoud Nasef Shaker', 'roba.shaker@ufe.edu.eg', 'MG25512', 'Digital Marketing', 1, 0, '2026-01-02 17:26:15'),
(23, 'Salma Khaled Mohamed Yousef', 'salma.khaled@ufe.edu.eg', 'MG24405', 'Digital Marketing', 1, 0, '2026-01-02 17:27:07'),
(24, 'Sarah Ashraf Mohamed Reda Shehata', 'sarah.shehata@ufe.edu.eg', 'MG25122', 'Digital Marketing', 1, 0, '2026-01-02 17:28:10'),
(25, 'Yasmine Habib Ibn Arabi', 'yasmine.ibnarabi@ufe.edu.eg', 'MG25577', 'Digital Marketing', 1, 0, '2026-01-02 17:28:55'),
(26, 'Yassin Ahmed El dardiry Mohamed', 'yassin.elsayed@ufe.edu.eg', 'GM24747-TR', 'Digital Marketing', 1, 0, '2026-01-02 17:30:46'),
(27, 'Youssef Ahmed El Sayed State', 'youssef.state@ufe.edu.eg', 'MG25189', 'Digital Marketing', 1, 0, '2026-01-02 17:37:05'),
(28, 'Youssef Raafat Mahrous Fahim', 'youssef.raafat@ufe.edu.eg', 'MG24753', 'Digital Marketing', 1, 0, '2026-01-02 17:38:06'),
(29, 'Yousuf Mohamed Aly Amin', 'youssuf.amin@ufe.edu.eg', 'MG25537', 'Digital Marketing', 1, 0, '2026-01-02 17:38:59'),
(30, 'Molly Raymond Abdelmalak', 'molly.raymond@ufe.edu.eg', 'MG24571', 'Digital Marketing', 2, 0, '2026-01-02 17:40:30'),
(31, 'Mohamed Galal Mohamed', 'mohamed.galal@ufe.edu.eg', 'MG24735', 'Digital Marketing', 2, 0, '2026-01-02 17:41:15'),
(33, 'Nada Amer Rafat Mabrouk', 'nada.amer@ufe.edu.eg', 'MG24385', 'Digital Marketing', 2, 0, '2026-01-02 17:43:43'),
(34, 'Lena Magdy Mohamed', 'lena.magdy@ufe.edu.eg', 'MG24647', 'Digital Marketing', 2, 0, '2026-01-02 17:44:28'),
(35, 'Mazen Mohamed Diab Mohammed', 'mazen.diab@ufe.edu.eg', 'MG24751', 'Digital Marketing', 2, 0, '2026-01-02 17:58:51'),
(36, 'Adham Ashraf', 'adham.ashraf@ufe.edu.eg', 'M24760', 'Digital Marketing', 2, 0, '2026-01-16 15:59:20'),
(38, 'Aly Amr AbdelRaof Sabaa', 'aly.amr@ufe.edu.eg', 'MG24458', 'Digital Marketing', 2, 0, '2026-01-16 16:00:18'),
(39, 'David Fakhry mahrous yakoub', 'david.fakhry@ufe.edu.eg', 'MG24773', 'Digital Marketing', 2, 0, '2026-01-16 16:00:49'),
(40, 'Habiba Essam Eldin Mohamed Abdelhamid', 'habiba.abdelhamid@ufe.edu.eg', 'MG24373', 'Digital Marketing', 2, 0, '2026-01-16 16:01:20'),
(41, 'Mai Tarek Ramadan Mohamed', 'mai.tarek@ufe.edu.eg', 'MG24287', 'Digital Marketing', 2, 0, '2026-01-16 16:01:54'),
(42, 'Marawan Gasser Mohamed Fahmy', 'marawan.gasser@ufe.edu.eg', 'MG24400', 'Digital Marketing', 2, 0, '2026-01-16 16:02:37');

-- ----------------------------------------
-- Table structure for `weeks`
-- ----------------------------------------

DROP TABLE IF EXISTS `weeks`;
CREATE TABLE `weeks` (
  `week_id` bigint(20) unsigned NOT NULL AUTO_INCREMENT,
  `label` varchar(50) NOT NULL,
  `start_date` date NOT NULL,
  `end_date` date DEFAULT NULL,
  `status` enum('active','closed') NOT NULL DEFAULT 'active',
  `created_at` timestamp NOT NULL DEFAULT current_timestamp(),
  `is_prep` tinyint(1) NOT NULL DEFAULT 0,
  PRIMARY KEY (`week_id`),
  UNIQUE KEY `uq_weeks_label` (`label`)
) ENGINE=InnoDB AUTO_INCREMENT=18 DEFAULT CHARSET=utf8mb4 COLLATE=utf8mb4_unicode_ci;

-- Dumping data for `weeks`
INSERT INTO `weeks` (`week_id`, `label`, `start_date`, `end_date`, `status`, `created_at`, `is_prep`) VALUES
(1, 'Week 1', '2026-01-04', '2025-12-31', 'closed', '2025-12-29 15:57:47', 0),
(2, 'Week 2', '2026-01-11', '2026-01-16', 'closed', '2026-01-11 10:55:34', 0),
(3, 'Week 3', '2026-01-18', '2026-02-04', 'closed', '2026-01-16 19:23:14', 0),
(4, 'Week 4', '2026-02-08', '2026-02-11', 'closed', '2026-02-04 17:46:29', 0),
(5, 'Week 5', '2026-02-15', '2026-02-18', 'active', '2026-02-11 19:37:49', 0);

SET FOREIGN_KEY_CHECKS=1;
